IQ-TREE version 3.0.0 for Linux x86 64-bit built Apr 15 2025
Developed by Bui Quang Minh, Thomas Wong, Nhan Ly-Trong, Huaiyan Ren
Contributed by Lam-Tung Nguyen, Dominik Schrempf, Chris Bielow,
Olga Chernomor, Michael Woodhams, Diep Thi Hoang, Heiko Schmidt

Host:    Hiroaki (AVX2, FMA3, 15 GB RAM)
Command: ../../iqtree3ForkBuild/build/iqtree3 -s Khalturin2022.WoGaps.recSR4.Subsampled.fasta -m MIX+MFP -mrate-twice 1 -B 1000 -bnni -alrt 1000 -T AUTO --redo
Seed:    660565 (Using SPRNG - Scalable Parallel Random Number Generator)
Time:    Tue Apr 15 13:00:36 2025
Kernel:  AVX+FMA - auto-detect threads (8 CPU cores detected)

Reading alignment file Khalturin2022.WoGaps.recSR4.Subsampled.fasta ... Fasta format detected
Reading fasta file: done in 0.000529314 secs using 17% CPU
Alignment most likely contains 4-state morphological data
Constructing alignment: done in 6.9053e-05 secs using 104.3% CPU
Alignment has 30 sequences with 50 columns, 43 distinct patterns
31 parsimony-informative, 9 singleton sites, 10 constant sites
     Gap/Ambiguity  Composition  p-value
Analyzing sequences: done in 0.00368418 secs using 439.9% CPU
   1  sym    0.00%    passed     95.30%
   2  cte    0.00%    passed     82.71%
   3  ne2    0.00%    passed     98.57%
   4  bmo    0.00%    passed     88.55%
   5  pfu    0.00%    passed     93.45%
   6  cgi    0.00%    passed     19.37%
   7  csp    0.00%    passed     94.82%
   8  lox    0.00%    passed     90.23%
   9  miz    0.00%    passed      9.75%
  10  bar    0.00%    passed     97.56%
  11  lmi    0.00%    passed      6.48%
  12  tca    0.00%    passed     79.33%
  13  nve    0.00%    passed     95.43%
  14  not    0.00%    passed     85.71%
  15  lan    0.00%    passed     84.18%
  16  lgi    0.00%    passed     68.21%
  17  mvi    0.00%    passed     98.67%
  18  lun    0.00%    passed     84.18%
  19  mgr    0.00%    passed     98.67%
  20  ped    0.00%    passed     84.18%
  21  flu    0.00%    passed     82.64%
  22  bne    0.00%    passed     20.99%
  23  nvi    0.00%    passed     73.56%
  24  dme    0.00%    passed     88.55%
  25  dbe    0.00%    passed     82.64%
  26  bst    0.00%    passed     93.12%
  27  dpu    0.00%    passed     29.10%
  28  obi    0.00%    passed     79.53%
  29  mme    0.00%    passed     25.10%
  30  pho    0.00%    passed     98.05%
****  TOTAL    0.00%  0 sequences failed composition chi2 test (p-value<5%; df=3)
NOTE: lun is identical to lan but kept for subsequent analysis
Checking for duplicate sequences: done in 0.00353304 secs using 547.2% CPU
--------------------------------------------------------------------
|                Optimizing Q-mixture model                        |
--------------------------------------------------------------------

MixtureFinder will also test models with unequal rates and/or frequencies. Make sure your data are multistate.

Creating fast initial parsimony tree by random order stepwise addition...
1.261 seconds, parsimony score: 165 (based on 40 sites)
WARNING: GTRX multistate model will estimate 5 substitution rates that might be overfitting!
WARNING: Please only use GTRX with very large data and always test for model fit!
Measuring multi-threading efficiency up to 8 CPU cores
Increase to 10 rounds for branch lengths
1443 trees examined
Threads: 1 / Time: 8.000 sec / Speedup: 1.000 / Efficiency: 100% / LogL: -893
Threads: 2 / Time: 8.688 sec / Speedup: 0.921 / Efficiency: 46% / LogL: -893
Determining AUTO threadcount: done in 16.6898 secs using 158.7% CPU
BEST NUMBER OF THREADS: 1

Perform fast likelihood tree search using GTRX+I+G model...
Estimate model parameters (epsilon = 5.000)
Perform nearest neighbor interchange...
Optimizing NNI: done in 0.0154169 secs using 102.8% CPU
Estimate model parameters (epsilon = 1.000)
1. Initial log-likelihood: -736.482
Optimal log-likelihood: -735.520
Rate parameters: 2.571 5.407 3.519 3.733 10.722 1.000
State frequencies: 0.456 0.080 0.164 0.299
Proportion of invariable sites: 0.074
Gamma shape alpha: 1.182
Parameters optimization took 1 rounds (0.010 sec)
Time for fast ML tree search: 0.057 seconds

NOTE: ModelFinder requires 0 MB RAM!
ModelFinder will test up to 88 MultiState models (sample size: 50 epsilon: 0.100) ...
 No. Model         -LnL         df  AIC          AICc         BIC
WARNING: GTRX multistate model will estimate 5 substitution rates that might be overfitting!
WARNING: Please only use GTRX with very large data and always test for model fit!
  1  GTRX+FQ       786.308      62  1696.615     9508.615     1815.161
WARNING: GTRX multistate model will estimate 5 substitution rates that might be overfitting!
WARNING: Please only use GTRX with very large data and always test for model fit!
  2  GTRX+FQ+I     769.099      63  1664.198     9728.198     1784.656
WARNING: GTRX multistate model will estimate 5 substitution rates that might be overfitting!
WARNING: Please only use GTRX with very large data and always test for model fit!
  3  GTRX+FQ+G4    753.911      63  1633.822     9697.822     1754.280
WARNING: GTRX multistate model will estimate 5 substitution rates that might be overfitting!
WARNING: Please only use GTRX with very large data and always test for model fit!
  4  GTRX+FQ+I+G4  753.817      64  1635.634     9955.634     1758.004
WARNING: GTRX multistate model will estimate 5 substitution rates that might be overfitting!
WARNING: Please only use GTRX with very large data and always test for model fit!
  5  GTRX+FQ+R2    755.055      64  1638.111     9958.111     1760.480
WARNING: GTRX multistate model will estimate 5 substitution rates that might be overfitting!
WARNING: Please only use GTRX with very large data and always test for model fit!
  6  GTRX+FQ+R3    754.120      66  1640.240     10484.240    1766.433
WARNING: GTRX multistate model will estimate 5 substitution rates that might be overfitting!
WARNING: Please only use GTRX with very large data and always test for model fit!
 14  GTRX+FQ+I+R2  754.499      65  1638.999     10218.999    1763.280
WARNING: GTRX multistate model will estimate 5 substitution rates that might be overfitting!
WARNING: Please only use GTRX with very large data and always test for model fit!
 15  GTRX+FQ+I+R3  753.782      67  1641.563     10753.563    1769.669
WARNING: GTRX multistate model will estimate 5 substitution rates that might be overfitting!
WARNING: Please only use GTRX with very large data and always test for model fit!
 25  GTRX+FO+G4    735.428      66  1602.856     10446.856    1729.049
WARNING: GTRX multistate model will estimate 5 substitution rates that might be overfitting!
WARNING: Please only use GTRX with very large data and always test for model fit!
 26  GTRX+FO+I+G4  735.415      67  1604.831     10716.831    1732.936
WARNING: GTRX multistate model will estimate 5 substitution rates that might be overfitting!
WARNING: Please only use GTRX with very large data and always test for model fit!
 27  GTRX+FO+R2    736.586      67  1607.171     10719.171    1735.277
WARNING: GTRX multistate model will estimate 5 substitution rates that might be overfitting!
WARNING: Please only use GTRX with very large data and always test for model fit!
 36  GTRX+FO+I+R2  736.071      68  1608.141     10992.141    1738.159
 47  MK+FQ+G4      780.468      58  1676.937     8520.937     1787.834
 48  MK+FQ+I+G4    780.433      59  1678.866     8758.866     1791.675
 49  MK+FQ+R2      780.755      59  1679.511     8759.511     1792.320
 58  MK+FQ+I+R2    780.171      60  1680.341     9000.341     1795.063
 69  MK+FO+G4      751.904      61  1625.808     9189.808     1742.442
 70  MK+FO+I+G4    751.863      62  1627.727     9439.727     1746.272
 71  MK+FO+R2      752.010      62  1628.020     9440.020     1746.566
 80  MK+FO+I+R2    751.393      63  1628.786     9692.786     1749.243
Akaike Information Criterion:           GTRX+FO+G4
Corrected Akaike Information Criterion: MK+FQ+G4
Bayesian Information Criterion:         GTRX+FO+G4
Best-fit model: GTRX+FO+G4 chosen according to BIC

All model information printed to Khalturin2022.WoGaps.recSR4.Subsampled.fasta.model.gz
CPU time for ModelFinder: 35.568 seconds (0h:0m:35s)
Wall-clock time for ModelFinder: 18.273 seconds (0h:0m:18s)

Model: GTRX+FO+G4; df: 66; loglike: -735.428; BIC score: 1729.049

Keep adding an additional class until there is no better BIC value

NOTE: MixtureFinder 2-class models requires 0 MB RAM!
ModelFinder will test up to 4 MultiState models (sample size: 50 epsilon: 0.100) ...
 No. Model         -LnL         df  AIC          AICc         BIC
WARNING: GTRX multistate model will estimate 5 substitution rates that might be overfitting!
WARNING: Please only use GTRX with very large data and always test for model fit!
WARNING: GTRX multistate model will estimate 5 substitution rates that might be overfitting!
WARNING: Please only use GTRX with very large data and always test for model fit!
  1  MIX{GTRX+FO,GTRX+FQ}+G4 712.474      72  1568.948     12080.948    1706.614
WARNING: GTRX multistate model will estimate 5 substitution rates that might be overfitting!
WARNING: Please only use GTRX with very large data and always test for model fit!
WARNING: GTRX multistate model will estimate 5 substitution rates that might be overfitting!
WARNING: Please only use GTRX with very large data and always test for model fit!
  2  MIX{GTRX+FO,GTRX+FO}+G4 706.996      75  1563.992     12963.992    1707.394
WARNING: GTRX multistate model will estimate 5 substitution rates that might be overfitting!
WARNING: Please only use GTRX with very large data and always test for model fit!
  3  MIX{GTRX+FO,MK+FQ}+G4 733.213      67  1600.426     10712.426    1728.532
WARNING: GTRX multistate model will estimate 5 substitution rates that might be overfitting!
WARNING: Please only use GTRX with very large data and always test for model fit!
  4  MIX{GTRX+FO,MK+FO}+G4 711.984      70  1563.968     11503.968    1697.809
Best-fit model: MIX{GTRX+FO,MK+FO}+G4 chosen according to BIC

All model information printed to Khalturin2022.WoGaps.recSR4.Subsampled.fasta.model.gz
CPU time for MixtureFinder 2-class models: 0.829 seconds (0h:0m:0s)
Wall-clock time for MixtureFinder 2-class models: 0.818 seconds (0h:0m:0s)

Model: MIX{GTRX+FO,MK+FO}+G4; df: 70; loglike: -711.984; BIC score: 1697.809;

NOTE: MixtureFinder 3-class models requires 0 MB RAM!
ModelFinder will test up to 4 MultiState models (sample size: 50 epsilon: 0.100) ...
 No. Model         -LnL         df  AIC          AICc         BIC
WARNING: GTRX multistate model will estimate 5 substitution rates that might be overfitting!
WARNING: Please only use GTRX with very large data and always test for model fit!
WARNING: GTRX multistate model will estimate 5 substitution rates that might be overfitting!
WARNING: Please only use GTRX with very large data and always test for model fit!
  1  MIX{GTRX+FO,MK+FO,GTRX+FQ}+G4 706.404      76  1564.807     13268.807    1710.121
WARNING: GTRX multistate model will estimate 5 substitution rates that might be overfitting!
WARNING: Please only use GTRX with very large data and always test for model fit!
WARNING: GTRX multistate model will estimate 5 substitution rates that might be overfitting!
WARNING: Please only use GTRX with very large data and always test for model fit!
  2  MIX{GTRX+FO,MK+FO,GTRX+FO}+G4 705.305      79  1568.609     14208.609    1719.659
WARNING: GTRX multistate model will estimate 5 substitution rates that might be overfitting!
WARNING: Please only use GTRX with very large data and always test for model fit!
  3  MIX{GTRX+FO,MK+FO,MK+FQ}+G4 711.554      71  1565.107     11789.107    1700.861
WARNING: GTRX multistate model will estimate 5 substitution rates that might be overfitting!
WARNING: Please only use GTRX with very large data and always test for model fit!
  4  MIX{GTRX+FO,MK+FO,MK+FO}+G4 710.395      74  1568.790     12668.790    1710.280
Best-fit model: MIX{GTRX+FO,MK+FO,MK+FQ}+G4 chosen according to BIC

All model information printed to Khalturin2022.WoGaps.recSR4.Subsampled.fasta.model.gz
CPU time for MixtureFinder 3-class models: 1.448 seconds (0h:0m:1s)
Wall-clock time for MixtureFinder 3-class models: 1.413 seconds (0h:0m:1s)

Model: MIX{GTRX+FO,MK+FO,MK+FQ}+G4; df: 71; loglike: -711.554; BIC score: 1700.861;

NOTE: MixtureFinder 2-class models requires 0 MB RAM!
ModelFinder will test up to 22 MultiState models (sample size: 50 epsilon: 0.100) ...
 No. Model         -LnL         df  AIC          AICc         BIC
WARNING: GTRX multistate model will estimate 5 substitution rates that might be overfitting!
WARNING: Please only use GTRX with very large data and always test for model fit!
  1  MIX{GTRX+FO,MK+FO} 730.936      69  1599.871     11259.871    1731.801
WARNING: GTRX multistate model will estimate 5 substitution rates that might be overfitting!
WARNING: Please only use GTRX with very large data and always test for model fit!
  2  MIX{GTRX+FO,MK+FO}+I 722.653      70  1585.306     11525.306    1719.147
WARNING: GTRX multistate model will estimate 5 substitution rates that might be overfitting!
WARNING: Please only use GTRX with very large data and always test for model fit!
  3  MIX{GTRX+FO,MK+FO}+G4 711.984      70  1563.968     11503.968    1697.809
WARNING: GTRX multistate model will estimate 5 substitution rates that might be overfitting!
WARNING: Please only use GTRX with very large data and always test for model fit!
  4  MIX{GTRX+FO,MK+FO}+I+G4 712.041      71  1566.082     11790.082    1701.835
WARNING: GTRX multistate model will estimate 5 substitution rates that might be overfitting!
WARNING: Please only use GTRX with very large data and always test for model fit!
  5  MIX{GTRX+FO,MK+FO}+R2 709.884      71  1561.768     11785.768    1697.522
WARNING: GTRX multistate model will estimate 5 substitution rates that might be overfitting!
WARNING: Please only use GTRX with very large data and always test for model fit!
  6  MIX{GTRX+FO,MK+FO}+R3 709.669      73  1565.337     12369.337    1704.915
WARNING: GTRX multistate model will estimate 5 substitution rates that might be overfitting!
WARNING: Please only use GTRX with very large data and always test for model fit!
 14  MIX{GTRX+FO,MK+FO}+I+R2 709.701      72  1563.401     12075.401    1701.067
WARNING: GTRX multistate model will estimate 5 substitution rates that might be overfitting!
WARNING: Please only use GTRX with very large data and always test for model fit!
 15  MIX{GTRX+FO,MK+FO}+I+R3 709.697      74  1567.394     12667.394    1708.884
Best-fit model: MIX{GTRX+FO,MK+FO}+R2 chosen according to BIC

All model information printed to Khalturin2022.WoGaps.recSR4.Subsampled.fasta.model.gz
CPU time for MixtureFinder 2-class models: 0.552 seconds (0h:0m:0s)
Wall-clock time for MixtureFinder 2-class models: 0.559 seconds (0h:0m:0s)
-------------------------------------------------------
  Best-fit Q-Mixture model: MIX{GTRX+FO,MK+FO}+R2
-------------------------------------------------------
Generating 1000 samples for ultrafast bootstrap (seed: 660565)...
WARNING: GTRX multistate model will estimate 5 substitution rates that might be overfitting!
WARNING: Please only use GTRX with very large data and always test for model fit!

NOTE: 0 MB RAM (0 GB) is required!
Estimate model parameters (epsilon = 0.100)
1. Initial log-likelihood: -716.451
2. Current log-likelihood: -713.840
3. Current log-likelihood: -713.583
Optimal log-likelihood: -713.468
Rate parameters: 0.000 1.812 3.929 3.437 58.376 1.000
State frequencies: 0.624 0.042 0.310 0.024
State frequencies: 0.303 0.116 0.045 0.536
Mixture weights: 0.416 0.584
Site proportion and rates:  (0.518,0.265) (0.482,1.791)
Parameters optimization took 3 rounds (0.042 sec)
Wrote distance file to... 
Computing ML distances based on estimated model parameters...
Calculating distance matrix: done in 0.00522841 secs using 100.6% CPU
Computing ML distances took 0.006814 sec (of wall-clock time) 0.005596 sec (of CPU time)
Setting up auxiliary I and S matrices: done in 5.6891e-05 secs using 103.7% CPU
Constructing RapidNJ tree: done in 0.000152601 secs using 103.5% CPU
Computing RapidNJ tree took 0.000831 sec (of wall-clock time) 0.000408 sec (of CPU time)
Log-likelihood of RapidNJ tree: -717.949
--------------------------------------------------------------------
|             INITIALIZING CANDIDATE TREE SET                      |
--------------------------------------------------------------------
Generating 98 parsimony trees... 0.175 second
Computing log-likelihood of 98 initial trees ... 0.090 seconds
Current best score: -713.468

Do NNI search on 20 best initial trees
Optimizing NNI: done in 0.0308323 secs using 104.2% CPU
Estimate model parameters (epsilon = 0.100)
BETTER TREE FOUND at iteration 1: -709.127
Optimizing NNI: done in 0.0323497 secs using 104.6% CPU
Estimate model parameters (epsilon = 0.100)
BETTER TREE FOUND at iteration 2: -704.618
Optimizing NNI: done in 0.0467868 secs using 104.6% CPU
Optimizing NNI: done in 0.026273 secs using 104.6% CPU
Optimizing NNI: done in 0.0417801 secs using 104.6% CPU
Optimizing NNI: done in 0.0420108 secs using 104.6% CPU
Optimizing NNI: done in 0.0394072 secs using 104.6% CPU
Estimate model parameters (epsilon = 0.100)
BETTER TREE FOUND at iteration 7: -701.791
Optimizing NNI: done in 0.0567744 secs using 104.6% CPU
Optimizing NNI: done in 0.0359642 secs using 77.12% CPU
Optimizing NNI: done in 0.027854 secs using 52.41% CPU
Iteration 10 / LogL: -712.170 / Time: 0h:0m:22s
Optimizing NNI: done in 0.0523953 secs using 92.68% CPU
Optimizing NNI: done in 0.0362542 secs using 104.6% CPU
Optimizing NNI: done in 0.0293075 secs using 104.5% CPU
Optimizing NNI: done in 0.0451227 secs using 104.6% CPU
Optimizing NNI: done in 0.0801966 secs using 79.75% CPU
Optimizing NNI: done in 0.045407 secs using 103.7% CPU
Optimizing NNI: done in 0.0682336 secs using 104.6% CPU
Optimizing NNI: done in 0.0531414 secs using 84.42% CPU
Optimizing NNI: done in 0.0317187 secs using 104.6% CPU
Optimizing NNI: done in 0.044766 secs using 104.6% CPU
Iteration 20 / LogL: -713.848 / Time: 0h:0m:22s
Finish initializing candidate tree set (20)
Current best tree score: -701.791 / CPU time: 1.324
Number of iterations: 20
--------------------------------------------------------------------
|               OPTIMIZING CANDIDATE TREE SET                      |
--------------------------------------------------------------------
Optimizing NNI: done in 0.0397392 secs using 104.6% CPU
Estimate model parameters (epsilon = 0.100)
BETTER TREE FOUND at iteration 21: -701.416
Optimizing NNI: done in 0.0487179 secs using 104.6% CPU
Optimizing NNI: done in 0.0482944 secs using 84.45% CPU
Estimate model parameters (epsilon = 0.100)
BETTER TREE FOUND at iteration 23: -700.523
Optimizing NNI: done in 0.0288329 secs using 66.08% CPU
Optimizing NNI: done in 0.0388358 secs using 104.6% CPU
Optimizing NNI: done in 0.0410609 secs using 78.77% CPU
Optimizing NNI: done in 0.0440695 secs using 104.6% CPU
Optimizing NNI: done in 0.047617 secs using 92.25% CPU
Optimizing NNI: done in 0.0448951 secs using 104.6% CPU
Optimizing NNI: done in 0.0488049 secs using 104.6% CPU
Iteration 30 / LogL: -700.943 / Time: 0h:0m:23s (0h:0m:6s left)
Optimizing NNI: done in 0.04962 secs using 104.6% CPU
Optimizing NNI: done in 0.0403331 secs using 104.6% CPU
Optimizing NNI: done in 0.0512572 secs using 104.6% CPU
UPDATE BEST LOG-LIKELIHOOD: -700.523
Optimizing NNI: done in 0.0429093 secs using 104.4% CPU
Optimizing NNI: done in 0.0755014 secs using 104.6% CPU
Optimizing NNI: done in 0.0380579 secs using 76.92% CPU
Optimizing NNI: done in 0.0371969 secs using 104.6% CPU
Optimizing NNI: done in 0.0415439 secs using 104.6% CPU
Optimizing NNI: done in 0.0309015 secs using 104.6% CPU
Optimizing NNI: done in 0.0396517 secs using 104.6% CPU
Iteration 40 / LogL: -700.523 / Time: 0h:0m:23s (0h:0m:5s left)
Optimizing NNI: done in 0.0481312 secs using 104.6% CPU
Optimizing NNI: done in 0.106916 secs using 104.6% CPU
Optimizing NNI: done in 0.0288842 secs using 104.6% CPU
Optimizing NNI: done in 0.0256236 secs using 104.6% CPU
Optimizing NNI: done in 0.0267364 secs using 104.6% CPU
Optimizing NNI: done in 0.0344094 secs using 104.6% CPU
Optimizing NNI: done in 0.0346563 secs using 104.6% CPU
Optimizing NNI: done in 0.053616 secs using 104.6% CPU
Optimizing NNI: done in 0.050944 secs using 104.6% CPU
Optimizing NNI: done in 0.0580403 secs using 104.6% CPU
Estimate model parameters (epsilon = 0.100)
BETTER TREE FOUND at iteration 50: -699.977
Iteration 50 / LogL: -699.977 / Time: 0h:0m:24s (0h:0m:6s left)
Optimizing NNI: done in 0.048704 secs using 104.6% CPU
BETTER TREE FOUND at iteration 51: -699.977
Optimizing NNI: done in 0.0325551 secs using 104.6% CPU
Optimizing NNI: done in 0.0308503 secs using 104.6% CPU
Optimizing NNI: done in 0.0255923 secs using 104.6% CPU
Optimizing NNI: done in 0.0313106 secs using 72% CPU
Optimizing NNI: done in 0.0288312 secs using 67.58% CPU
Optimizing NNI: done in 0.0226648 secs using 104.6% CPU
Optimizing NNI: done in 0.0303133 secs using 104.6% CPU
Optimizing NNI: done in 0.0432201 secs using 104.6% CPU
Optimizing NNI: done in 0.0461331 secs using 104.6% CPU
Iteration 60 / LogL: -700.083 / Time: 0h:0m:24s (0h:0m:5s left)
Optimizing NNI: done in 0.0405026 secs using 104.6% CPU
Optimizing NNI: done in 0.0308225 secs using 104.6% CPU
Optimizing NNI: done in 0.033212 secs using 104.6% CPU
Optimizing NNI: done in 0.0391486 secs using 104.6% CPU
Optimizing NNI: done in 0.0259615 secs using 104.6% CPU
Optimizing NNI: done in 0.030999 secs using 104.6% CPU
Optimizing NNI: done in 0.0759181 secs using 104.6% CPU
Optimizing NNI: done in 0.0361655 secs using 104.6% CPU
Optimizing NNI: done in 0.0319197 secs using 104.6% CPU
Optimizing NNI: done in 0.0430435 secs using 104.6% CPU
Iteration 70 / LogL: -700.884 / Time: 0h:0m:24s (0h:0m:4s left)
Optimizing NNI: done in 0.0390026 secs using 104.6% CPU
Optimizing NNI: done in 0.0331868 secs using 104.6% CPU
Optimizing NNI: done in 0.0541828 secs using 104.6% CPU
Optimizing NNI: done in 0.0181277 secs using 104.6% CPU
Optimizing NNI: done in 0.0308197 secs using 104.6% CPU
Optimizing NNI: done in 0.0324583 secs using 104.6% CPU
Optimizing NNI: done in 0.0245089 secs using 104.6% CPU
Optimizing NNI: done in 0.0232757 secs using 104.6% CPU
Optimizing NNI: done in 0.0276545 secs using 104.6% CPU
Optimizing NNI: done in 0.0502698 secs using 104.6% CPU
Iteration 80 / LogL: -700.140 / Time: 0h:0m:25s (0h:0m:3s left)
Optimizing NNI: done in 0.0272506 secs using 104.6% CPU
Optimizing NNI: done in 0.0433858 secs using 104.6% CPU
Optimizing NNI: done in 0.0331966 secs using 104.6% CPU
Optimizing NNI: done in 0.0378707 secs using 104.6% CPU
Optimizing NNI: done in 0.0280315 secs using 104.6% CPU
Optimizing NNI: done in 0.0271288 secs using 104.6% CPU
Optimizing NNI: done in 0.0303158 secs using 104.6% CPU
Optimizing NNI: done in 0.0320003 secs using 104.6% CPU
Optimizing NNI: done in 0.0487675 secs using 104.6% CPU
Optimizing NNI: done in 0.0269471 secs using 85.92% CPU
Iteration 90 / LogL: -699.977 / Time: 0h:0m:25s (0h:0m:3s left)
Optimizing NNI: done in 0.0364883 secs using 104.5% CPU
Optimizing NNI: done in 0.0270601 secs using 104.6% CPU
Optimizing NNI: done in 0.0572172 secs using 81.26% CPU
Optimizing NNI: done in 0.020796 secs using 98.88% CPU
Optimizing NNI: done in 0.0634525 secs using 98.92% CPU
Optimizing NNI: done in 0.0419755 secs using 98.92% CPU
Optimizing NNI: done in 0.0235645 secs using 98.92% CPU
Optimizing NNI: done in 0.0505959 secs using 98.92% CPU
Optimizing NNI: done in 0.0181268 secs using 98.92% CPU
Optimizing NNI: done in 0.0273134 secs using 98.93% CPU
Iteration 100 / LogL: -699.977 / Time: 0h:0m:26s (0h:0m:2s left)
Optimizing NNI: done in 0.0306546 secs using 98.92% CPU
Optimizing NNI: done in 0.026718 secs using 98.92% CPU
Optimizing NNI: done in 0.0341315 secs using 98.93% CPU
Optimizing NNI: done in 0.0215957 secs using 98.92% CPU
Optimizing NNI: done in 0.0370082 secs using 98.92% CPU
Optimizing NNI: done in 0.0171716 secs using 98.9% CPU
UPDATE BEST LOG-LIKELIHOOD: -699.977
Optimizing NNI: done in 0.0202274 secs using 98.92% CPU
Optimizing NNI: done in 0.0262201 secs using 98.92% CPU
UPDATE BEST LOG-LIKELIHOOD: -699.977
Optimizing NNI: done in 0.0216643 secs using 98.92% CPU
Optimizing NNI: done in 0.0161968 secs using 98.91% CPU
UPDATE BEST LOG-LIKELIHOOD: -699.977
Iteration 110 / LogL: -699.977 / Time: 0h:0m:26s (0h:0m:2s left)
Optimizing NNI: done in 0.029372 secs using 98.92% CPU
Optimizing NNI: done in 0.0347192 secs using 73% CPU
Optimizing NNI: done in 0.0375156 secs using 98.92% CPU
Optimizing NNI: done in 0.0323492 secs using 98.9% CPU
Optimizing NNI: done in 0.0447454 secs using 98.92% CPU
Optimizing NNI: done in 0.0341731 secs using 98.92% CPU
Optimizing NNI: done in 0.0332637 secs using 98.92% CPU
Optimizing NNI: done in 0.0275138 secs using 98.91% CPU
UPDATE BEST LOG-LIKELIHOOD: -699.977
Optimizing NNI: done in 0.0478345 secs using 79.16% CPU
Optimizing NNI: done in 0.0251074 secs using 57.18% CPU
Iteration 120 / LogL: -706.925 / Time: 0h:0m:26s (0h:0m:1s left)
Optimizing NNI: done in 0.0207344 secs using 98.8% CPU
Optimizing NNI: done in 0.0307864 secs using 98.91% CPU
UPDATE BEST LOG-LIKELIHOOD: -699.977
Optimizing NNI: done in 0.0359731 secs using 98.92% CPU
Optimizing NNI: done in 0.0334577 secs using 98.91% CPU
Optimizing NNI: done in 0.0259987 secs using 40.25% CPU
Optimizing NNI: done in 0.0291867 secs using 93.65% CPU
Optimizing NNI: done in 0.0324019 secs using 98.92% CPU
Optimizing NNI: done in 0.0309461 secs using 65.01% CPU
Optimizing NNI: done in 0.0426207 secs using 74.78% CPU
Optimizing NNI: done in 0.0198004 secs using 44.66% CPU
Iteration 130 / LogL: -699.977 / Time: 0h:0m:27s (0h:0m:0s left)
Optimizing NNI: done in 0.0398786 secs using 98.92% CPU
Optimizing NNI: done in 0.032942 secs using 98.92% CPU
Optimizing NNI: done in 0.0526754 secs using 98.92% CPU
Optimizing NNI: done in 0.0408169 secs using 75.04% CPU
Optimizing NNI: done in 0.0475139 secs using 98.9% CPU
Optimizing NNI: done in 0.0348927 secs using 98.92% CPU
Optimizing NNI: done in 0.0390636 secs using 98.92% CPU
Optimizing NNI: done in 0.0206149 secs using 98.91% CPU
Optimizing NNI: done in 0.0367019 secs using 71.57% CPU
Optimizing NNI: done in 0.0231839 secs using 98.91% CPU
Iteration 140 / LogL: -699.977 / Time: 0h:0m:27s (0h:0m:0s left)
Optimizing NNI: done in 0.0412882 secs using 98.93% CPU
Optimizing NNI: done in 0.0337989 secs using 98.91% CPU
Optimizing NNI: done in 0.0414592 secs using 98.92% CPU
Optimizing NNI: done in 0.0319886 secs using 98.92% CPU
Optimizing NNI: done in 0.0358746 secs using 98.93% CPU
Optimizing NNI: done in 0.0576703 secs using 82.06% CPU
Optimizing NNI: done in 0.0219509 secs using 97.96% CPU
Optimizing NNI: done in 0.0291524 secs using 98.92% CPU
Optimizing NNI: done in 0.0341538 secs using 98.39% CPU
Optimizing NNI: done in 0.031963 secs using 98.92% CPU
Iteration 150 / LogL: -701.506 / Time: 0h:0m:28s (0h:0m:0s left)
Optimizing NNI: done in 0.0527955 secs using 98.93% CPU
Optimizing NNI: done in 0.0331011 secs using 98.92% CPU
Refining ufboot trees with NNI 1 branch...
WARNING: GTRX multistate model will estimate 5 substitution rates that might be overfitting!
WARNING: Please only use GTRX with very large data and always test for model fit!
Optimizing NNI: done in 0.00530978 secs using 98.91% CPU
WARNING: GTRX multistate model will estimate 5 substitution rates that might be overfitting!
WARNING: Please only use GTRX with very large data and always test for model fit!
Optimizing NNI: done in 0.0035314 secs using 98.88% CPU
WARNING: GTRX multistate model will estimate 5 substitution rates that might be overfitting!
WARNING: Please only use GTRX with very large data and always test for model fit!
Optimizing NNI: done in 0.00277391 secs using 98.89% CPU
WARNING: GTRX multistate model will estimate 5 substitution rates that might be overfitting!
WARNING: Please only use GTRX with very large data and always test for model fit!
Optimizing NNI: done in 0.00163263 secs using 98.8% CPU
WARNING: GTRX multistate model will estimate 5 substitution rates that might be overfitting!
WARNING: Please only use GTRX with very large data and always test for model fit!
Optimizing NNI: done in 0.00302176 secs using 98.88% CPU
WARNING: GTRX multistate model will estimate 5 substitution rates that might be overfitting!
WARNING: Please only use GTRX with very large data and always test for model fit!
Optimizing NNI: done in 0.00386243 secs using 98.9% CPU
WARNING: GTRX multistate model will estimate 5 substitution rates that might be overfitting!
WARNING: Please only use GTRX with very large data and always test for model fit!
Optimizing NNI: done in 0.00354535 secs using 98.86% CPU
WARNING: GTRX multistate model will estimate 5 substitution rates that might be overfitting!
WARNING: Please only use GTRX with very large data and always test for model fit!
Optimizing NNI: done in 0.00226882 secs using 98.86% CPU
WARNING: GTRX multistate model will estimate 5 substitution rates that might be overfitting!
WARNING: Please only use GTRX with very large data and always test for model fit!
Optimizing NNI: done in 0.00315144 secs using 98.88% CPU
WARNING: GTRX multistate model will estimate 5 substitution rates that might be overfitting!
WARNING: Please only use GTRX with very large data and always test for model fit!
Optimizing NNI: done in 0.00265383 secs using 98.88% CPU
WARNING: GTRX multistate model will estimate 5 substitution rates that might be overfitting!
WARNING: Please only use GTRX with very large data and always test for model fit!
Optimizing NNI: done in 0.00813454 secs using 98.89% CPU
WARNING: GTRX multistate model will estimate 5 substitution rates that might be overfitting!
WARNING: Please only use GTRX with very large data and always test for model fit!
Optimizing NNI: done in 0.0047492 secs using 98.9% CPU
WARNING: GTRX multistate model will estimate 5 substitution rates that might be overfitting!
WARNING: Please only use GTRX with very large data and always test for model fit!
Optimizing NNI: done in 0.00232482 secs using 98.85% CPU
WARNING: GTRX multistate model will estimate 5 substitution rates that might be overfitting!
WARNING: Please only use GTRX with very large data and always test for model fit!
Optimizing NNI: done in 0.00267415 secs using 98.72% CPU
WARNING: GTRX multistate model will estimate 5 substitution rates that might be overfitting!
WARNING: Please only use GTRX with very large data and always test for model fit!
Optimizing NNI: done in 0.00427595 secs using 98.88% CPU
WARNING: GTRX multistate model will estimate 5 substitution rates that might be overfitting!
WARNING: Please only use GTRX with very large data and always test for model fit!
Optimizing NNI: done in 0.0031474 secs using 98.88% CPU
WARNING: GTRX multistate model will estimate 5 substitution rates that might be overfitting!
WARNING: Please only use GTRX with very large data and always test for model fit!
Optimizing NNI: done in 0.00513593 secs using 98.87% CPU
WARNING: GTRX multistate model will estimate 5 substitution rates that might be overfitting!
WARNING: Please only use GTRX with very large data and always test for model fit!
Optimizing NNI: done in 0.00298426 secs using 98.85% CPU
WARNING: GTRX multistate model will estimate 5 substitution rates that might be overfitting!
WARNING: Please only use GTRX with very large data and always test for model fit!
Optimizing NNI: done in 0.0024262 secs
WARNING: GTRX multistate model will estimate 5 substitution rates that might be overfitting!
WARNING: Please only use GTRX with very large data and always test for model fit!
Optimizing NNI: done in 0.00302368 secs using 94.69% CPU
WARNING: GTRX multistate model will estimate 5 substitution rates that might be overfitting!
WARNING: Please only use GTRX with very large data and always test for model fit!
Optimizing NNI: done in 0.00236919 secs using 98.85% CPU
WARNING: GTRX multistate model will estimate 5 substitution rates that might be overfitting!
WARNING: Please only use GTRX with very large data and always test for model fit!
Optimizing NNI: done in 0.00643125 secs using 98.22% CPU
WARNING: GTRX multistate model will estimate 5 substitution rates that might be overfitting!
WARNING: Please only use GTRX with very large data and always test for model fit!
Optimizing NNI: done in 0.0023048 secs using 98.88% CPU
WARNING: GTRX multistate model will estimate 5 substitution rates that might be overfitting!
WARNING: Please only use GTRX with very large data and always test for model fit!
Optimizing NNI: done in 0.00276421 secs using 98.8% CPU
WARNING: GTRX multistate model will estimate 5 substitution rates that might be overfitting!
WARNING: Please only use GTRX with very large data and always test for model fit!
Optimizing NNI: done in 0.00417659 secs using 53.27% CPU
WARNING: GTRX multistate model will estimate 5 substitution rates that might be overfitting!
WARNING: Please only use GTRX with very large data and always test for model fit!
Optimizing NNI: done in 0.00510126 secs using 23.27% CPU
WARNING: GTRX multistate model will estimate 5 substitution rates that might be overfitting!
WARNING: Please only use GTRX with very large data and always test for model fit!
Optimizing NNI: done in 0.00347772 secs using 98.83% CPU
WARNING: GTRX multistate model will estimate 5 substitution rates that might be overfitting!
WARNING: Please only use GTRX with very large data and always test for model fit!
Optimizing NNI: done in 0.00327466 secs using 98.82% CPU
WARNING: GTRX multistate model will estimate 5 substitution rates that might be overfitting!
WARNING: Please only use GTRX with very large data and always test for model fit!
Optimizing NNI: done in 0.00614651 secs using 98.9% CPU
WARNING: GTRX multistate model will estimate 5 substitution rates that might be overfitting!
WARNING: Please only use GTRX with very large data and always test for model fit!
Optimizing NNI: done in 0.00250464 secs using 98.9% CPU
WARNING: GTRX multistate model will estimate 5 substitution rates that might be overfitting!
WARNING: Please only use GTRX with very large data and always test for model fit!
Optimizing NNI: done in 0.00428636 secs using 98.8% CPU
WARNING: GTRX multistate model will estimate 5 substitution rates that might be overfitting!
WARNING: Please only use GTRX with very large data and always test for model fit!
Optimizing NNI: done in 0.00278382 secs using 98.89% CPU
WARNING: GTRX multistate model will estimate 5 substitution rates that might be overfitting!
WARNING: Please only use GTRX with very large data and always test for model fit!
Optimizing NNI: done in 0.00472787 secs using 98.88% CPU
WARNING: GTRX multistate model will estimate 5 substitution rates that might be overfitting!
WARNING: Please only use GTRX with very large data and always test for model fit!
Optimizing NNI: done in 0.00564769 secs using 98.91% CPU
WARNING: GTRX multistate model will estimate 5 substitution rates that might be overfitting!
WARNING: Please only use GTRX with very large data and always test for model fit!
Optimizing NNI: done in 0.0034189 secs using 98.83% CPU
WARNING: GTRX multistate model will estimate 5 substitution rates that might be overfitting!
WARNING: Please only use GTRX with very large data and always test for model fit!
Optimizing NNI: done in 0.00903728 secs
WARNING: GTRX multistate model will estimate 5 substitution rates that might be overfitting!
WARNING: Please only use GTRX with very large data and always test for model fit!
Optimizing NNI: done in 0.00944321 secs using 97.87% CPU
WARNING: GTRX multistate model will estimate 5 substitution rates that might be overfitting!
WARNING: Please only use GTRX with very large data and always test for model fit!
Optimizing NNI: done in 0.00628024 secs using 98.85% CPU
WARNING: GTRX multistate model will estimate 5 substitution rates that might be overfitting!
WARNING: Please only use GTRX with very large data and always test for model fit!
Optimizing NNI: done in 0.00718349 secs using 96.92% CPU
WARNING: GTRX multistate model will estimate 5 substitution rates that might be overfitting!
WARNING: Please only use GTRX with very large data and always test for model fit!
Optimizing NNI: done in 0.00378976 secs using 98.85% CPU
WARNING: GTRX multistate model will estimate 5 substitution rates that might be overfitting!
WARNING: Please only use GTRX with very large data and always test for model fit!
Optimizing NNI: done in 0.00149971 secs using 98.75% CPU
WARNING: GTRX multistate model will estimate 5 substitution rates that might be overfitting!
WARNING: Please only use GTRX with very large data and always test for model fit!
Optimizing NNI: done in 0.00211164 secs using 98.79% CPU
WARNING: GTRX multistate model will estimate 5 substitution rates that might be overfitting!
WARNING: Please only use GTRX with very large data and always test for model fit!
Optimizing NNI: done in 0.00501433 secs using 97.06% CPU
WARNING: GTRX multistate model will estimate 5 substitution rates that might be overfitting!
WARNING: Please only use GTRX with very large data and always test for model fit!
Optimizing NNI: done in 0.00907094 secs using 98.88% CPU
WARNING: GTRX multistate model will estimate 5 substitution rates that might be overfitting!
WARNING: Please only use GTRX with very large data and always test for model fit!
Optimizing NNI: done in 0.00492882 secs using 98.83% CPU
WARNING: GTRX multistate model will estimate 5 substitution rates that might be overfitting!
WARNING: Please only use GTRX with very large data and always test for model fit!
Optimizing NNI: done in 0.00347287 secs using 98.91% CPU
WARNING: GTRX multistate model will estimate 5 substitution rates that might be overfitting!
WARNING: Please only use GTRX with very large data and always test for model fit!
Optimizing NNI: done in 0.0017983 secs using 98.82% CPU
WARNING: GTRX multistate model will estimate 5 substitution rates that might be overfitting!
WARNING: Please only use GTRX with very large data and always test for model fit!
Optimizing NNI: done in 0.00517727 secs using 98.89% CPU
WARNING: GTRX multistate model will estimate 5 substitution rates that might be overfitting!
WARNING: Please only use GTRX with very large data and always test for model fit!
Optimizing NNI: done in 0.00318328 secs using 98.89% CPU
WARNING: GTRX multistate model will estimate 5 substitution rates that might be overfitting!
WARNING: Please only use GTRX with very large data and always test for model fit!
Optimizing NNI: done in 0.00291734 secs using 97.86% CPU
WARNING: GTRX multistate model will estimate 5 substitution rates that might be overfitting!
WARNING: Please only use GTRX with very large data and always test for model fit!
Optimizing NNI: done in 0.00534546 secs using 98.91% CPU
WARNING: GTRX multistate model will estimate 5 substitution rates that might be overfitting!
WARNING: Please only use GTRX with very large data and always test for model fit!
Optimizing NNI: done in 0.00390205 secs
WARNING: GTRX multistate model will estimate 5 substitution rates that might be overfitting!
WARNING: Please only use GTRX with very large data and always test for model fit!
Optimizing NNI: done in 0.00240679 secs using 94.61% CPU
WARNING: GTRX multistate model will estimate 5 substitution rates that might be overfitting!
WARNING: Please only use GTRX with very large data and always test for model fit!
Optimizing NNI: done in 0.00275632 secs using 94.62% CPU
WARNING: GTRX multistate model will estimate 5 substitution rates that might be overfitting!
WARNING: Please only use GTRX with very large data and always test for model fit!
Optimizing NNI: done in 0.00763541 secs using 98.92% CPU
WARNING: GTRX multistate model will estimate 5 substitution rates that might be overfitting!
WARNING: Please only use GTRX with very large data and always test for model fit!
Optimizing NNI: done in 0.00295535 secs using 98.91% CPU
WARNING: GTRX multistate model will estimate 5 substitution rates that might be overfitting!
WARNING: Please only use GTRX with very large data and always test for model fit!
Optimizing NNI: done in 0.00200864 secs using 98.08% CPU
WARNING: GTRX multistate model will estimate 5 substitution rates that might be overfitting!
WARNING: Please only use GTRX with very large data and always test for model fit!
Optimizing NNI: done in 0.00265838 secs using 98.86% CPU
WARNING: GTRX multistate model will estimate 5 substitution rates that might be overfitting!
WARNING: Please only use GTRX with very large data and always test for model fit!
Optimizing NNI: done in 0.00491547 secs using 98.63% CPU
WARNING: GTRX multistate model will estimate 5 substitution rates that might be overfitting!
WARNING: Please only use GTRX with very large data and always test for model fit!
Optimizing NNI: done in 0.0059393 secs using 98.88% CPU
WARNING: GTRX multistate model will estimate 5 substitution rates that might be overfitting!
WARNING: Please only use GTRX with very large data and always test for model fit!
Optimizing NNI: done in 0.00475759 secs using 96.2% CPU
WARNING: GTRX multistate model will estimate 5 substitution rates that might be overfitting!
WARNING: Please only use GTRX with very large data and always test for model fit!
Optimizing NNI: done in 0.00218957 secs using 98.74% CPU
WARNING: GTRX multistate model will estimate 5 substitution rates that might be overfitting!
WARNING: Please only use GTRX with very large data and always test for model fit!
Optimizing NNI: done in 0.00163162 secs using 94.63% CPU
WARNING: GTRX multistate model will estimate 5 substitution rates that might be overfitting!
WARNING: Please only use GTRX with very large data and always test for model fit!
Optimizing NNI: done in 0.0034094 secs using 98.82% CPU
WARNING: GTRX multistate model will estimate 5 substitution rates that might be overfitting!
WARNING: Please only use GTRX with very large data and always test for model fit!
Optimizing NNI: done in 0.00240608 secs using 98.87% CPU
WARNING: GTRX multistate model will estimate 5 substitution rates that might be overfitting!
WARNING: Please only use GTRX with very large data and always test for model fit!
Optimizing NNI: done in 0.00256438 secs using 98.82% CPU
WARNING: GTRX multistate model will estimate 5 substitution rates that might be overfitting!
WARNING: Please only use GTRX with very large data and always test for model fit!
Optimizing NNI: done in 0.00232482 secs using 98.85% CPU
WARNING: GTRX multistate model will estimate 5 substitution rates that might be overfitting!
WARNING: Please only use GTRX with very large data and always test for model fit!
Optimizing NNI: done in 0.00163051 secs using 98.8% CPU
WARNING: GTRX multistate model will estimate 5 substitution rates that might be overfitting!
WARNING: Please only use GTRX with very large data and always test for model fit!
Optimizing NNI: done in 0.0025199 secs using 98.89% CPU
WARNING: GTRX multistate model will estimate 5 substitution rates that might be overfitting!
WARNING: Please only use GTRX with very large data and always test for model fit!
Optimizing NNI: done in 0.00300336 secs using 98.86% CPU
WARNING: GTRX multistate model will estimate 5 substitution rates that might be overfitting!
WARNING: Please only use GTRX with very large data and always test for model fit!
Optimizing NNI: done in 0.00239416 secs using 98.91% CPU
WARNING: GTRX multistate model will estimate 5 substitution rates that might be overfitting!
WARNING: Please only use GTRX with very large data and always test for model fit!
Optimizing NNI: done in 0.00148758 secs using 98.75% CPU
WARNING: GTRX multistate model will estimate 5 substitution rates that might be overfitting!
WARNING: Please only use GTRX with very large data and always test for model fit!
Optimizing NNI: done in 0.00251707 secs using 98.88% CPU
WARNING: GTRX multistate model will estimate 5 substitution rates that might be overfitting!
WARNING: Please only use GTRX with very large data and always test for model fit!
Optimizing NNI: done in 0.00554247 secs using 98.89% CPU
WARNING: GTRX multistate model will estimate 5 substitution rates that might be overfitting!
WARNING: Please only use GTRX with very large data and always test for model fit!
Optimizing NNI: done in 0.00730296 secs using 98.89% CPU
WARNING: GTRX multistate model will estimate 5 substitution rates that might be overfitting!
WARNING: Please only use GTRX with very large data and always test for model fit!
Optimizing NNI: done in 0.00411169 secs using 98.86% CPU
WARNING: GTRX multistate model will estimate 5 substitution rates that might be overfitting!
WARNING: Please only use GTRX with very large data and always test for model fit!
Optimizing NNI: done in 0.00256569 secs using 98.84% CPU
WARNING: GTRX multistate model will estimate 5 substitution rates that might be overfitting!
WARNING: Please only use GTRX with very large data and always test for model fit!
Optimizing NNI: done in 0.003878 secs using 98.89% CPU
WARNING: GTRX multistate model will estimate 5 substitution rates that might be overfitting!
WARNING: Please only use GTRX with very large data and always test for model fit!
Optimizing NNI: done in 0.00286165 secs using 98.86% CPU
WARNING: GTRX multistate model will estimate 5 substitution rates that might be overfitting!
WARNING: Please only use GTRX with very large data and always test for model fit!
Optimizing NNI: done in 0.00260986 secs using 98.82% CPU
WARNING: GTRX multistate model will estimate 5 substitution rates that might be overfitting!
WARNING: Please only use GTRX with very large data and always test for model fit!
Optimizing NNI: done in 0.00235221 secs
WARNING: GTRX multistate model will estimate 5 substitution rates that might be overfitting!
WARNING: Please only use GTRX with very large data and always test for model fit!
Optimizing NNI: done in 0.0036907 secs using 94.64% CPU
WARNING: GTRX multistate model will estimate 5 substitution rates that might be overfitting!
WARNING: Please only use GTRX with very large data and always test for model fit!
Optimizing NNI: done in 0.00595244 secs using 98.5% CPU
WARNING: GTRX multistate model will estimate 5 substitution rates that might be overfitting!
WARNING: Please only use GTRX with very large data and always test for model fit!
Optimizing NNI: done in 0.00443393 secs using 98.87% CPU
WARNING: GTRX multistate model will estimate 5 substitution rates that might be overfitting!
WARNING: Please only use GTRX with very large data and always test for model fit!
Optimizing NNI: done in 0.00467723 secs using 98.88% CPU
WARNING: GTRX multistate model will estimate 5 substitution rates that might be overfitting!
WARNING: Please only use GTRX with very large data and always test for model fit!
Optimizing NNI: done in 0.00213509 secs using 98.78% CPU
WARNING: GTRX multistate model will estimate 5 substitution rates that might be overfitting!
WARNING: Please only use GTRX with very large data and always test for model fit!
Optimizing NNI: done in 0.0025951 secs using 98.84% CPU
WARNING: GTRX multistate model will estimate 5 substitution rates that might be overfitting!
WARNING: Please only use GTRX with very large data and always test for model fit!
Optimizing NNI: done in 0.00207242 secs using 98.82% CPU
WARNING: GTRX multistate model will estimate 5 substitution rates that might be overfitting!
WARNING: Please only use GTRX with very large data and always test for model fit!
Optimizing NNI: done in 0.00860102 secs using 98.91% CPU
WARNING: GTRX multistate model will estimate 5 substitution rates that might be overfitting!
WARNING: Please only use GTRX with very large data and always test for model fit!
Optimizing NNI: done in 0.00677513 secs using 98.89% CPU
WARNING: GTRX multistate model will estimate 5 substitution rates that might be overfitting!
WARNING: Please only use GTRX with very large data and always test for model fit!
Optimizing NNI: done in 0.00209618 secs using 98.85% CPU
WARNING: GTRX multistate model will estimate 5 substitution rates that might be overfitting!
WARNING: Please only use GTRX with very large data and always test for model fit!
Optimizing NNI: done in 0.00631279 secs using 98.89% CPU
WARNING: GTRX multistate model will estimate 5 substitution rates that might be overfitting!
WARNING: Please only use GTRX with very large data and always test for model fit!
Optimizing NNI: done in 0.00346226 secs using 98.81% CPU
WARNING: GTRX multistate model will estimate 5 substitution rates that might be overfitting!
WARNING: Please only use GTRX with very large data and always test for model fit!
Optimizing NNI: done in 0.00687479 secs using 98.9% CPU
WARNING: GTRX multistate model will estimate 5 substitution rates that might be overfitting!
WARNING: Please only use GTRX with very large data and always test for model fit!
Optimizing NNI: done in 0.00383221 secs using 98.85% CPU
WARNING: GTRX multistate model will estimate 5 substitution rates that might be overfitting!
WARNING: Please only use GTRX with very large data and always test for model fit!
Optimizing NNI: done in 0.00473778 secs using 98.89% CPU
WARNING: GTRX multistate model will estimate 5 substitution rates that might be overfitting!
WARNING: Please only use GTRX with very large data and always test for model fit!
Optimizing NNI: done in 0.00744599 secs using 98.89% CPU
WARNING: GTRX multistate model will estimate 5 substitution rates that might be overfitting!
WARNING: Please only use GTRX with very large data and always test for model fit!
Optimizing NNI: done in 0.00316529 secs using 98.85% CPU
WARNING: GTRX multistate model will estimate 5 substitution rates that might be overfitting!
WARNING: Please only use GTRX with very large data and always test for model fit!
Optimizing NNI: done in 0.00153074 secs using 98.84% CPU
WARNING: GTRX multistate model will estimate 5 substitution rates that might be overfitting!
WARNING: Please only use GTRX with very large data and always test for model fit!
Optimizing NNI: done in 0.00292502 secs using 98.87% CPU
100 samples done
WARNING: GTRX multistate model will estimate 5 substitution rates that might be overfitting!
WARNING: Please only use GTRX with very large data and always test for model fit!
Optimizing NNI: done in 0.00344164 secs using 98.88% CPU
WARNING: GTRX multistate model will estimate 5 substitution rates that might be overfitting!
WARNING: Please only use GTRX with very large data and always test for model fit!
Optimizing NNI: done in 0.00383534 secs
WARNING: GTRX multistate model will estimate 5 substitution rates that might be overfitting!
WARNING: Please only use GTRX with very large data and always test for model fit!
Optimizing NNI: done in 0.00356405 secs
WARNING: GTRX multistate model will estimate 5 substitution rates that might be overfitting!
WARNING: Please only use GTRX with very large data and always test for model fit!
Optimizing NNI: done in 0.00525722 secs using 25.22% CPU
WARNING: GTRX multistate model will estimate 5 substitution rates that might be overfitting!
WARNING: Please only use GTRX with very large data and always test for model fit!
Optimizing NNI: done in 0.00473515 secs using 97.97% CPU
WARNING: GTRX multistate model will estimate 5 substitution rates that might be overfitting!
WARNING: Please only use GTRX with very large data and always test for model fit!
Optimizing NNI: done in 0.00259237 secs using 98.87% CPU
WARNING: GTRX multistate model will estimate 5 substitution rates that might be overfitting!
WARNING: Please only use GTRX with very large data and always test for model fit!
Optimizing NNI: done in 0.00540075 secs using 98.86% CPU
WARNING: GTRX multistate model will estimate 5 substitution rates that might be overfitting!
WARNING: Please only use GTRX with very large data and always test for model fit!
Optimizing NNI: done in 0.0055085 secs using 98.9% CPU
WARNING: GTRX multistate model will estimate 5 substitution rates that might be overfitting!
WARNING: Please only use GTRX with very large data and always test for model fit!
Optimizing NNI: done in 0.00441392 secs using 98.89% CPU
WARNING: GTRX multistate model will estimate 5 substitution rates that might be overfitting!
WARNING: Please only use GTRX with very large data and always test for model fit!
Optimizing NNI: done in 0.00209021 secs using 98.7% CPU
WARNING: GTRX multistate model will estimate 5 substitution rates that might be overfitting!
WARNING: Please only use GTRX with very large data and always test for model fit!
Optimizing NNI: done in 0.00388659 secs using 98.88% CPU
WARNING: GTRX multistate model will estimate 5 substitution rates that might be overfitting!
WARNING: Please only use GTRX with very large data and always test for model fit!
Optimizing NNI: done in 0.00294575 secs using 98.75% CPU
WARNING: GTRX multistate model will estimate 5 substitution rates that might be overfitting!
WARNING: Please only use GTRX with very large data and always test for model fit!
Optimizing NNI: done in 0.00288995 secs using 98.89% CPU
WARNING: GTRX multistate model will estimate 5 substitution rates that might be overfitting!
WARNING: Please only use GTRX with very large data and always test for model fit!
Optimizing NNI: done in 0.00349238 secs using 98.87% CPU
WARNING: GTRX multistate model will estimate 5 substitution rates that might be overfitting!
WARNING: Please only use GTRX with very large data and always test for model fit!
Optimizing NNI: done in 0.00391863 secs using 98.86% CPU
WARNING: GTRX multistate model will estimate 5 substitution rates that might be overfitting!
WARNING: Please only use GTRX with very large data and always test for model fit!
Optimizing NNI: done in 0.00244541 secs using 98.88% CPU
WARNING: GTRX multistate model will estimate 5 substitution rates that might be overfitting!
WARNING: Please only use GTRX with very large data and always test for model fit!
Optimizing NNI: done in 0.00446567 secs using 98.89% CPU
WARNING: GTRX multistate model will estimate 5 substitution rates that might be overfitting!
WARNING: Please only use GTRX with very large data and always test for model fit!
Optimizing NNI: done in 0.00297557 secs using 98.87% CPU
WARNING: GTRX multistate model will estimate 5 substitution rates that might be overfitting!
WARNING: Please only use GTRX with very large data and always test for model fit!
Optimizing NNI: done in 0.0064635 secs using 98.86% CPU
WARNING: GTRX multistate model will estimate 5 substitution rates that might be overfitting!
WARNING: Please only use GTRX with very large data and always test for model fit!
Optimizing NNI: done in 0.00743841 secs using 98.87% CPU
WARNING: GTRX multistate model will estimate 5 substitution rates that might be overfitting!
WARNING: Please only use GTRX with very large data and always test for model fit!
Optimizing NNI: done in 0.00290906 secs using 98.76% CPU
WARNING: GTRX multistate model will estimate 5 substitution rates that might be overfitting!
WARNING: Please only use GTRX with very large data and always test for model fit!
Optimizing NNI: done in 0.00276148 secs using 98.79% CPU
WARNING: GTRX multistate model will estimate 5 substitution rates that might be overfitting!
WARNING: Please only use GTRX with very large data and always test for model fit!
Optimizing NNI: done in 0.00905921 secs using 98.9% CPU
WARNING: GTRX multistate model will estimate 5 substitution rates that might be overfitting!
WARNING: Please only use GTRX with very large data and always test for model fit!
Optimizing NNI: done in 0.00405024 secs using 98.88% CPU
WARNING: GTRX multistate model will estimate 5 substitution rates that might be overfitting!
WARNING: Please only use GTRX with very large data and always test for model fit!
Optimizing NNI: done in 0.00196568 secs using 98.85% CPU
WARNING: GTRX multistate model will estimate 5 substitution rates that might be overfitting!
WARNING: Please only use GTRX with very large data and always test for model fit!
Optimizing NNI: done in 0.00396442 secs using 98.8% CPU
WARNING: GTRX multistate model will estimate 5 substitution rates that might be overfitting!
WARNING: Please only use GTRX with very large data and always test for model fit!
Optimizing NNI: done in 0.00252364 secs using 98.87% CPU
WARNING: GTRX multistate model will estimate 5 substitution rates that might be overfitting!
WARNING: Please only use GTRX with very large data and always test for model fit!
Optimizing NNI: done in 0.00547586 secs using 98.89% CPU
WARNING: GTRX multistate model will estimate 5 substitution rates that might be overfitting!
WARNING: Please only use GTRX with very large data and always test for model fit!
Optimizing NNI: done in 0.0023039 secs using 98.88% CPU
WARNING: GTRX multistate model will estimate 5 substitution rates that might be overfitting!
WARNING: Please only use GTRX with very large data and always test for model fit!
Optimizing NNI: done in 0.00397039 secs using 98.86% CPU
WARNING: GTRX multistate model will estimate 5 substitution rates that might be overfitting!
WARNING: Please only use GTRX with very large data and always test for model fit!
Optimizing NNI: done in 0.00135628 secs using 98.8% CPU
WARNING: GTRX multistate model will estimate 5 substitution rates that might be overfitting!
WARNING: Please only use GTRX with very large data and always test for model fit!
Optimizing NNI: done in 0.00575544 secs using 98.85% CPU
WARNING: GTRX multistate model will estimate 5 substitution rates that might be overfitting!
WARNING: Please only use GTRX with very large data and always test for model fit!
Optimizing NNI: done in 0.00161605 secs using 98.82% CPU
WARNING: GTRX multistate model will estimate 5 substitution rates that might be overfitting!
WARNING: Please only use GTRX with very large data and always test for model fit!
Optimizing NNI: done in 0.003644 secs using 98.46% CPU
WARNING: GTRX multistate model will estimate 5 substitution rates that might be overfitting!
WARNING: Please only use GTRX with very large data and always test for model fit!
Optimizing NNI: done in 0.00741081 secs using 98.9% CPU
WARNING: GTRX multistate model will estimate 5 substitution rates that might be overfitting!
WARNING: Please only use GTRX with very large data and always test for model fit!
Optimizing NNI: done in 0.00356607 secs using 98.68% CPU
WARNING: GTRX multistate model will estimate 5 substitution rates that might be overfitting!
WARNING: Please only use GTRX with very large data and always test for model fit!
Optimizing NNI: done in 0.00444778 secs using 98.84% CPU
WARNING: GTRX multistate model will estimate 5 substitution rates that might be overfitting!
WARNING: Please only use GTRX with very large data and always test for model fit!
Optimizing NNI: done in 0.00452379 secs using 98.86% CPU
WARNING: GTRX multistate model will estimate 5 substitution rates that might be overfitting!
WARNING: Please only use GTRX with very large data and always test for model fit!
Optimizing NNI: done in 0.00508104 secs using 59.85% CPU
WARNING: GTRX multistate model will estimate 5 substitution rates that might be overfitting!
WARNING: Please only use GTRX with very large data and always test for model fit!
Optimizing NNI: done in 0.0111419 secs using 98.41% CPU
WARNING: GTRX multistate model will estimate 5 substitution rates that might be overfitting!
WARNING: Please only use GTRX with very large data and always test for model fit!
Optimizing NNI: done in 0.004534 secs using 98.88% CPU
WARNING: GTRX multistate model will estimate 5 substitution rates that might be overfitting!
WARNING: Please only use GTRX with very large data and always test for model fit!
Optimizing NNI: done in 0.00783353 secs using 98.9% CPU
WARNING: GTRX multistate model will estimate 5 substitution rates that might be overfitting!
WARNING: Please only use GTRX with very large data and always test for model fit!
Optimizing NNI: done in 0.00354828 secs using 98.86% CPU
WARNING: GTRX multistate model will estimate 5 substitution rates that might be overfitting!
WARNING: Please only use GTRX with very large data and always test for model fit!
Optimizing NNI: done in 0.00316104 secs using 98.73% CPU
WARNING: GTRX multistate model will estimate 5 substitution rates that might be overfitting!
WARNING: Please only use GTRX with very large data and always test for model fit!
Optimizing NNI: done in 0.00829354 secs using 98.91% CPU
WARNING: GTRX multistate model will estimate 5 substitution rates that might be overfitting!
WARNING: Please only use GTRX with very large data and always test for model fit!
Optimizing NNI: done in 0.0105681 secs using 98.9% CPU
WARNING: GTRX multistate model will estimate 5 substitution rates that might be overfitting!
WARNING: Please only use GTRX with very large data and always test for model fit!
Optimizing NNI: done in 0.00578758 secs using 98.83% CPU
WARNING: GTRX multistate model will estimate 5 substitution rates that might be overfitting!
WARNING: Please only use GTRX with very large data and always test for model fit!
Optimizing NNI: done in 0.00811452 secs using 98.9% CPU
WARNING: GTRX multistate model will estimate 5 substitution rates that might be overfitting!
WARNING: Please only use GTRX with very large data and always test for model fit!
Optimizing NNI: done in 0.00686953 secs using 98.89% CPU
WARNING: GTRX multistate model will estimate 5 substitution rates that might be overfitting!
WARNING: Please only use GTRX with very large data and always test for model fit!
Optimizing NNI: done in 0.00234928 secs using 98.84% CPU
WARNING: GTRX multistate model will estimate 5 substitution rates that might be overfitting!
WARNING: Please only use GTRX with very large data and always test for model fit!
Optimizing NNI: done in 0.00247553 secs using 98.81% CPU
WARNING: GTRX multistate model will estimate 5 substitution rates that might be overfitting!
WARNING: Please only use GTRX with very large data and always test for model fit!
Optimizing NNI: done in 0.00577869 secs using 98.85% CPU
WARNING: GTRX multistate model will estimate 5 substitution rates that might be overfitting!
WARNING: Please only use GTRX with very large data and always test for model fit!
Optimizing NNI: done in 0.0058074 secs using 98.87% CPU
WARNING: GTRX multistate model will estimate 5 substitution rates that might be overfitting!
WARNING: Please only use GTRX with very large data and always test for model fit!
Optimizing NNI: done in 0.00843707 secs using 98.9% CPU
WARNING: GTRX multistate model will estimate 5 substitution rates that might be overfitting!
WARNING: Please only use GTRX with very large data and always test for model fit!
Optimizing NNI: done in 0.00419943 secs using 98.89% CPU
WARNING: GTRX multistate model will estimate 5 substitution rates that might be overfitting!
WARNING: Please only use GTRX with very large data and always test for model fit!
Optimizing NNI: done in 0.0057795 secs using 98.9% CPU
WARNING: GTRX multistate model will estimate 5 substitution rates that might be overfitting!
WARNING: Please only use GTRX with very large data and always test for model fit!
Optimizing NNI: done in 0.00318591 secs using 98.87% CPU
WARNING: GTRX multistate model will estimate 5 substitution rates that might be overfitting!
WARNING: Please only use GTRX with very large data and always test for model fit!
Optimizing NNI: done in 0.00237041 secs using 98.84% CPU
WARNING: GTRX multistate model will estimate 5 substitution rates that might be overfitting!
WARNING: Please only use GTRX with very large data and always test for model fit!
Optimizing NNI: done in 0.00184318 secs using 98.85% CPU
WARNING: GTRX multistate model will estimate 5 substitution rates that might be overfitting!
WARNING: Please only use GTRX with very large data and always test for model fit!
Optimizing NNI: done in 0.00228055 secs using 98.84% CPU
WARNING: GTRX multistate model will estimate 5 substitution rates that might be overfitting!
WARNING: Please only use GTRX with very large data and always test for model fit!
Optimizing NNI: done in 0.00359852 secs using 98.87% CPU
WARNING: GTRX multistate model will estimate 5 substitution rates that might be overfitting!
WARNING: Please only use GTRX with very large data and always test for model fit!
Optimizing NNI: done in 0.00347823 secs using 98.87% CPU
WARNING: GTRX multistate model will estimate 5 substitution rates that might be overfitting!
WARNING: Please only use GTRX with very large data and always test for model fit!
Optimizing NNI: done in 0.00386698 secs using 98.89% CPU
WARNING: GTRX multistate model will estimate 5 substitution rates that might be overfitting!
WARNING: Please only use GTRX with very large data and always test for model fit!
Optimizing NNI: done in 0.00363571 secs using 98.85% CPU
WARNING: GTRX multistate model will estimate 5 substitution rates that might be overfitting!
WARNING: Please only use GTRX with very large data and always test for model fit!
Optimizing NNI: done in 0.00408824 secs using 98.89% CPU
WARNING: GTRX multistate model will estimate 5 substitution rates that might be overfitting!
WARNING: Please only use GTRX with very large data and always test for model fit!
Optimizing NNI: done in 0.00191889 secs using 98.81% CPU
WARNING: GTRX multistate model will estimate 5 substitution rates that might be overfitting!
WARNING: Please only use GTRX with very large data and always test for model fit!
Optimizing NNI: done in 0.00263614 secs using 98.74% CPU
WARNING: GTRX multistate model will estimate 5 substitution rates that might be overfitting!
WARNING: Please only use GTRX with very large data and always test for model fit!
Optimizing NNI: done in 0.00499523 secs using 98.87% CPU
WARNING: GTRX multistate model will estimate 5 substitution rates that might be overfitting!
WARNING: Please only use GTRX with very large data and always test for model fit!
Optimizing NNI: done in 0.00297658 secs using 98.87% CPU
WARNING: GTRX multistate model will estimate 5 substitution rates that might be overfitting!
WARNING: Please only use GTRX with very large data and always test for model fit!
Optimizing NNI: done in 0.00383908 secs using 98.9% CPU
WARNING: GTRX multistate model will estimate 5 substitution rates that might be overfitting!
WARNING: Please only use GTRX with very large data and always test for model fit!
Optimizing NNI: done in 0.00316448 secs using 98.88% CPU
WARNING: GTRX multistate model will estimate 5 substitution rates that might be overfitting!
WARNING: Please only use GTRX with very large data and always test for model fit!
Optimizing NNI: done in 0.00487353 secs using 98.84% CPU
WARNING: GTRX multistate model will estimate 5 substitution rates that might be overfitting!
WARNING: Please only use GTRX with very large data and always test for model fit!
Optimizing NNI: done in 0.00333763 secs using 98.87% CPU
WARNING: GTRX multistate model will estimate 5 substitution rates that might be overfitting!
WARNING: Please only use GTRX with very large data and always test for model fit!
Optimizing NNI: done in 0.00169944 secs using 98.8% CPU
WARNING: GTRX multistate model will estimate 5 substitution rates that might be overfitting!
WARNING: Please only use GTRX with very large data and always test for model fit!
Optimizing NNI: done in 0.00253284 secs using 98.9% CPU
WARNING: GTRX multistate model will estimate 5 substitution rates that might be overfitting!
WARNING: Please only use GTRX with very large data and always test for model fit!
Optimizing NNI: done in 0.00239749 secs using 98.85% CPU
WARNING: GTRX multistate model will estimate 5 substitution rates that might be overfitting!
WARNING: Please only use GTRX with very large data and always test for model fit!
Optimizing NNI: done in 0.00490769 secs using 98.84% CPU
WARNING: GTRX multistate model will estimate 5 substitution rates that might be overfitting!
WARNING: Please only use GTRX with very large data and always test for model fit!
Optimizing NNI: done in 0.00275253 secs using 105.1% CPU
WARNING: GTRX multistate model will estimate 5 substitution rates that might be overfitting!
WARNING: Please only use GTRX with very large data and always test for model fit!
Optimizing NNI: done in 0.00349157 secs using 105.1% CPU
WARNING: GTRX multistate model will estimate 5 substitution rates that might be overfitting!
WARNING: Please only use GTRX with very large data and always test for model fit!
Optimizing NNI: done in 0.00353722 secs using 105.1% CPU
WARNING: GTRX multistate model will estimate 5 substitution rates that might be overfitting!
WARNING: Please only use GTRX with very large data and always test for model fit!
Optimizing NNI: done in 0.00437804 secs using 104.9% CPU
WARNING: GTRX multistate model will estimate 5 substitution rates that might be overfitting!
WARNING: Please only use GTRX with very large data and always test for model fit!
Optimizing NNI: done in 0.00147894 secs using 105% CPU
WARNING: GTRX multistate model will estimate 5 substitution rates that might be overfitting!
WARNING: Please only use GTRX with very large data and always test for model fit!
Optimizing NNI: done in 0.00558305 secs using 105.1% CPU
WARNING: GTRX multistate model will estimate 5 substitution rates that might be overfitting!
WARNING: Please only use GTRX with very large data and always test for model fit!
Optimizing NNI: done in 0.00479255 secs using 105.1% CPU
WARNING: GTRX multistate model will estimate 5 substitution rates that might be overfitting!
WARNING: Please only use GTRX with very large data and always test for model fit!
Optimizing NNI: done in 0.00494977 secs using 85.4% CPU
WARNING: GTRX multistate model will estimate 5 substitution rates that might be overfitting!
WARNING: Please only use GTRX with very large data and always test for model fit!
Optimizing NNI: done in 0.00151851 secs
WARNING: GTRX multistate model will estimate 5 substitution rates that might be overfitting!
WARNING: Please only use GTRX with very large data and always test for model fit!
Optimizing NNI: done in 0.00401565 secs using 100.5% CPU
WARNING: GTRX multistate model will estimate 5 substitution rates that might be overfitting!
WARNING: Please only use GTRX with very large data and always test for model fit!
Optimizing NNI: done in 0.00299003 secs using 105% CPU
WARNING: GTRX multistate model will estimate 5 substitution rates that might be overfitting!
WARNING: Please only use GTRX with very large data and always test for model fit!
Optimizing NNI: done in 0.00593545 secs using 105.1% CPU
WARNING: GTRX multistate model will estimate 5 substitution rates that might be overfitting!
WARNING: Please only use GTRX with very large data and always test for model fit!
Optimizing NNI: done in 0.00440096 secs using 105.1% CPU
WARNING: GTRX multistate model will estimate 5 substitution rates that might be overfitting!
WARNING: Please only use GTRX with very large data and always test for model fit!
Optimizing NNI: done in 0.00245786 secs using 105.1% CPU
WARNING: GTRX multistate model will estimate 5 substitution rates that might be overfitting!
WARNING: Please only use GTRX with very large data and always test for model fit!
Optimizing NNI: done in 0.00185188 secs using 105% CPU
WARNING: GTRX multistate model will estimate 5 substitution rates that might be overfitting!
WARNING: Please only use GTRX with very large data and always test for model fit!
Optimizing NNI: done in 0.00234068 secs
WARNING: GTRX multistate model will estimate 5 substitution rates that might be overfitting!
WARNING: Please only use GTRX with very large data and always test for model fit!
Optimizing NNI: done in 0.00231823 secs using 101.2% CPU
WARNING: GTRX multistate model will estimate 5 substitution rates that might be overfitting!
WARNING: Please only use GTRX with very large data and always test for model fit!
Optimizing NNI: done in 0.00277868 secs using 105.1% CPU
WARNING: GTRX multistate model will estimate 5 substitution rates that might be overfitting!
WARNING: Please only use GTRX with very large data and always test for model fit!
Optimizing NNI: done in 0.00575302 secs using 105.1% CPU
WARNING: GTRX multistate model will estimate 5 substitution rates that might be overfitting!
WARNING: Please only use GTRX with very large data and always test for model fit!
Optimizing NNI: done in 0.00703231 secs using 102.1% CPU
WARNING: GTRX multistate model will estimate 5 substitution rates that might be overfitting!
WARNING: Please only use GTRX with very large data and always test for model fit!
Optimizing NNI: done in 0.00447601 secs using 105.1% CPU
WARNING: GTRX multistate model will estimate 5 substitution rates that might be overfitting!
WARNING: Please only use GTRX with very large data and always test for model fit!
Optimizing NNI: done in 0.00241582 secs
WARNING: GTRX multistate model will estimate 5 substitution rates that might be overfitting!
WARNING: Please only use GTRX with very large data and always test for model fit!
Optimizing NNI: done in 0.00255811 secs
200 samples done
WARNING: GTRX multistate model will estimate 5 substitution rates that might be overfitting!
WARNING: Please only use GTRX with very large data and always test for model fit!
Optimizing NNI: done in 0.00330258 secs using 100.5% CPU
WARNING: GTRX multistate model will estimate 5 substitution rates that might be overfitting!
WARNING: Please only use GTRX with very large data and always test for model fit!
Optimizing NNI: done in 0.00480663 secs using 105.1% CPU
WARNING: GTRX multistate model will estimate 5 substitution rates that might be overfitting!
WARNING: Please only use GTRX with very large data and always test for model fit!
Optimizing NNI: done in 0.00286372 secs using 105.1% CPU
WARNING: GTRX multistate model will estimate 5 substitution rates that might be overfitting!
WARNING: Please only use GTRX with very large data and always test for model fit!
Optimizing NNI: done in 0.0050661 secs using 105.1% CPU
WARNING: GTRX multistate model will estimate 5 substitution rates that might be overfitting!
WARNING: Please only use GTRX with very large data and always test for model fit!
Optimizing NNI: done in 0.00242428 secs using 105.1% CPU
WARNING: GTRX multistate model will estimate 5 substitution rates that might be overfitting!
WARNING: Please only use GTRX with very large data and always test for model fit!
Optimizing NNI: done in 0.00372479 secs using 105% CPU
WARNING: GTRX multistate model will estimate 5 substitution rates that might be overfitting!
WARNING: Please only use GTRX with very large data and always test for model fit!
Optimizing NNI: done in 0.00332902 secs using 105.1% CPU
WARNING: GTRX multistate model will estimate 5 substitution rates that might be overfitting!
WARNING: Please only use GTRX with very large data and always test for model fit!
Optimizing NNI: done in 0.0039309 secs using 105% CPU
WARNING: GTRX multistate model will estimate 5 substitution rates that might be overfitting!
WARNING: Please only use GTRX with very large data and always test for model fit!
Optimizing NNI: done in 0.00393176 secs using 105.1% CPU
WARNING: GTRX multistate model will estimate 5 substitution rates that might be overfitting!
WARNING: Please only use GTRX with very large data and always test for model fit!
Optimizing NNI: done in 0.0020599 secs using 105.1% CPU
WARNING: GTRX multistate model will estimate 5 substitution rates that might be overfitting!
WARNING: Please only use GTRX with very large data and always test for model fit!
Optimizing NNI: done in 0.00462115 secs using 105.1% CPU
WARNING: GTRX multistate model will estimate 5 substitution rates that might be overfitting!
WARNING: Please only use GTRX with very large data and always test for model fit!
Optimizing NNI: done in 0.00256087 secs using 105% CPU
WARNING: GTRX multistate model will estimate 5 substitution rates that might be overfitting!
WARNING: Please only use GTRX with very large data and always test for model fit!
Optimizing NNI: done in 0.00270012 secs using 105% CPU
WARNING: GTRX multistate model will estimate 5 substitution rates that might be overfitting!
WARNING: Please only use GTRX with very large data and always test for model fit!
Optimizing NNI: done in 0.00271439 secs using 105.1% CPU
WARNING: GTRX multistate model will estimate 5 substitution rates that might be overfitting!
WARNING: Please only use GTRX with very large data and always test for model fit!
Optimizing NNI: done in 0.00246252 secs using 103.6% CPU
WARNING: GTRX multistate model will estimate 5 substitution rates that might be overfitting!
WARNING: Please only use GTRX with very large data and always test for model fit!
Optimizing NNI: done in 0.0043613 secs using 105.1% CPU
WARNING: GTRX multistate model will estimate 5 substitution rates that might be overfitting!
WARNING: Please only use GTRX with very large data and always test for model fit!
Optimizing NNI: done in 0.00596056 secs using 101.8% CPU
WARNING: GTRX multistate model will estimate 5 substitution rates that might be overfitting!
WARNING: Please only use GTRX with very large data and always test for model fit!
Optimizing NNI: done in 0.00393899 secs using 105.1% CPU
WARNING: GTRX multistate model will estimate 5 substitution rates that might be overfitting!
WARNING: Please only use GTRX with very large data and always test for model fit!
Optimizing NNI: done in 0.00818862 secs using 105.1% CPU
WARNING: GTRX multistate model will estimate 5 substitution rates that might be overfitting!
WARNING: Please only use GTRX with very large data and always test for model fit!
Optimizing NNI: done in 0.00390266 secs using 105% CPU
WARNING: GTRX multistate model will estimate 5 substitution rates that might be overfitting!
WARNING: Please only use GTRX with very large data and always test for model fit!
Optimizing NNI: done in 0.00450635 secs using 105% CPU
WARNING: GTRX multistate model will estimate 5 substitution rates that might be overfitting!
WARNING: Please only use GTRX with very large data and always test for model fit!
Optimizing NNI: done in 0.00367904 secs using 105.1% CPU
WARNING: GTRX multistate model will estimate 5 substitution rates that might be overfitting!
WARNING: Please only use GTRX with very large data and always test for model fit!
Optimizing NNI: done in 0.00213314 secs using 105% CPU
WARNING: GTRX multistate model will estimate 5 substitution rates that might be overfitting!
WARNING: Please only use GTRX with very large data and always test for model fit!
Optimizing NNI: done in 0.00237511 secs using 105% CPU
WARNING: GTRX multistate model will estimate 5 substitution rates that might be overfitting!
WARNING: Please only use GTRX with very large data and always test for model fit!
Optimizing NNI: done in 0.00254441 secs using 104.9% CPU
WARNING: GTRX multistate model will estimate 5 substitution rates that might be overfitting!
WARNING: Please only use GTRX with very large data and always test for model fit!
Optimizing NNI: done in 0.00398445 secs using 105.1% CPU
WARNING: GTRX multistate model will estimate 5 substitution rates that might be overfitting!
WARNING: Please only use GTRX with very large data and always test for model fit!
Optimizing NNI: done in 0.00424802 secs using 105.1% CPU
WARNING: GTRX multistate model will estimate 5 substitution rates that might be overfitting!
WARNING: Please only use GTRX with very large data and always test for model fit!
Optimizing NNI: done in 0.00419256 secs using 105.1% CPU
WARNING: GTRX multistate model will estimate 5 substitution rates that might be overfitting!
WARNING: Please only use GTRX with very large data and always test for model fit!
Optimizing NNI: done in 0.00260158 secs using 105.1% CPU
WARNING: GTRX multistate model will estimate 5 substitution rates that might be overfitting!
WARNING: Please only use GTRX with very large data and always test for model fit!
Optimizing NNI: done in 0.00535667 secs using 105.1% CPU
WARNING: GTRX multistate model will estimate 5 substitution rates that might be overfitting!
WARNING: Please only use GTRX with very large data and always test for model fit!
Optimizing NNI: done in 0.0051653 secs using 105.1% CPU
WARNING: GTRX multistate model will estimate 5 substitution rates that might be overfitting!
WARNING: Please only use GTRX with very large data and always test for model fit!
Optimizing NNI: done in 0.00488529 secs using 105.1% CPU
WARNING: GTRX multistate model will estimate 5 substitution rates that might be overfitting!
WARNING: Please only use GTRX with very large data and always test for model fit!
Optimizing NNI: done in 0.00161086 secs using 104.9% CPU
WARNING: GTRX multistate model will estimate 5 substitution rates that might be overfitting!
WARNING: Please only use GTRX with very large data and always test for model fit!
Optimizing NNI: done in 0.00498211 secs using 105.1% CPU
WARNING: GTRX multistate model will estimate 5 substitution rates that might be overfitting!
WARNING: Please only use GTRX with very large data and always test for model fit!
Optimizing NNI: done in 0.0041646 secs using 105% CPU
WARNING: GTRX multistate model will estimate 5 substitution rates that might be overfitting!
WARNING: Please only use GTRX with very large data and always test for model fit!
Optimizing NNI: done in 0.00253529 secs using 105.1% CPU
WARNING: GTRX multistate model will estimate 5 substitution rates that might be overfitting!
WARNING: Please only use GTRX with very large data and always test for model fit!
Optimizing NNI: done in 0.00328869 secs using 105.1% CPU
WARNING: GTRX multistate model will estimate 5 substitution rates that might be overfitting!
WARNING: Please only use GTRX with very large data and always test for model fit!
Optimizing NNI: done in 0.00475574 secs using 105.1% CPU
WARNING: GTRX multistate model will estimate 5 substitution rates that might be overfitting!
WARNING: Please only use GTRX with very large data and always test for model fit!
Optimizing NNI: done in 0.00192465 secs using 105% CPU
WARNING: GTRX multistate model will estimate 5 substitution rates that might be overfitting!
WARNING: Please only use GTRX with very large data and always test for model fit!
Optimizing NNI: done in 0.00247812 secs using 104.9% CPU
WARNING: GTRX multistate model will estimate 5 substitution rates that might be overfitting!
WARNING: Please only use GTRX with very large data and always test for model fit!
Optimizing NNI: done in 0.00264029 secs using 105.1% CPU
WARNING: GTRX multistate model will estimate 5 substitution rates that might be overfitting!
WARNING: Please only use GTRX with very large data and always test for model fit!
Optimizing NNI: done in 0.00334576 secs using 105% CPU
WARNING: GTRX multistate model will estimate 5 substitution rates that might be overfitting!
WARNING: Please only use GTRX with very large data and always test for model fit!
Optimizing NNI: done in 0.00193207 secs using 105.1% CPU
WARNING: GTRX multistate model will estimate 5 substitution rates that might be overfitting!
WARNING: Please only use GTRX with very large data and always test for model fit!
Optimizing NNI: done in 0.000739518 secs using 104.9% CPU
WARNING: GTRX multistate model will estimate 5 substitution rates that might be overfitting!
WARNING: Please only use GTRX with very large data and always test for model fit!
Optimizing NNI: done in 0.00409326 secs using 105.1% CPU
WARNING: GTRX multistate model will estimate 5 substitution rates that might be overfitting!
WARNING: Please only use GTRX with very large data and always test for model fit!
Optimizing NNI: done in 0.0135792 secs using 105.1% CPU
WARNING: GTRX multistate model will estimate 5 substitution rates that might be overfitting!
WARNING: Please only use GTRX with very large data and always test for model fit!
Optimizing NNI: done in 0.00266987 secs using 105% CPU
WARNING: GTRX multistate model will estimate 5 substitution rates that might be overfitting!
WARNING: Please only use GTRX with very large data and always test for model fit!
Optimizing NNI: done in 0.0027705 secs using 105.1% CPU
WARNING: GTRX multistate model will estimate 5 substitution rates that might be overfitting!
WARNING: Please only use GTRX with very large data and always test for model fit!
Optimizing NNI: done in 0.00413274 secs using 105.1% CPU
WARNING: GTRX multistate model will estimate 5 substitution rates that might be overfitting!
WARNING: Please only use GTRX with very large data and always test for model fit!
Optimizing NNI: done in 0.00349547 secs using 105.1% CPU
WARNING: GTRX multistate model will estimate 5 substitution rates that might be overfitting!
WARNING: Please only use GTRX with very large data and always test for model fit!
Optimizing NNI: done in 0.0036059 secs using 105.1% CPU
WARNING: GTRX multistate model will estimate 5 substitution rates that might be overfitting!
WARNING: Please only use GTRX with very large data and always test for model fit!
Optimizing NNI: done in 0.0052412 secs using 105.1% CPU
WARNING: GTRX multistate model will estimate 5 substitution rates that might be overfitting!
WARNING: Please only use GTRX with very large data and always test for model fit!
Optimizing NNI: done in 0.00389657 secs using 105.1% CPU
WARNING: GTRX multistate model will estimate 5 substitution rates that might be overfitting!
WARNING: Please only use GTRX with very large data and always test for model fit!
Optimizing NNI: done in 0.00325578 secs using 105% CPU
WARNING: GTRX multistate model will estimate 5 substitution rates that might be overfitting!
WARNING: Please only use GTRX with very large data and always test for model fit!
Optimizing NNI: done in 0.0015186 secs using 105% CPU
WARNING: GTRX multistate model will estimate 5 substitution rates that might be overfitting!
WARNING: Please only use GTRX with very large data and always test for model fit!
Optimizing NNI: done in 0.00377396 secs using 105.1% CPU
WARNING: GTRX multistate model will estimate 5 substitution rates that might be overfitting!
WARNING: Please only use GTRX with very large data and always test for model fit!
Optimizing NNI: done in 0.00323295 secs using 105.1% CPU
WARNING: GTRX multistate model will estimate 5 substitution rates that might be overfitting!
WARNING: Please only use GTRX with very large data and always test for model fit!
Optimizing NNI: done in 0.0023404 secs
WARNING: GTRX multistate model will estimate 5 substitution rates that might be overfitting!
WARNING: Please only use GTRX with very large data and always test for model fit!
Optimizing NNI: done in 0.00415309 secs using 100.6% CPU
WARNING: GTRX multistate model will estimate 5 substitution rates that might be overfitting!
WARNING: Please only use GTRX with very large data and always test for model fit!
Optimizing NNI: done in 0.00347236 secs using 105.1% CPU
WARNING: GTRX multistate model will estimate 5 substitution rates that might be overfitting!
WARNING: Please only use GTRX with very large data and always test for model fit!
Optimizing NNI: done in 0.00263049 secs using 105.1% CPU
WARNING: GTRX multistate model will estimate 5 substitution rates that might be overfitting!
WARNING: Please only use GTRX with very large data and always test for model fit!
Optimizing NNI: done in 0.00365707 secs using 105.1% CPU
WARNING: GTRX multistate model will estimate 5 substitution rates that might be overfitting!
WARNING: Please only use GTRX with very large data and always test for model fit!
Optimizing NNI: done in 0.00246338 secs using 105% CPU
WARNING: GTRX multistate model will estimate 5 substitution rates that might be overfitting!
WARNING: Please only use GTRX with very large data and always test for model fit!
Optimizing NNI: done in 0.00261119 secs using 105% CPU
WARNING: GTRX multistate model will estimate 5 substitution rates that might be overfitting!
WARNING: Please only use GTRX with very large data and always test for model fit!
Optimizing NNI: done in 0.00465615 secs using 100.6% CPU
WARNING: GTRX multistate model will estimate 5 substitution rates that might be overfitting!
WARNING: Please only use GTRX with very large data and always test for model fit!
Optimizing NNI: done in 0.00248135 secs using 105.1% CPU
WARNING: GTRX multistate model will estimate 5 substitution rates that might be overfitting!
WARNING: Please only use GTRX with very large data and always test for model fit!
Optimizing NNI: done in 0.00170046 secs using 105% CPU
WARNING: GTRX multistate model will estimate 5 substitution rates that might be overfitting!
WARNING: Please only use GTRX with very large data and always test for model fit!
Optimizing NNI: done in 0.00392282 secs using 105.1% CPU
WARNING: GTRX multistate model will estimate 5 substitution rates that might be overfitting!
WARNING: Please only use GTRX with very large data and always test for model fit!
Optimizing NNI: done in 0.00185978 secs using 105% CPU
WARNING: GTRX multistate model will estimate 5 substitution rates that might be overfitting!
WARNING: Please only use GTRX with very large data and always test for model fit!
Optimizing NNI: done in 0.00449275 secs using 105.1% CPU
WARNING: GTRX multistate model will estimate 5 substitution rates that might be overfitting!
WARNING: Please only use GTRX with very large data and always test for model fit!
Optimizing NNI: done in 0.00278696 secs using 105.1% CPU
WARNING: GTRX multistate model will estimate 5 substitution rates that might be overfitting!
WARNING: Please only use GTRX with very large data and always test for model fit!
Optimizing NNI: done in 0.0036993 secs using 105.1% CPU
WARNING: GTRX multistate model will estimate 5 substitution rates that might be overfitting!
WARNING: Please only use GTRX with very large data and always test for model fit!
Optimizing NNI: done in 0.00269898 secs using 105.1% CPU
WARNING: GTRX multistate model will estimate 5 substitution rates that might be overfitting!
WARNING: Please only use GTRX with very large data and always test for model fit!
Optimizing NNI: done in 0.00325654 secs
WARNING: GTRX multistate model will estimate 5 substitution rates that might be overfitting!
WARNING: Please only use GTRX with very large data and always test for model fit!
Optimizing NNI: done in 0.00297291 secs using 100.5% CPU
WARNING: GTRX multistate model will estimate 5 substitution rates that might be overfitting!
WARNING: Please only use GTRX with very large data and always test for model fit!
Optimizing NNI: done in 0.00312129 secs using 105.1% CPU
WARNING: GTRX multistate model will estimate 5 substitution rates that might be overfitting!
WARNING: Please only use GTRX with very large data and always test for model fit!
Optimizing NNI: done in 0.00471427 secs using 105.1% CPU
WARNING: GTRX multistate model will estimate 5 substitution rates that might be overfitting!
WARNING: Please only use GTRX with very large data and always test for model fit!
Optimizing NNI: done in 0.00479835 secs using 105.1% CPU
WARNING: GTRX multistate model will estimate 5 substitution rates that might be overfitting!
WARNING: Please only use GTRX with very large data and always test for model fit!
Optimizing NNI: done in 0.0047798 secs using 105.1% CPU
WARNING: GTRX multistate model will estimate 5 substitution rates that might be overfitting!
WARNING: Please only use GTRX with very large data and always test for model fit!
Optimizing NNI: done in 0.00991448 secs using 105.1% CPU
WARNING: GTRX multistate model will estimate 5 substitution rates that might be overfitting!
WARNING: Please only use GTRX with very large data and always test for model fit!
Optimizing NNI: done in 0.00525509 secs using 105% CPU
WARNING: GTRX multistate model will estimate 5 substitution rates that might be overfitting!
WARNING: Please only use GTRX with very large data and always test for model fit!
Optimizing NNI: done in 0.0201015 secs using 54.19% CPU
WARNING: GTRX multistate model will estimate 5 substitution rates that might be overfitting!
WARNING: Please only use GTRX with very large data and always test for model fit!
Optimizing NNI: done in 0.0106107 secs using 105.1% CPU
WARNING: GTRX multistate model will estimate 5 substitution rates that might be overfitting!
WARNING: Please only use GTRX with very large data and always test for model fit!
Optimizing NNI: done in 0.00839978 secs using 105.1% CPU
WARNING: GTRX multistate model will estimate 5 substitution rates that might be overfitting!
WARNING: Please only use GTRX with very large data and always test for model fit!
Optimizing NNI: done in 0.00801161 secs using 103.6% CPU
WARNING: GTRX multistate model will estimate 5 substitution rates that might be overfitting!
WARNING: Please only use GTRX with very large data and always test for model fit!
Optimizing NNI: done in 0.00761812 secs using 102.3% CPU
WARNING: GTRX multistate model will estimate 5 substitution rates that might be overfitting!
WARNING: Please only use GTRX with very large data and always test for model fit!
Optimizing NNI: done in 0.00988043 secs using 105.1% CPU
WARNING: GTRX multistate model will estimate 5 substitution rates that might be overfitting!
WARNING: Please only use GTRX with very large data and always test for model fit!
Optimizing NNI: done in 0.00675505 secs using 102% CPU
WARNING: GTRX multistate model will estimate 5 substitution rates that might be overfitting!
WARNING: Please only use GTRX with very large data and always test for model fit!
Optimizing NNI: done in 0.00577328 secs using 100.5% CPU
WARNING: GTRX multistate model will estimate 5 substitution rates that might be overfitting!
WARNING: Please only use GTRX with very large data and always test for model fit!
Optimizing NNI: done in 0.00718288 secs using 100.5% CPU
WARNING: GTRX multistate model will estimate 5 substitution rates that might be overfitting!
WARNING: Please only use GTRX with very large data and always test for model fit!
Optimizing NNI: done in 0.00743931 secs using 105.1% CPU
WARNING: GTRX multistate model will estimate 5 substitution rates that might be overfitting!
WARNING: Please only use GTRX with very large data and always test for model fit!
Optimizing NNI: done in 0.00593716 secs using 105.1% CPU
WARNING: GTRX multistate model will estimate 5 substitution rates that might be overfitting!
WARNING: Please only use GTRX with very large data and always test for model fit!
Optimizing NNI: done in 0.00969866 secs using 105% CPU
WARNING: GTRX multistate model will estimate 5 substitution rates that might be overfitting!
WARNING: Please only use GTRX with very large data and always test for model fit!
Optimizing NNI: done in 0.00420854 secs using 105.1% CPU
WARNING: GTRX multistate model will estimate 5 substitution rates that might be overfitting!
WARNING: Please only use GTRX with very large data and always test for model fit!
Optimizing NNI: done in 0.00489023 secs using 105.1% CPU
WARNING: GTRX multistate model will estimate 5 substitution rates that might be overfitting!
WARNING: Please only use GTRX with very large data and always test for model fit!
Optimizing NNI: done in 0.00830989 secs using 105.1% CPU
WARNING: GTRX multistate model will estimate 5 substitution rates that might be overfitting!
WARNING: Please only use GTRX with very large data and always test for model fit!
Optimizing NNI: done in 0.004772 secs using 105.1% CPU
WARNING: GTRX multistate model will estimate 5 substitution rates that might be overfitting!
WARNING: Please only use GTRX with very large data and always test for model fit!
Optimizing NNI: done in 0.0123844 secs using 105.1% CPU
WARNING: GTRX multistate model will estimate 5 substitution rates that might be overfitting!
WARNING: Please only use GTRX with very large data and always test for model fit!
Optimizing NNI: done in 0.00417487 secs using 104.9% CPU
WARNING: GTRX multistate model will estimate 5 substitution rates that might be overfitting!
WARNING: Please only use GTRX with very large data and always test for model fit!
Optimizing NNI: done in 0.00606176 secs using 104.9% CPU
300 samples done
WARNING: GTRX multistate model will estimate 5 substitution rates that might be overfitting!
WARNING: Please only use GTRX with very large data and always test for model fit!
Optimizing NNI: done in 0.0182446 secs using 103% CPU
WARNING: GTRX multistate model will estimate 5 substitution rates that might be overfitting!
WARNING: Please only use GTRX with very large data and always test for model fit!
Optimizing NNI: done in 0.00548413 secs using 100.5% CPU
WARNING: GTRX multistate model will estimate 5 substitution rates that might be overfitting!
WARNING: Please only use GTRX with very large data and always test for model fit!
Optimizing NNI: done in 0.00360561 secs using 105% CPU
WARNING: GTRX multistate model will estimate 5 substitution rates that might be overfitting!
WARNING: Please only use GTRX with very large data and always test for model fit!
Optimizing NNI: done in 0.00694699 secs using 101.8% CPU
WARNING: GTRX multistate model will estimate 5 substitution rates that might be overfitting!
WARNING: Please only use GTRX with very large data and always test for model fit!
Optimizing NNI: done in 0.00419989 secs using 100.5% CPU
WARNING: GTRX multistate model will estimate 5 substitution rates that might be overfitting!
WARNING: Please only use GTRX with very large data and always test for model fit!
Optimizing NNI: done in 0.00256239 secs using 104.1% CPU
WARNING: GTRX multistate model will estimate 5 substitution rates that might be overfitting!
WARNING: Please only use GTRX with very large data and always test for model fit!
Optimizing NNI: done in 0.00554833 secs using 103.8% CPU
WARNING: GTRX multistate model will estimate 5 substitution rates that might be overfitting!
WARNING: Please only use GTRX with very large data and always test for model fit!
Optimizing NNI: done in 0.00438118 secs using 105.1% CPU
WARNING: GTRX multistate model will estimate 5 substitution rates that might be overfitting!
WARNING: Please only use GTRX with very large data and always test for model fit!
Optimizing NNI: done in 0.00308819 secs
WARNING: GTRX multistate model will estimate 5 substitution rates that might be overfitting!
WARNING: Please only use GTRX with very large data and always test for model fit!
Optimizing NNI: done in 0.00324437 secs
WARNING: GTRX multistate model will estimate 5 substitution rates that might be overfitting!
WARNING: Please only use GTRX with very large data and always test for model fit!
Optimizing NNI: done in 0.00152117 secs
WARNING: GTRX multistate model will estimate 5 substitution rates that might be overfitting!
WARNING: Please only use GTRX with very large data and always test for model fit!
Optimizing NNI: done in 0.00245815 secs using 100.5% CPU
WARNING: GTRX multistate model will estimate 5 substitution rates that might be overfitting!
WARNING: Please only use GTRX with very large data and always test for model fit!
Optimizing NNI: done in 0.00234334 secs using 105.1% CPU
WARNING: GTRX multistate model will estimate 5 substitution rates that might be overfitting!
WARNING: Please only use GTRX with very large data and always test for model fit!
Optimizing NNI: done in 0.00252092 secs using 105% CPU
WARNING: GTRX multistate model will estimate 5 substitution rates that might be overfitting!
WARNING: Please only use GTRX with very large data and always test for model fit!
Optimizing NNI: done in 0.00511052 secs using 105.1% CPU
WARNING: GTRX multistate model will estimate 5 substitution rates that might be overfitting!
WARNING: Please only use GTRX with very large data and always test for model fit!
Optimizing NNI: done in 0.00500665 secs using 105.1% CPU
WARNING: GTRX multistate model will estimate 5 substitution rates that might be overfitting!
WARNING: Please only use GTRX with very large data and always test for model fit!
Optimizing NNI: done in 0.00340558 secs using 105.1% CPU
WARNING: GTRX multistate model will estimate 5 substitution rates that might be overfitting!
WARNING: Please only use GTRX with very large data and always test for model fit!
Optimizing NNI: done in 0.00360504 secs using 105.1% CPU
WARNING: GTRX multistate model will estimate 5 substitution rates that might be overfitting!
WARNING: Please only use GTRX with very large data and always test for model fit!
Optimizing NNI: done in 0.00227163 secs using 105.1% CPU
WARNING: GTRX multistate model will estimate 5 substitution rates that might be overfitting!
WARNING: Please only use GTRX with very large data and always test for model fit!
Optimizing NNI: done in 0.00303825 secs using 103.9% CPU
WARNING: GTRX multistate model will estimate 5 substitution rates that might be overfitting!
WARNING: Please only use GTRX with very large data and always test for model fit!
Optimizing NNI: done in 0.00390227 secs using 105.1% CPU
WARNING: GTRX multistate model will estimate 5 substitution rates that might be overfitting!
WARNING: Please only use GTRX with very large data and always test for model fit!
Optimizing NNI: done in 0.00235105 secs
WARNING: GTRX multistate model will estimate 5 substitution rates that might be overfitting!
WARNING: Please only use GTRX with very large data and always test for model fit!
Optimizing NNI: done in 0.00307924 secs using 100.4% CPU
WARNING: GTRX multistate model will estimate 5 substitution rates that might be overfitting!
WARNING: Please only use GTRX with very large data and always test for model fit!
Optimizing NNI: done in 0.00172662 secs using 105.1% CPU
WARNING: GTRX multistate model will estimate 5 substitution rates that might be overfitting!
WARNING: Please only use GTRX with very large data and always test for model fit!
Optimizing NNI: done in 0.00405103 secs using 105.1% CPU
WARNING: GTRX multistate model will estimate 5 substitution rates that might be overfitting!
WARNING: Please only use GTRX with very large data and always test for model fit!
Optimizing NNI: done in 0.0017874 secs using 105% CPU
WARNING: GTRX multistate model will estimate 5 substitution rates that might be overfitting!
WARNING: Please only use GTRX with very large data and always test for model fit!
Optimizing NNI: done in 0.00168772 secs using 105% CPU
WARNING: GTRX multistate model will estimate 5 substitution rates that might be overfitting!
WARNING: Please only use GTRX with very large data and always test for model fit!
Optimizing NNI: done in 0.001544 secs using 105.1% CPU
WARNING: GTRX multistate model will estimate 5 substitution rates that might be overfitting!
WARNING: Please only use GTRX with very large data and always test for model fit!
Optimizing NNI: done in 0.00213904 secs using 105% CPU
WARNING: GTRX multistate model will estimate 5 substitution rates that might be overfitting!
WARNING: Please only use GTRX with very large data and always test for model fit!
Optimizing NNI: done in 0.00353209 secs using 105.1% CPU
WARNING: GTRX multistate model will estimate 5 substitution rates that might be overfitting!
WARNING: Please only use GTRX with very large data and always test for model fit!
Optimizing NNI: done in 0.00159983 secs using 105% CPU
WARNING: GTRX multistate model will estimate 5 substitution rates that might be overfitting!
WARNING: Please only use GTRX with very large data and always test for model fit!
Optimizing NNI: done in 0.00215987 secs using 105.1% CPU
WARNING: GTRX multistate model will estimate 5 substitution rates that might be overfitting!
WARNING: Please only use GTRX with very large data and always test for model fit!
Optimizing NNI: done in 0.00284193 secs using 105% CPU
WARNING: GTRX multistate model will estimate 5 substitution rates that might be overfitting!
WARNING: Please only use GTRX with very large data and always test for model fit!
Optimizing NNI: done in 0.00408794 secs using 105.1% CPU
WARNING: GTRX multistate model will estimate 5 substitution rates that might be overfitting!
WARNING: Please only use GTRX with very large data and always test for model fit!
Optimizing NNI: done in 0.00375342 secs using 105.1% CPU
WARNING: GTRX multistate model will estimate 5 substitution rates that might be overfitting!
WARNING: Please only use GTRX with very large data and always test for model fit!
Optimizing NNI: done in 0.00584366 secs using 105.1% CPU
WARNING: GTRX multistate model will estimate 5 substitution rates that might be overfitting!
WARNING: Please only use GTRX with very large data and always test for model fit!
Optimizing NNI: done in 0.00471893 secs using 105.1% CPU
WARNING: GTRX multistate model will estimate 5 substitution rates that might be overfitting!
WARNING: Please only use GTRX with very large data and always test for model fit!
Optimizing NNI: done in 0.0036856 secs using 105.1% CPU
WARNING: GTRX multistate model will estimate 5 substitution rates that might be overfitting!
WARNING: Please only use GTRX with very large data and always test for model fit!
Optimizing NNI: done in 0.00663407 secs using 105.1% CPU
WARNING: GTRX multistate model will estimate 5 substitution rates that might be overfitting!
WARNING: Please only use GTRX with very large data and always test for model fit!
Optimizing NNI: done in 0.00461221 secs using 105.1% CPU
WARNING: GTRX multistate model will estimate 5 substitution rates that might be overfitting!
WARNING: Please only use GTRX with very large data and always test for model fit!
Optimizing NNI: done in 0.00582464 secs using 105.1% CPU
WARNING: GTRX multistate model will estimate 5 substitution rates that might be overfitting!
WARNING: Please only use GTRX with very large data and always test for model fit!
Optimizing NNI: done in 0.00670892 secs using 105.1% CPU
WARNING: GTRX multistate model will estimate 5 substitution rates that might be overfitting!
WARNING: Please only use GTRX with very large data and always test for model fit!
Optimizing NNI: done in 0.00610047 secs using 105.1% CPU
WARNING: GTRX multistate model will estimate 5 substitution rates that might be overfitting!
WARNING: Please only use GTRX with very large data and always test for model fit!
Optimizing NNI: done in 0.0127865 secs using 105.1% CPU
WARNING: GTRX multistate model will estimate 5 substitution rates that might be overfitting!
WARNING: Please only use GTRX with very large data and always test for model fit!
Optimizing NNI: done in 0.00390589 secs using 105% CPU
WARNING: GTRX multistate model will estimate 5 substitution rates that might be overfitting!
WARNING: Please only use GTRX with very large data and always test for model fit!
Optimizing NNI: done in 0.0100292 secs using 105.1% CPU
WARNING: GTRX multistate model will estimate 5 substitution rates that might be overfitting!
WARNING: Please only use GTRX with very large data and always test for model fit!
Optimizing NNI: done in 0.00190677 secs using 104.9% CPU
WARNING: GTRX multistate model will estimate 5 substitution rates that might be overfitting!
WARNING: Please only use GTRX with very large data and always test for model fit!
Optimizing NNI: done in 0.0021534 secs using 105% CPU
WARNING: GTRX multistate model will estimate 5 substitution rates that might be overfitting!
WARNING: Please only use GTRX with very large data and always test for model fit!
Optimizing NNI: done in 0.00313831 secs using 104.8% CPU
WARNING: GTRX multistate model will estimate 5 substitution rates that might be overfitting!
WARNING: Please only use GTRX with very large data and always test for model fit!
Optimizing NNI: done in 0.00353741 secs using 105.1% CPU
WARNING: GTRX multistate model will estimate 5 substitution rates that might be overfitting!
WARNING: Please only use GTRX with very large data and always test for model fit!
Optimizing NNI: done in 0.00704772 secs using 105.1% CPU
WARNING: GTRX multistate model will estimate 5 substitution rates that might be overfitting!
WARNING: Please only use GTRX with very large data and always test for model fit!
Optimizing NNI: done in 0.00192665 secs using 104.7% CPU
WARNING: GTRX multistate model will estimate 5 substitution rates that might be overfitting!
WARNING: Please only use GTRX with very large data and always test for model fit!
Optimizing NNI: done in 0.0105811 secs using 105.1% CPU
WARNING: GTRX multistate model will estimate 5 substitution rates that might be overfitting!
WARNING: Please only use GTRX with very large data and always test for model fit!
Optimizing NNI: done in 0.00990887 secs using 105.1% CPU
WARNING: GTRX multistate model will estimate 5 substitution rates that might be overfitting!
WARNING: Please only use GTRX with very large data and always test for model fit!
Optimizing NNI: done in 0.00300781 secs using 105% CPU
WARNING: GTRX multistate model will estimate 5 substitution rates that might be overfitting!
WARNING: Please only use GTRX with very large data and always test for model fit!
Optimizing NNI: done in 0.00288445 secs using 104.9% CPU
WARNING: GTRX multistate model will estimate 5 substitution rates that might be overfitting!
WARNING: Please only use GTRX with very large data and always test for model fit!
Optimizing NNI: done in 0.00164311 secs using 104.9% CPU
WARNING: GTRX multistate model will estimate 5 substitution rates that might be overfitting!
WARNING: Please only use GTRX with very large data and always test for model fit!
Optimizing NNI: done in 0.00265579 secs using 105% CPU
WARNING: GTRX multistate model will estimate 5 substitution rates that might be overfitting!
WARNING: Please only use GTRX with very large data and always test for model fit!
Optimizing NNI: done in 0.0027335 secs using 105.1% CPU
WARNING: GTRX multistate model will estimate 5 substitution rates that might be overfitting!
WARNING: Please only use GTRX with very large data and always test for model fit!
Optimizing NNI: done in 0.00317664 secs using 105% CPU
WARNING: GTRX multistate model will estimate 5 substitution rates that might be overfitting!
WARNING: Please only use GTRX with very large data and always test for model fit!
Optimizing NNI: done in 0.00220666 secs using 105.1% CPU
WARNING: GTRX multistate model will estimate 5 substitution rates that might be overfitting!
WARNING: Please only use GTRX with very large data and always test for model fit!
Optimizing NNI: done in 0.00189488 secs using 104.7% CPU
WARNING: GTRX multistate model will estimate 5 substitution rates that might be overfitting!
WARNING: Please only use GTRX with very large data and always test for model fit!
Optimizing NNI: done in 0.00313241 secs using 105.1% CPU
WARNING: GTRX multistate model will estimate 5 substitution rates that might be overfitting!
WARNING: Please only use GTRX with very large data and always test for model fit!
Optimizing NNI: done in 0.00218146 secs using 105% CPU
WARNING: GTRX multistate model will estimate 5 substitution rates that might be overfitting!
WARNING: Please only use GTRX with very large data and always test for model fit!
Optimizing NNI: done in 0.00456142 secs using 105% CPU
WARNING: GTRX multistate model will estimate 5 substitution rates that might be overfitting!
WARNING: Please only use GTRX with very large data and always test for model fit!
Optimizing NNI: done in 0.00200169 secs using 105% CPU
WARNING: GTRX multistate model will estimate 5 substitution rates that might be overfitting!
WARNING: Please only use GTRX with very large data and always test for model fit!
Optimizing NNI: done in 0.00712895 secs using 105.1% CPU
WARNING: GTRX multistate model will estimate 5 substitution rates that might be overfitting!
WARNING: Please only use GTRX with very large data and always test for model fit!
Optimizing NNI: done in 0.00382666 secs using 105.1% CPU
WARNING: GTRX multistate model will estimate 5 substitution rates that might be overfitting!
WARNING: Please only use GTRX with very large data and always test for model fit!
Optimizing NNI: done in 0.00415128 secs using 105.1% CPU
WARNING: GTRX multistate model will estimate 5 substitution rates that might be overfitting!
WARNING: Please only use GTRX with very large data and always test for model fit!
Optimizing NNI: done in 0.00242153 secs using 105% CPU
WARNING: GTRX multistate model will estimate 5 substitution rates that might be overfitting!
WARNING: Please only use GTRX with very large data and always test for model fit!
Optimizing NNI: done in 0.00474708 secs using 105.1% CPU
WARNING: GTRX multistate model will estimate 5 substitution rates that might be overfitting!
WARNING: Please only use GTRX with very large data and always test for model fit!
Optimizing NNI: done in 0.00174003 secs using 105.1% CPU
WARNING: GTRX multistate model will estimate 5 substitution rates that might be overfitting!
WARNING: Please only use GTRX with very large data and always test for model fit!
Optimizing NNI: done in 0.00197087 secs using 105% CPU
WARNING: GTRX multistate model will estimate 5 substitution rates that might be overfitting!
WARNING: Please only use GTRX with very large data and always test for model fit!
Optimizing NNI: done in 0.00447591 secs using 105.1% CPU
WARNING: GTRX multistate model will estimate 5 substitution rates that might be overfitting!
WARNING: Please only use GTRX with very large data and always test for model fit!
Optimizing NNI: done in 0.00335964 secs using 105.1% CPU
WARNING: GTRX multistate model will estimate 5 substitution rates that might be overfitting!
WARNING: Please only use GTRX with very large data and always test for model fit!
Optimizing NNI: done in 0.00285611 secs using 105% CPU
WARNING: GTRX multistate model will estimate 5 substitution rates that might be overfitting!
WARNING: Please only use GTRX with very large data and always test for model fit!
Optimizing NNI: done in 0.0035358 secs using 105.1% CPU
WARNING: GTRX multistate model will estimate 5 substitution rates that might be overfitting!
WARNING: Please only use GTRX with very large data and always test for model fit!
Optimizing NNI: done in 0.00221132 secs using 105.1% CPU
WARNING: GTRX multistate model will estimate 5 substitution rates that might be overfitting!
WARNING: Please only use GTRX with very large data and always test for model fit!
Optimizing NNI: done in 0.00781016 secs using 105.1% CPU
WARNING: GTRX multistate model will estimate 5 substitution rates that might be overfitting!
WARNING: Please only use GTRX with very large data and always test for model fit!
Optimizing NNI: done in 0.00515341 secs using 105.1% CPU
WARNING: GTRX multistate model will estimate 5 substitution rates that might be overfitting!
WARNING: Please only use GTRX with very large data and always test for model fit!
Optimizing NNI: done in 0.00321574 secs using 105.1% CPU
WARNING: GTRX multistate model will estimate 5 substitution rates that might be overfitting!
WARNING: Please only use GTRX with very large data and always test for model fit!
Optimizing NNI: done in 0.00385786 secs using 105% CPU
WARNING: GTRX multistate model will estimate 5 substitution rates that might be overfitting!
WARNING: Please only use GTRX with very large data and always test for model fit!
Optimizing NNI: done in 0.00231053 secs using 105% CPU
WARNING: GTRX multistate model will estimate 5 substitution rates that might be overfitting!
WARNING: Please only use GTRX with very large data and always test for model fit!
Optimizing NNI: done in 0.00513125 secs using 105.1% CPU
WARNING: GTRX multistate model will estimate 5 substitution rates that might be overfitting!
WARNING: Please only use GTRX with very large data and always test for model fit!
Optimizing NNI: done in 0.00280864 secs using 105.1% CPU
WARNING: GTRX multistate model will estimate 5 substitution rates that might be overfitting!
WARNING: Please only use GTRX with very large data and always test for model fit!
Optimizing NNI: done in 0.00318644 secs using 105.1% CPU
WARNING: GTRX multistate model will estimate 5 substitution rates that might be overfitting!
WARNING: Please only use GTRX with very large data and always test for model fit!
Optimizing NNI: done in 0.00414396 secs using 105.1% CPU
WARNING: GTRX multistate model will estimate 5 substitution rates that might be overfitting!
WARNING: Please only use GTRX with very large data and always test for model fit!
Optimizing NNI: done in 0.00270544 secs using 105% CPU
WARNING: GTRX multistate model will estimate 5 substitution rates that might be overfitting!
WARNING: Please only use GTRX with very large data and always test for model fit!
Optimizing NNI: done in 0.00268148 secs using 105.1% CPU
WARNING: GTRX multistate model will estimate 5 substitution rates that might be overfitting!
WARNING: Please only use GTRX with very large data and always test for model fit!
Optimizing NNI: done in 0.00354987 secs using 105% CPU
WARNING: GTRX multistate model will estimate 5 substitution rates that might be overfitting!
WARNING: Please only use GTRX with very large data and always test for model fit!
Optimizing NNI: done in 0.00357527 secs using 105.1% CPU
WARNING: GTRX multistate model will estimate 5 substitution rates that might be overfitting!
WARNING: Please only use GTRX with very large data and always test for model fit!
Optimizing NNI: done in 0.00262783 secs using 105.1% CPU
WARNING: GTRX multistate model will estimate 5 substitution rates that might be overfitting!
WARNING: Please only use GTRX with very large data and always test for model fit!
Optimizing NNI: done in 0.00371471 secs using 105.1% CPU
WARNING: GTRX multistate model will estimate 5 substitution rates that might be overfitting!
WARNING: Please only use GTRX with very large data and always test for model fit!
Optimizing NNI: done in 0.00417678 secs using 105.1% CPU
WARNING: GTRX multistate model will estimate 5 substitution rates that might be overfitting!
WARNING: Please only use GTRX with very large data and always test for model fit!
Optimizing NNI: done in 0.00391901 secs using 105.1% CPU
WARNING: GTRX multistate model will estimate 5 substitution rates that might be overfitting!
WARNING: Please only use GTRX with very large data and always test for model fit!
Optimizing NNI: done in 0.00571782 secs using 105.1% CPU
WARNING: GTRX multistate model will estimate 5 substitution rates that might be overfitting!
WARNING: Please only use GTRX with very large data and always test for model fit!
Optimizing NNI: done in 0.0100214 secs using 105.1% CPU
WARNING: GTRX multistate model will estimate 5 substitution rates that might be overfitting!
WARNING: Please only use GTRX with very large data and always test for model fit!
Optimizing NNI: done in 0.00371509 secs using 105.1% CPU
WARNING: GTRX multistate model will estimate 5 substitution rates that might be overfitting!
WARNING: Please only use GTRX with very large data and always test for model fit!
Optimizing NNI: done in 0.00749904 secs using 105.1% CPU
WARNING: GTRX multistate model will estimate 5 substitution rates that might be overfitting!
WARNING: Please only use GTRX with very large data and always test for model fit!
Optimizing NNI: done in 0.0017114 secs using 105% CPU
400 samples done
WARNING: GTRX multistate model will estimate 5 substitution rates that might be overfitting!
WARNING: Please only use GTRX with very large data and always test for model fit!
Optimizing NNI: done in 0.0017172 secs using 104.8% CPU
WARNING: GTRX multistate model will estimate 5 substitution rates that might be overfitting!
WARNING: Please only use GTRX with very large data and always test for model fit!
Optimizing NNI: done in 0.00249781 secs using 105.1% CPU
WARNING: GTRX multistate model will estimate 5 substitution rates that might be overfitting!
WARNING: Please only use GTRX with very large data and always test for model fit!
Optimizing NNI: done in 0.00451852 secs using 105% CPU
WARNING: GTRX multistate model will estimate 5 substitution rates that might be overfitting!
WARNING: Please only use GTRX with very large data and always test for model fit!
Optimizing NNI: done in 0.0026869 secs using 105.1% CPU
WARNING: GTRX multistate model will estimate 5 substitution rates that might be overfitting!
WARNING: Please only use GTRX with very large data and always test for model fit!
Optimizing NNI: done in 0.00489052 secs using 105.1% CPU
WARNING: GTRX multistate model will estimate 5 substitution rates that might be overfitting!
WARNING: Please only use GTRX with very large data and always test for model fit!
Optimizing NNI: done in 0.00359267 secs using 105% CPU
WARNING: GTRX multistate model will estimate 5 substitution rates that might be overfitting!
WARNING: Please only use GTRX with very large data and always test for model fit!
Optimizing NNI: done in 0.00513325 secs using 105.1% CPU
WARNING: GTRX multistate model will estimate 5 substitution rates that might be overfitting!
WARNING: Please only use GTRX with very large data and always test for model fit!
Optimizing NNI: done in 0.00604911 secs using 105.1% CPU
WARNING: GTRX multistate model will estimate 5 substitution rates that might be overfitting!
WARNING: Please only use GTRX with very large data and always test for model fit!
Optimizing NNI: done in 0.00225374 secs using 105% CPU
WARNING: GTRX multistate model will estimate 5 substitution rates that might be overfitting!
WARNING: Please only use GTRX with very large data and always test for model fit!
Optimizing NNI: done in 0.0043086 secs using 105% CPU
WARNING: GTRX multistate model will estimate 5 substitution rates that might be overfitting!
WARNING: Please only use GTRX with very large data and always test for model fit!
Optimizing NNI: done in 0.00399958 secs using 105.1% CPU
WARNING: GTRX multistate model will estimate 5 substitution rates that might be overfitting!
WARNING: Please only use GTRX with very large data and always test for model fit!
Optimizing NNI: done in 0.00259388 secs using 104.9% CPU
WARNING: GTRX multistate model will estimate 5 substitution rates that might be overfitting!
WARNING: Please only use GTRX with very large data and always test for model fit!
Optimizing NNI: done in 0.00259254 secs using 105% CPU
WARNING: GTRX multistate model will estimate 5 substitution rates that might be overfitting!
WARNING: Please only use GTRX with very large data and always test for model fit!
Optimizing NNI: done in 0.00288055 secs using 105% CPU
WARNING: GTRX multistate model will estimate 5 substitution rates that might be overfitting!
WARNING: Please only use GTRX with very large data and always test for model fit!
Optimizing NNI: done in 0.00300639 secs using 105.1% CPU
WARNING: GTRX multistate model will estimate 5 substitution rates that might be overfitting!
WARNING: Please only use GTRX with very large data and always test for model fit!
Optimizing NNI: done in 0.00322686 secs using 105% CPU
WARNING: GTRX multistate model will estimate 5 substitution rates that might be overfitting!
WARNING: Please only use GTRX with very large data and always test for model fit!
Optimizing NNI: done in 0.00505364 secs using 105.1% CPU
WARNING: GTRX multistate model will estimate 5 substitution rates that might be overfitting!
WARNING: Please only use GTRX with very large data and always test for model fit!
Optimizing NNI: done in 0.00413017 secs using 105.1% CPU
WARNING: GTRX multistate model will estimate 5 substitution rates that might be overfitting!
WARNING: Please only use GTRX with very large data and always test for model fit!
Optimizing NNI: done in 0.00381391 secs using 105.1% CPU
WARNING: GTRX multistate model will estimate 5 substitution rates that might be overfitting!
WARNING: Please only use GTRX with very large data and always test for model fit!
Optimizing NNI: done in 0.00400157 secs using 105.1% CPU
WARNING: GTRX multistate model will estimate 5 substitution rates that might be overfitting!
WARNING: Please only use GTRX with very large data and always test for model fit!
Optimizing NNI: done in 0.00527307 secs using 105% CPU
WARNING: GTRX multistate model will estimate 5 substitution rates that might be overfitting!
WARNING: Please only use GTRX with very large data and always test for model fit!
Optimizing NNI: done in 0.003487 secs using 105.1% CPU
WARNING: GTRX multistate model will estimate 5 substitution rates that might be overfitting!
WARNING: Please only use GTRX with very large data and always test for model fit!
Optimizing NNI: done in 0.00246414 secs using 105% CPU
WARNING: GTRX multistate model will estimate 5 substitution rates that might be overfitting!
WARNING: Please only use GTRX with very large data and always test for model fit!
Optimizing NNI: done in 0.00470019 secs using 105.1% CPU
WARNING: GTRX multistate model will estimate 5 substitution rates that might be overfitting!
WARNING: Please only use GTRX with very large data and always test for model fit!
Optimizing NNI: done in 0.00466177 secs using 105.1% CPU
WARNING: GTRX multistate model will estimate 5 substitution rates that might be overfitting!
WARNING: Please only use GTRX with very large data and always test for model fit!
Optimizing NNI: done in 0.00266217 secs using 105.1% CPU
WARNING: GTRX multistate model will estimate 5 substitution rates that might be overfitting!
WARNING: Please only use GTRX with very large data and always test for model fit!
Optimizing NNI: done in 0.00269184 secs using 105% CPU
WARNING: GTRX multistate model will estimate 5 substitution rates that might be overfitting!
WARNING: Please only use GTRX with very large data and always test for model fit!
Optimizing NNI: done in 0.00279666 secs using 105.1% CPU
WARNING: GTRX multistate model will estimate 5 substitution rates that might be overfitting!
WARNING: Please only use GTRX with very large data and always test for model fit!
Optimizing NNI: done in 0.00440049 secs using 105.1% CPU
WARNING: GTRX multistate model will estimate 5 substitution rates that might be overfitting!
WARNING: Please only use GTRX with very large data and always test for model fit!
Optimizing NNI: done in 0.00337467 secs using 105% CPU
WARNING: GTRX multistate model will estimate 5 substitution rates that might be overfitting!
WARNING: Please only use GTRX with very large data and always test for model fit!
Optimizing NNI: done in 0.00349794 secs using 105.1% CPU
WARNING: GTRX multistate model will estimate 5 substitution rates that might be overfitting!
WARNING: Please only use GTRX with very large data and always test for model fit!
Optimizing NNI: done in 0.0031834 secs using 105.1% CPU
WARNING: GTRX multistate model will estimate 5 substitution rates that might be overfitting!
WARNING: Please only use GTRX with very large data and always test for model fit!
Optimizing NNI: done in 0.00360685 secs using 105% CPU
WARNING: GTRX multistate model will estimate 5 substitution rates that might be overfitting!
WARNING: Please only use GTRX with very large data and always test for model fit!
Optimizing NNI: done in 0.0035611 secs using 105.1% CPU
WARNING: GTRX multistate model will estimate 5 substitution rates that might be overfitting!
WARNING: Please only use GTRX with very large data and always test for model fit!
Optimizing NNI: done in 0.00359505 secs using 105% CPU
WARNING: GTRX multistate model will estimate 5 substitution rates that might be overfitting!
WARNING: Please only use GTRX with very large data and always test for model fit!
Optimizing NNI: done in 0.00423765 secs using 105.1% CPU
WARNING: GTRX multistate model will estimate 5 substitution rates that might be overfitting!
WARNING: Please only use GTRX with very large data and always test for model fit!
Optimizing NNI: done in 0.00258807 secs using 105.1% CPU
WARNING: GTRX multistate model will estimate 5 substitution rates that might be overfitting!
WARNING: Please only use GTRX with very large data and always test for model fit!
Optimizing NNI: done in 0.00309637 secs using 105.1% CPU
WARNING: GTRX multistate model will estimate 5 substitution rates that might be overfitting!
WARNING: Please only use GTRX with very large data and always test for model fit!
Optimizing NNI: done in 0.00164206 secs using 105% CPU
WARNING: GTRX multistate model will estimate 5 substitution rates that might be overfitting!
WARNING: Please only use GTRX with very large data and always test for model fit!
Optimizing NNI: done in 0.00564002 secs using 105.1% CPU
WARNING: GTRX multistate model will estimate 5 substitution rates that might be overfitting!
WARNING: Please only use GTRX with very large data and always test for model fit!
Optimizing NNI: done in 0.00203203 secs using 105% CPU
WARNING: GTRX multistate model will estimate 5 substitution rates that might be overfitting!
WARNING: Please only use GTRX with very large data and always test for model fit!
Optimizing NNI: done in 0.00544675 secs using 105.1% CPU
WARNING: GTRX multistate model will estimate 5 substitution rates that might be overfitting!
WARNING: Please only use GTRX with very large data and always test for model fit!
Optimizing NNI: done in 0.00336668 secs using 105% CPU
WARNING: GTRX multistate model will estimate 5 substitution rates that might be overfitting!
WARNING: Please only use GTRX with very large data and always test for model fit!
Optimizing NNI: done in 0.00248392 secs using 105% CPU
WARNING: GTRX multistate model will estimate 5 substitution rates that might be overfitting!
WARNING: Please only use GTRX with very large data and always test for model fit!
Optimizing NNI: done in 0.00197401 secs using 105% CPU
WARNING: GTRX multistate model will estimate 5 substitution rates that might be overfitting!
WARNING: Please only use GTRX with very large data and always test for model fit!
Optimizing NNI: done in 0.00169942 secs using 105% CPU
WARNING: GTRX multistate model will estimate 5 substitution rates that might be overfitting!
WARNING: Please only use GTRX with very large data and always test for model fit!
Optimizing NNI: done in 0.00152022 secs using 105% CPU
WARNING: GTRX multistate model will estimate 5 substitution rates that might be overfitting!
WARNING: Please only use GTRX with very large data and always test for model fit!
Optimizing NNI: done in 0.00166517 secs
WARNING: GTRX multistate model will estimate 5 substitution rates that might be overfitting!
WARNING: Please only use GTRX with very large data and always test for model fit!
Optimizing NNI: done in 0.00593155 secs using 100.6% CPU
WARNING: GTRX multistate model will estimate 5 substitution rates that might be overfitting!
WARNING: Please only use GTRX with very large data and always test for model fit!
Optimizing NNI: done in 0.00365602 secs using 105% CPU
WARNING: GTRX multistate model will estimate 5 substitution rates that might be overfitting!
WARNING: Please only use GTRX with very large data and always test for model fit!
Optimizing NNI: done in 0.00314763 secs using 105% CPU
WARNING: GTRX multistate model will estimate 5 substitution rates that might be overfitting!
WARNING: Please only use GTRX with very large data and always test for model fit!
Optimizing NNI: done in 0.00208653 secs using 104.9% CPU
WARNING: GTRX multistate model will estimate 5 substitution rates that might be overfitting!
WARNING: Please only use GTRX with very large data and always test for model fit!
Optimizing NNI: done in 0.00366049 secs using 105.1% CPU
WARNING: GTRX multistate model will estimate 5 substitution rates that might be overfitting!
WARNING: Please only use GTRX with very large data and always test for model fit!
Optimizing NNI: done in 0.00541146 secs using 105% CPU
WARNING: GTRX multistate model will estimate 5 substitution rates that might be overfitting!
WARNING: Please only use GTRX with very large data and always test for model fit!
Optimizing NNI: done in 0.00263582 secs using 102.8% CPU
WARNING: GTRX multistate model will estimate 5 substitution rates that might be overfitting!
WARNING: Please only use GTRX with very large data and always test for model fit!
Optimizing NNI: done in 0.00919408 secs using 105.1% CPU
WARNING: GTRX multistate model will estimate 5 substitution rates that might be overfitting!
WARNING: Please only use GTRX with very large data and always test for model fit!
Optimizing NNI: done in 0.005582 secs using 104.9% CPU
WARNING: GTRX multistate model will estimate 5 substitution rates that might be overfitting!
WARNING: Please only use GTRX with very large data and always test for model fit!
Optimizing NNI: done in 0.0062887 secs using 105% CPU
WARNING: GTRX multistate model will estimate 5 substitution rates that might be overfitting!
WARNING: Please only use GTRX with very large data and always test for model fit!
Optimizing NNI: done in 0.00329563 secs using 105% CPU
WARNING: GTRX multistate model will estimate 5 substitution rates that might be overfitting!
WARNING: Please only use GTRX with very large data and always test for model fit!
Optimizing NNI: done in 0.00189098 secs using 104.9% CPU
WARNING: GTRX multistate model will estimate 5 substitution rates that might be overfitting!
WARNING: Please only use GTRX with very large data and always test for model fit!
Optimizing NNI: done in 0.00235618 secs using 104.9% CPU
WARNING: GTRX multistate model will estimate 5 substitution rates that might be overfitting!
WARNING: Please only use GTRX with very large data and always test for model fit!
Optimizing NNI: done in 0.010171 secs using 105.1% CPU
WARNING: GTRX multistate model will estimate 5 substitution rates that might be overfitting!
WARNING: Please only use GTRX with very large data and always test for model fit!
Optimizing NNI: done in 0.00243075 secs using 105% CPU
WARNING: GTRX multistate model will estimate 5 substitution rates that might be overfitting!
WARNING: Please only use GTRX with very large data and always test for model fit!
Optimizing NNI: done in 0.0017426 secs using 104.8% CPU
WARNING: GTRX multistate model will estimate 5 substitution rates that might be overfitting!
WARNING: Please only use GTRX with very large data and always test for model fit!
Optimizing NNI: done in 0.00490146 secs using 105.1% CPU
WARNING: GTRX multistate model will estimate 5 substitution rates that might be overfitting!
WARNING: Please only use GTRX with very large data and always test for model fit!
Optimizing NNI: done in 0.00157187 secs using 105% CPU
WARNING: GTRX multistate model will estimate 5 substitution rates that might be overfitting!
WARNING: Please only use GTRX with very large data and always test for model fit!
Optimizing NNI: done in 0.00357251 secs using 105.1% CPU
WARNING: GTRX multistate model will estimate 5 substitution rates that might be overfitting!
WARNING: Please only use GTRX with very large data and always test for model fit!
Optimizing NNI: done in 0.00182478 secs using 105% CPU
WARNING: GTRX multistate model will estimate 5 substitution rates that might be overfitting!
WARNING: Please only use GTRX with very large data and always test for model fit!
Optimizing NNI: done in 0.00263211 secs using 105% CPU
WARNING: GTRX multistate model will estimate 5 substitution rates that might be overfitting!
WARNING: Please only use GTRX with very large data and always test for model fit!
Optimizing NNI: done in 0.00575806 secs using 105.1% CPU
WARNING: GTRX multistate model will estimate 5 substitution rates that might be overfitting!
WARNING: Please only use GTRX with very large data and always test for model fit!
Optimizing NNI: done in 0.00447353 secs using 105% CPU
WARNING: GTRX multistate model will estimate 5 substitution rates that might be overfitting!
WARNING: Please only use GTRX with very large data and always test for model fit!
Optimizing NNI: done in 0.00225184 secs using 105% CPU
WARNING: GTRX multistate model will estimate 5 substitution rates that might be overfitting!
WARNING: Please only use GTRX with very large data and always test for model fit!
Optimizing NNI: done in 0.00510044 secs using 105.1% CPU
WARNING: GTRX multistate model will estimate 5 substitution rates that might be overfitting!
WARNING: Please only use GTRX with very large data and always test for model fit!
Optimizing NNI: done in 0.00289739 secs using 104.9% CPU
WARNING: GTRX multistate model will estimate 5 substitution rates that might be overfitting!
WARNING: Please only use GTRX with very large data and always test for model fit!
Optimizing NNI: done in 0.00257276 secs using 105% CPU
WARNING: GTRX multistate model will estimate 5 substitution rates that might be overfitting!
WARNING: Please only use GTRX with very large data and always test for model fit!
Optimizing NNI: done in 0.00390836 secs using 104.9% CPU
WARNING: GTRX multistate model will estimate 5 substitution rates that might be overfitting!
WARNING: Please only use GTRX with very large data and always test for model fit!
Optimizing NNI: done in 0.00425762 secs using 105% CPU
WARNING: GTRX multistate model will estimate 5 substitution rates that might be overfitting!
WARNING: Please only use GTRX with very large data and always test for model fit!
Optimizing NNI: done in 0.00191228 secs using 105.1% CPU
WARNING: GTRX multistate model will estimate 5 substitution rates that might be overfitting!
WARNING: Please only use GTRX with very large data and always test for model fit!
Optimizing NNI: done in 0.0076633 secs using 105.1% CPU
WARNING: GTRX multistate model will estimate 5 substitution rates that might be overfitting!
WARNING: Please only use GTRX with very large data and always test for model fit!
Optimizing NNI: done in 0.0017134 secs using 104.9% CPU
WARNING: GTRX multistate model will estimate 5 substitution rates that might be overfitting!
WARNING: Please only use GTRX with very large data and always test for model fit!
Optimizing NNI: done in 0.0048636 secs using 105% CPU
WARNING: GTRX multistate model will estimate 5 substitution rates that might be overfitting!
WARNING: Please only use GTRX with very large data and always test for model fit!
Optimizing NNI: done in 0.002426 secs using 105% CPU
WARNING: GTRX multistate model will estimate 5 substitution rates that might be overfitting!
WARNING: Please only use GTRX with very large data and always test for model fit!
Optimizing NNI: done in 0.00329135 secs using 105.1% CPU
WARNING: GTRX multistate model will estimate 5 substitution rates that might be overfitting!
WARNING: Please only use GTRX with very large data and always test for model fit!
Optimizing NNI: done in 0.00328355 secs using 105% CPU
WARNING: GTRX multistate model will estimate 5 substitution rates that might be overfitting!
WARNING: Please only use GTRX with very large data and always test for model fit!
Optimizing NNI: done in 0.0036584 secs using 105% CPU
WARNING: GTRX multistate model will estimate 5 substitution rates that might be overfitting!
WARNING: Please only use GTRX with very large data and always test for model fit!
Optimizing NNI: done in 0.00310179 secs using 105% CPU
WARNING: GTRX multistate model will estimate 5 substitution rates that might be overfitting!
WARNING: Please only use GTRX with very large data and always test for model fit!
Optimizing NNI: done in 0.00545845 secs using 105% CPU
WARNING: GTRX multistate model will estimate 5 substitution rates that might be overfitting!
WARNING: Please only use GTRX with very large data and always test for model fit!
Optimizing NNI: done in 0.00209053 secs using 104.9% CPU
WARNING: GTRX multistate model will estimate 5 substitution rates that might be overfitting!
WARNING: Please only use GTRX with very large data and always test for model fit!
Optimizing NNI: done in 0.00372707 secs using 105% CPU
WARNING: GTRX multistate model will estimate 5 substitution rates that might be overfitting!
WARNING: Please only use GTRX with very large data and always test for model fit!
Optimizing NNI: done in 0.00297643 secs using 105% CPU
WARNING: GTRX multistate model will estimate 5 substitution rates that might be overfitting!
WARNING: Please only use GTRX with very large data and always test for model fit!
Optimizing NNI: done in 0.00886584 secs using 105.1% CPU
WARNING: GTRX multistate model will estimate 5 substitution rates that might be overfitting!
WARNING: Please only use GTRX with very large data and always test for model fit!
Optimizing NNI: done in 0.00336887 secs using 105.1% CPU
WARNING: GTRX multistate model will estimate 5 substitution rates that might be overfitting!
WARNING: Please only use GTRX with very large data and always test for model fit!
Optimizing NNI: done in 0.00487834 secs using 105.1% CPU
WARNING: GTRX multistate model will estimate 5 substitution rates that might be overfitting!
WARNING: Please only use GTRX with very large data and always test for model fit!
Optimizing NNI: done in 0.00159964 secs using 105% CPU
WARNING: GTRX multistate model will estimate 5 substitution rates that might be overfitting!
WARNING: Please only use GTRX with very large data and always test for model fit!
Optimizing NNI: done in 0.00183771 secs using 104.8% CPU
WARNING: GTRX multistate model will estimate 5 substitution rates that might be overfitting!
WARNING: Please only use GTRX with very large data and always test for model fit!
Optimizing NNI: done in 0.00390513 secs using 105.1% CPU
WARNING: GTRX multistate model will estimate 5 substitution rates that might be overfitting!
WARNING: Please only use GTRX with very large data and always test for model fit!
Optimizing NNI: done in 0.00803492 secs using 105.1% CPU
WARNING: GTRX multistate model will estimate 5 substitution rates that might be overfitting!
WARNING: Please only use GTRX with very large data and always test for model fit!
Optimizing NNI: done in 0.00337933 secs using 105.1% CPU
WARNING: GTRX multistate model will estimate 5 substitution rates that might be overfitting!
WARNING: Please only use GTRX with very large data and always test for model fit!
Optimizing NNI: done in 0.00145839 secs using 105% CPU
WARNING: GTRX multistate model will estimate 5 substitution rates that might be overfitting!
WARNING: Please only use GTRX with very large data and always test for model fit!
Optimizing NNI: done in 0.00183324 secs using 104.9% CPU
500 samples done
WARNING: GTRX multistate model will estimate 5 substitution rates that might be overfitting!
WARNING: Please only use GTRX with very large data and always test for model fit!
Optimizing NNI: done in 0.00218498 secs using 105.1% CPU
WARNING: GTRX multistate model will estimate 5 substitution rates that might be overfitting!
WARNING: Please only use GTRX with very large data and always test for model fit!
Optimizing NNI: done in 0.00244597 secs using 104.9% CPU
WARNING: GTRX multistate model will estimate 5 substitution rates that might be overfitting!
WARNING: Please only use GTRX with very large data and always test for model fit!
Optimizing NNI: done in 0.0033624 secs using 105.1% CPU
WARNING: GTRX multistate model will estimate 5 substitution rates that might be overfitting!
WARNING: Please only use GTRX with very large data and always test for model fit!
Optimizing NNI: done in 0.00261081 secs using 105% CPU
WARNING: GTRX multistate model will estimate 5 substitution rates that might be overfitting!
WARNING: Please only use GTRX with very large data and always test for model fit!
Optimizing NNI: done in 0.00427655 secs using 105.1% CPU
WARNING: GTRX multistate model will estimate 5 substitution rates that might be overfitting!
WARNING: Please only use GTRX with very large data and always test for model fit!
Optimizing NNI: done in 0.00398997 secs using 105% CPU
WARNING: GTRX multistate model will estimate 5 substitution rates that might be overfitting!
WARNING: Please only use GTRX with very large data and always test for model fit!
Optimizing NNI: done in 0.00343402 secs using 105.1% CPU
WARNING: GTRX multistate model will estimate 5 substitution rates that might be overfitting!
WARNING: Please only use GTRX with very large data and always test for model fit!
Optimizing NNI: done in 0.00294761 secs using 105.1% CPU
WARNING: GTRX multistate model will estimate 5 substitution rates that might be overfitting!
WARNING: Please only use GTRX with very large data and always test for model fit!
Optimizing NNI: done in 0.00401546 secs using 105% CPU
WARNING: GTRX multistate model will estimate 5 substitution rates that might be overfitting!
WARNING: Please only use GTRX with very large data and always test for model fit!
Optimizing NNI: done in 0.00285088 secs using 105.1% CPU
WARNING: GTRX multistate model will estimate 5 substitution rates that might be overfitting!
WARNING: Please only use GTRX with very large data and always test for model fit!
Optimizing NNI: done in 0.00415452 secs using 105% CPU
WARNING: GTRX multistate model will estimate 5 substitution rates that might be overfitting!
WARNING: Please only use GTRX with very large data and always test for model fit!
Optimizing NNI: done in 0.00263278 secs using 105% CPU
WARNING: GTRX multistate model will estimate 5 substitution rates that might be overfitting!
WARNING: Please only use GTRX with very large data and always test for model fit!
Optimizing NNI: done in 0.00639628 secs using 105.1% CPU
WARNING: GTRX multistate model will estimate 5 substitution rates that might be overfitting!
WARNING: Please only use GTRX with very large data and always test for model fit!
Optimizing NNI: done in 0.00434618 secs using 105% CPU
WARNING: GTRX multistate model will estimate 5 substitution rates that might be overfitting!
WARNING: Please only use GTRX with very large data and always test for model fit!
Optimizing NNI: done in 0.00394822 secs using 105.1% CPU
WARNING: GTRX multistate model will estimate 5 substitution rates that might be overfitting!
WARNING: Please only use GTRX with very large data and always test for model fit!
Optimizing NNI: done in 0.00186691 secs using 105% CPU
WARNING: GTRX multistate model will estimate 5 substitution rates that might be overfitting!
WARNING: Please only use GTRX with very large data and always test for model fit!
Optimizing NNI: done in 0.00297633 secs using 105% CPU
WARNING: GTRX multistate model will estimate 5 substitution rates that might be overfitting!
WARNING: Please only use GTRX with very large data and always test for model fit!
Optimizing NNI: done in 0.00263306 secs using 105% CPU
WARNING: GTRX multistate model will estimate 5 substitution rates that might be overfitting!
WARNING: Please only use GTRX with very large data and always test for model fit!
Optimizing NNI: done in 0.0049201 secs using 105.1% CPU
WARNING: GTRX multistate model will estimate 5 substitution rates that might be overfitting!
WARNING: Please only use GTRX with very large data and always test for model fit!
Optimizing NNI: done in 0.00222997 secs using 105% CPU
WARNING: GTRX multistate model will estimate 5 substitution rates that might be overfitting!
WARNING: Please only use GTRX with very large data and always test for model fit!
Optimizing NNI: done in 0.00322915 secs using 105% CPU
WARNING: GTRX multistate model will estimate 5 substitution rates that might be overfitting!
WARNING: Please only use GTRX with very large data and always test for model fit!
Optimizing NNI: done in 0.00367143 secs using 105.1% CPU
WARNING: GTRX multistate model will estimate 5 substitution rates that might be overfitting!
WARNING: Please only use GTRX with very large data and always test for model fit!
Optimizing NNI: done in 0.00339436 secs using 105.1% CPU
WARNING: GTRX multistate model will estimate 5 substitution rates that might be overfitting!
WARNING: Please only use GTRX with very large data and always test for model fit!
Optimizing NNI: done in 0.00423812 secs using 105.1% CPU
WARNING: GTRX multistate model will estimate 5 substitution rates that might be overfitting!
WARNING: Please only use GTRX with very large data and always test for model fit!
Optimizing NNI: done in 0.00252768 secs using 105.1% CPU
WARNING: GTRX multistate model will estimate 5 substitution rates that might be overfitting!
WARNING: Please only use GTRX with very large data and always test for model fit!
Optimizing NNI: done in 0.00470295 secs using 105.1% CPU
WARNING: GTRX multistate model will estimate 5 substitution rates that might be overfitting!
WARNING: Please only use GTRX with very large data and always test for model fit!
Optimizing NNI: done in 0.00321935 secs using 105.1% CPU
WARNING: GTRX multistate model will estimate 5 substitution rates that might be overfitting!
WARNING: Please only use GTRX with very large data and always test for model fit!
Optimizing NNI: done in 0.00162351 secs using 104.8% CPU
WARNING: GTRX multistate model will estimate 5 substitution rates that might be overfitting!
WARNING: Please only use GTRX with very large data and always test for model fit!
Optimizing NNI: done in 0.00307183 secs using 105.1% CPU
WARNING: GTRX multistate model will estimate 5 substitution rates that might be overfitting!
WARNING: Please only use GTRX with very large data and always test for model fit!
Optimizing NNI: done in 0.00522817 secs using 105.1% CPU
WARNING: GTRX multistate model will estimate 5 substitution rates that might be overfitting!
WARNING: Please only use GTRX with very large data and always test for model fit!
Optimizing NNI: done in 0.00325543 secs using 110.2% CPU
WARNING: GTRX multistate model will estimate 5 substitution rates that might be overfitting!
WARNING: Please only use GTRX with very large data and always test for model fit!
Optimizing NNI: done in 0.00377756 secs using 110.3% CPU
WARNING: GTRX multistate model will estimate 5 substitution rates that might be overfitting!
WARNING: Please only use GTRX with very large data and always test for model fit!
Optimizing NNI: done in 0.00438446 secs using 110.3% CPU
WARNING: GTRX multistate model will estimate 5 substitution rates that might be overfitting!
WARNING: Please only use GTRX with very large data and always test for model fit!
Optimizing NNI: done in 0.00224989 secs using 110.2% CPU
WARNING: GTRX multistate model will estimate 5 substitution rates that might be overfitting!
WARNING: Please only use GTRX with very large data and always test for model fit!
Optimizing NNI: done in 0.0029645 secs using 110.2% CPU
WARNING: GTRX multistate model will estimate 5 substitution rates that might be overfitting!
WARNING: Please only use GTRX with very large data and always test for model fit!
Optimizing NNI: done in 0.00255162 secs using 110.2% CPU
WARNING: GTRX multistate model will estimate 5 substitution rates that might be overfitting!
WARNING: Please only use GTRX with very large data and always test for model fit!
Optimizing NNI: done in 0.00589989 secs using 110.2% CPU
WARNING: GTRX multistate model will estimate 5 substitution rates that might be overfitting!
WARNING: Please only use GTRX with very large data and always test for model fit!
Optimizing NNI: done in 0.00429135 secs using 110.2% CPU
WARNING: GTRX multistate model will estimate 5 substitution rates that might be overfitting!
WARNING: Please only use GTRX with very large data and always test for model fit!
Optimizing NNI: done in 0.00337819 secs using 110.2% CPU
WARNING: GTRX multistate model will estimate 5 substitution rates that might be overfitting!
WARNING: Please only use GTRX with very large data and always test for model fit!
Optimizing NNI: done in 0.00570487 secs using 110.2% CPU
WARNING: GTRX multistate model will estimate 5 substitution rates that might be overfitting!
WARNING: Please only use GTRX with very large data and always test for model fit!
Optimizing NNI: done in 0.00166738 secs using 110.2% CPU
WARNING: GTRX multistate model will estimate 5 substitution rates that might be overfitting!
WARNING: Please only use GTRX with very large data and always test for model fit!
Optimizing NNI: done in 0.0015313 secs using 110.2% CPU
WARNING: GTRX multistate model will estimate 5 substitution rates that might be overfitting!
WARNING: Please only use GTRX with very large data and always test for model fit!
Optimizing NNI: done in 0.00229595 secs
WARNING: GTRX multistate model will estimate 5 substitution rates that might be overfitting!
WARNING: Please only use GTRX with very large data and always test for model fit!
Optimizing NNI: done in 0.00216576 secs using 38.05% CPU
WARNING: GTRX multistate model will estimate 5 substitution rates that might be overfitting!
WARNING: Please only use GTRX with very large data and always test for model fit!
Optimizing NNI: done in 0.00642021 secs using 107.2% CPU
WARNING: GTRX multistate model will estimate 5 substitution rates that might be overfitting!
WARNING: Please only use GTRX with very large data and always test for model fit!
Optimizing NNI: done in 0.00339923 secs using 110.2% CPU
WARNING: GTRX multistate model will estimate 5 substitution rates that might be overfitting!
WARNING: Please only use GTRX with very large data and always test for model fit!
Optimizing NNI: done in 0.00195505 secs using 110% CPU
WARNING: GTRX multistate model will estimate 5 substitution rates that might be overfitting!
WARNING: Please only use GTRX with very large data and always test for model fit!
Optimizing NNI: done in 0.00220048 secs using 110.2% CPU
WARNING: GTRX multistate model will estimate 5 substitution rates that might be overfitting!
WARNING: Please only use GTRX with very large data and always test for model fit!
Optimizing NNI: done in 0.00316876 secs using 110.2% CPU
WARNING: GTRX multistate model will estimate 5 substitution rates that might be overfitting!
WARNING: Please only use GTRX with very large data and always test for model fit!
Optimizing NNI: done in 0.00466153 secs using 110.3% CPU
WARNING: GTRX multistate model will estimate 5 substitution rates that might be overfitting!
WARNING: Please only use GTRX with very large data and always test for model fit!
Optimizing NNI: done in 0.00369578 secs using 110.2% CPU
WARNING: GTRX multistate model will estimate 5 substitution rates that might be overfitting!
WARNING: Please only use GTRX with very large data and always test for model fit!
Optimizing NNI: done in 0.0027363 secs using 110.2% CPU
WARNING: GTRX multistate model will estimate 5 substitution rates that might be overfitting!
WARNING: Please only use GTRX with very large data and always test for model fit!
Optimizing NNI: done in 0.00251236 secs using 110.3% CPU
WARNING: GTRX multistate model will estimate 5 substitution rates that might be overfitting!
WARNING: Please only use GTRX with very large data and always test for model fit!
Optimizing NNI: done in 0.00142903 secs using 110.1% CPU
WARNING: GTRX multistate model will estimate 5 substitution rates that might be overfitting!
WARNING: Please only use GTRX with very large data and always test for model fit!
Optimizing NNI: done in 0.00203919 secs
WARNING: GTRX multistate model will estimate 5 substitution rates that might be overfitting!
WARNING: Please only use GTRX with very large data and always test for model fit!
Optimizing NNI: done in 0.00313349 secs using 5.84% CPU
WARNING: GTRX multistate model will estimate 5 substitution rates that might be overfitting!
WARNING: Please only use GTRX with very large data and always test for model fit!
Optimizing NNI: done in 0.00118814 secs using 105.5% CPU
WARNING: GTRX multistate model will estimate 5 substitution rates that might be overfitting!
WARNING: Please only use GTRX with very large data and always test for model fit!
Optimizing NNI: done in 0.00325634 secs using 105.6% CPU
WARNING: GTRX multistate model will estimate 5 substitution rates that might be overfitting!
WARNING: Please only use GTRX with very large data and always test for model fit!
Optimizing NNI: done in 0.0022731 secs using 110.2% CPU
WARNING: GTRX multistate model will estimate 5 substitution rates that might be overfitting!
WARNING: Please only use GTRX with very large data and always test for model fit!
Optimizing NNI: done in 0.0046666 secs using 110.3% CPU
WARNING: GTRX multistate model will estimate 5 substitution rates that might be overfitting!
WARNING: Please only use GTRX with very large data and always test for model fit!
Optimizing NNI: done in 0.00421428 secs using 110.3% CPU
WARNING: GTRX multistate model will estimate 5 substitution rates that might be overfitting!
WARNING: Please only use GTRX with very large data and always test for model fit!
Optimizing NNI: done in 0.00230792 secs using 110% CPU
WARNING: GTRX multistate model will estimate 5 substitution rates that might be overfitting!
WARNING: Please only use GTRX with very large data and always test for model fit!
Optimizing NNI: done in 0.0049861 secs using 105.6% CPU
WARNING: GTRX multistate model will estimate 5 substitution rates that might be overfitting!
WARNING: Please only use GTRX with very large data and always test for model fit!
Optimizing NNI: done in 0.00128796 secs using 105.5% CPU
WARNING: GTRX multistate model will estimate 5 substitution rates that might be overfitting!
WARNING: Please only use GTRX with very large data and always test for model fit!
Optimizing NNI: done in 0.00345807 secs using 110.2% CPU
WARNING: GTRX multistate model will estimate 5 substitution rates that might be overfitting!
WARNING: Please only use GTRX with very large data and always test for model fit!
Optimizing NNI: done in 0.00271255 secs using 110.2% CPU
WARNING: GTRX multistate model will estimate 5 substitution rates that might be overfitting!
WARNING: Please only use GTRX with very large data and always test for model fit!
Optimizing NNI: done in 0.00319786 secs using 110.1% CPU
WARNING: GTRX multistate model will estimate 5 substitution rates that might be overfitting!
WARNING: Please only use GTRX with very large data and always test for model fit!
Optimizing NNI: done in 0.00203375 secs using 110.2% CPU
WARNING: GTRX multistate model will estimate 5 substitution rates that might be overfitting!
WARNING: Please only use GTRX with very large data and always test for model fit!
Optimizing NNI: done in 0.00737235 secs using 110.3% CPU
WARNING: GTRX multistate model will estimate 5 substitution rates that might be overfitting!
WARNING: Please only use GTRX with very large data and always test for model fit!
Optimizing NNI: done in 0.00294301 secs using 110.3% CPU
WARNING: GTRX multistate model will estimate 5 substitution rates that might be overfitting!
WARNING: Please only use GTRX with very large data and always test for model fit!
Optimizing NNI: done in 0.00287139 secs
WARNING: GTRX multistate model will estimate 5 substitution rates that might be overfitting!
WARNING: Please only use GTRX with very large data and always test for model fit!
Optimizing NNI: done in 0.0021847 secs using 105.6% CPU
WARNING: GTRX multistate model will estimate 5 substitution rates that might be overfitting!
WARNING: Please only use GTRX with very large data and always test for model fit!
Optimizing NNI: done in 0.00269206 secs using 105.5% CPU
WARNING: GTRX multistate model will estimate 5 substitution rates that might be overfitting!
WARNING: Please only use GTRX with very large data and always test for model fit!
Optimizing NNI: done in 0.00409642 secs using 110.2% CPU
WARNING: GTRX multistate model will estimate 5 substitution rates that might be overfitting!
WARNING: Please only use GTRX with very large data and always test for model fit!
Optimizing NNI: done in 0.00213194 secs using 110.2% CPU
WARNING: GTRX multistate model will estimate 5 substitution rates that might be overfitting!
WARNING: Please only use GTRX with very large data and always test for model fit!
Optimizing NNI: done in 0.00355807 secs using 110.2% CPU
WARNING: GTRX multistate model will estimate 5 substitution rates that might be overfitting!
WARNING: Please only use GTRX with very large data and always test for model fit!
Optimizing NNI: done in 0.00357112 secs using 105.6% CPU
WARNING: GTRX multistate model will estimate 5 substitution rates that might be overfitting!
WARNING: Please only use GTRX with very large data and always test for model fit!
Optimizing NNI: done in 0.00158044 secs using 110.1% CPU
WARNING: GTRX multistate model will estimate 5 substitution rates that might be overfitting!
WARNING: Please only use GTRX with very large data and always test for model fit!
Optimizing NNI: done in 0.00245778 secs using 105.6% CPU
WARNING: GTRX multistate model will estimate 5 substitution rates that might be overfitting!
WARNING: Please only use GTRX with very large data and always test for model fit!
Optimizing NNI: done in 0.00165324 secs using 110.1% CPU
WARNING: GTRX multistate model will estimate 5 substitution rates that might be overfitting!
WARNING: Please only use GTRX with very large data and always test for model fit!
Optimizing NNI: done in 0.00260819 secs using 106.1% CPU
WARNING: GTRX multistate model will estimate 5 substitution rates that might be overfitting!
WARNING: Please only use GTRX with very large data and always test for model fit!
Optimizing NNI: done in 0.00184481 secs using 110.1% CPU
WARNING: GTRX multistate model will estimate 5 substitution rates that might be overfitting!
WARNING: Please only use GTRX with very large data and always test for model fit!
Optimizing NNI: done in 0.00390467 secs using 110.2% CPU
WARNING: GTRX multistate model will estimate 5 substitution rates that might be overfitting!
WARNING: Please only use GTRX with very large data and always test for model fit!
Optimizing NNI: done in 0.00387711 secs using 110.2% CPU
WARNING: GTRX multistate model will estimate 5 substitution rates that might be overfitting!
WARNING: Please only use GTRX with very large data and always test for model fit!
Optimizing NNI: done in 0.00477757 secs using 110.3% CPU
WARNING: GTRX multistate model will estimate 5 substitution rates that might be overfitting!
WARNING: Please only use GTRX with very large data and always test for model fit!
Optimizing NNI: done in 0.0123082 secs using 110.2% CPU
WARNING: GTRX multistate model will estimate 5 substitution rates that might be overfitting!
WARNING: Please only use GTRX with very large data and always test for model fit!
Optimizing NNI: done in 0.00327184 secs using 110.2% CPU
WARNING: GTRX multistate model will estimate 5 substitution rates that might be overfitting!
WARNING: Please only use GTRX with very large data and always test for model fit!
Optimizing NNI: done in 0.00296413 secs using 110.2% CPU
WARNING: GTRX multistate model will estimate 5 substitution rates that might be overfitting!
WARNING: Please only use GTRX with very large data and always test for model fit!
Optimizing NNI: done in 0.00474675 secs using 110.3% CPU
WARNING: GTRX multistate model will estimate 5 substitution rates that might be overfitting!
WARNING: Please only use GTRX with very large data and always test for model fit!
Optimizing NNI: done in 0.00333767 secs using 110.2% CPU
WARNING: GTRX multistate model will estimate 5 substitution rates that might be overfitting!
WARNING: Please only use GTRX with very large data and always test for model fit!
Optimizing NNI: done in 0.00243929 secs using 110.2% CPU
WARNING: GTRX multistate model will estimate 5 substitution rates that might be overfitting!
WARNING: Please only use GTRX with very large data and always test for model fit!
Optimizing NNI: done in 0.00376677 secs using 110.3% CPU
WARNING: GTRX multistate model will estimate 5 substitution rates that might be overfitting!
WARNING: Please only use GTRX with very large data and always test for model fit!
Optimizing NNI: done in 0.00341518 secs using 110.2% CPU
WARNING: GTRX multistate model will estimate 5 substitution rates that might be overfitting!
WARNING: Please only use GTRX with very large data and always test for model fit!
Optimizing NNI: done in 0.00356922 secs using 110.2% CPU
WARNING: GTRX multistate model will estimate 5 substitution rates that might be overfitting!
WARNING: Please only use GTRX with very large data and always test for model fit!
Optimizing NNI: done in 0.00212641 secs using 110.2% CPU
WARNING: GTRX multistate model will estimate 5 substitution rates that might be overfitting!
WARNING: Please only use GTRX with very large data and always test for model fit!
Optimizing NNI: done in 0.00224899 secs using 110.2% CPU
WARNING: GTRX multistate model will estimate 5 substitution rates that might be overfitting!
WARNING: Please only use GTRX with very large data and always test for model fit!
Optimizing NNI: done in 0.00363014 secs using 110.2% CPU
WARNING: GTRX multistate model will estimate 5 substitution rates that might be overfitting!
WARNING: Please only use GTRX with very large data and always test for model fit!
Optimizing NNI: done in 0.00490568 secs using 102.4% CPU
WARNING: GTRX multistate model will estimate 5 substitution rates that might be overfitting!
WARNING: Please only use GTRX with very large data and always test for model fit!
Optimizing NNI: done in 0.0032499 secs
WARNING: GTRX multistate model will estimate 5 substitution rates that might be overfitting!
WARNING: Please only use GTRX with very large data and always test for model fit!
Optimizing NNI: done in 0.00263593 secs using 105.5% CPU
600 samples done
WARNING: GTRX multistate model will estimate 5 substitution rates that might be overfitting!
WARNING: Please only use GTRX with very large data and always test for model fit!
Optimizing NNI: done in 0.00513687 secs
WARNING: GTRX multistate model will estimate 5 substitution rates that might be overfitting!
WARNING: Please only use GTRX with very large data and always test for model fit!
Optimizing NNI: done in 0.00281454 secs using 105.5% CPU
WARNING: GTRX multistate model will estimate 5 substitution rates that might be overfitting!
WARNING: Please only use GTRX with very large data and always test for model fit!
Optimizing NNI: done in 0.00382679 secs using 110.2% CPU
WARNING: GTRX multistate model will estimate 5 substitution rates that might be overfitting!
WARNING: Please only use GTRX with very large data and always test for model fit!
Optimizing NNI: done in 0.00357955 secs
WARNING: GTRX multistate model will estimate 5 substitution rates that might be overfitting!
WARNING: Please only use GTRX with very large data and always test for model fit!
Optimizing NNI: done in 0.00271236 secs using 54.82% CPU
WARNING: GTRX multistate model will estimate 5 substitution rates that might be overfitting!
WARNING: Please only use GTRX with very large data and always test for model fit!
Optimizing NNI: done in 0.00146838 secs using 105.4% CPU
WARNING: GTRX multistate model will estimate 5 substitution rates that might be overfitting!
WARNING: Please only use GTRX with very large data and always test for model fit!
Optimizing NNI: done in 0.00288245 secs using 110.1% CPU
WARNING: GTRX multistate model will estimate 5 substitution rates that might be overfitting!
WARNING: Please only use GTRX with very large data and always test for model fit!
Optimizing NNI: done in 0.0013274 secs using 105.4% CPU
WARNING: GTRX multistate model will estimate 5 substitution rates that might be overfitting!
WARNING: Please only use GTRX with very large data and always test for model fit!
Optimizing NNI: done in 0.00368436 secs using 108.2% CPU
WARNING: GTRX multistate model will estimate 5 substitution rates that might be overfitting!
WARNING: Please only use GTRX with very large data and always test for model fit!
Optimizing NNI: done in 0.00523479 secs using 110.2% CPU
WARNING: GTRX multistate model will estimate 5 substitution rates that might be overfitting!
WARNING: Please only use GTRX with very large data and always test for model fit!
Optimizing NNI: done in 0.0045171 secs using 110.2% CPU
WARNING: GTRX multistate model will estimate 5 substitution rates that might be overfitting!
WARNING: Please only use GTRX with very large data and always test for model fit!
Optimizing NNI: done in 0.0043122 secs using 110.2% CPU
WARNING: GTRX multistate model will estimate 5 substitution rates that might be overfitting!
WARNING: Please only use GTRX with very large data and always test for model fit!
Optimizing NNI: done in 0.00152577 secs using 110% CPU
WARNING: GTRX multistate model will estimate 5 substitution rates that might be overfitting!
WARNING: Please only use GTRX with very large data and always test for model fit!
Optimizing NNI: done in 0.00371981 secs using 110.2% CPU
WARNING: GTRX multistate model will estimate 5 substitution rates that might be overfitting!
WARNING: Please only use GTRX with very large data and always test for model fit!
Optimizing NNI: done in 0.00173493 secs using 110% CPU
WARNING: GTRX multistate model will estimate 5 substitution rates that might be overfitting!
WARNING: Please only use GTRX with very large data and always test for model fit!
Optimizing NNI: done in 0.00827825 secs using 110.2% CPU
WARNING: GTRX multistate model will estimate 5 substitution rates that might be overfitting!
WARNING: Please only use GTRX with very large data and always test for model fit!
Optimizing NNI: done in 0.0058105 secs
WARNING: GTRX multistate model will estimate 5 substitution rates that might be overfitting!
WARNING: Please only use GTRX with very large data and always test for model fit!
Optimizing NNI: done in 0.00379461 secs
WARNING: GTRX multistate model will estimate 5 substitution rates that might be overfitting!
WARNING: Please only use GTRX with very large data and always test for model fit!
Optimizing NNI: done in 0.00207836 secs using 105.5% CPU
WARNING: GTRX multistate model will estimate 5 substitution rates that might be overfitting!
WARNING: Please only use GTRX with very large data and always test for model fit!
Optimizing NNI: done in 0.0042006 secs using 105.4% CPU
WARNING: GTRX multistate model will estimate 5 substitution rates that might be overfitting!
WARNING: Please only use GTRX with very large data and always test for model fit!
Optimizing NNI: done in 0.0026712 secs using 110.2% CPU
WARNING: GTRX multistate model will estimate 5 substitution rates that might be overfitting!
WARNING: Please only use GTRX with very large data and always test for model fit!
Optimizing NNI: done in 0.00153347 secs using 110.1% CPU
WARNING: GTRX multistate model will estimate 5 substitution rates that might be overfitting!
WARNING: Please only use GTRX with very large data and always test for model fit!
Optimizing NNI: done in 0.00309306 secs using 110.1% CPU
WARNING: GTRX multistate model will estimate 5 substitution rates that might be overfitting!
WARNING: Please only use GTRX with very large data and always test for model fit!
Optimizing NNI: done in 0.00228344 secs using 110% CPU
WARNING: GTRX multistate model will estimate 5 substitution rates that might be overfitting!
WARNING: Please only use GTRX with very large data and always test for model fit!
Optimizing NNI: done in 0.00245642 secs using 110.1% CPU
WARNING: GTRX multistate model will estimate 5 substitution rates that might be overfitting!
WARNING: Please only use GTRX with very large data and always test for model fit!
Optimizing NNI: done in 0.0014837 secs using 110.1% CPU
WARNING: GTRX multistate model will estimate 5 substitution rates that might be overfitting!
WARNING: Please only use GTRX with very large data and always test for model fit!
Optimizing NNI: done in 0.00327039 secs using 110.2% CPU
WARNING: GTRX multistate model will estimate 5 substitution rates that might be overfitting!
WARNING: Please only use GTRX with very large data and always test for model fit!
Optimizing NNI: done in 0.00427086 secs using 106.3% CPU
WARNING: GTRX multistate model will estimate 5 substitution rates that might be overfitting!
WARNING: Please only use GTRX with very large data and always test for model fit!
Optimizing NNI: done in 0.00314501 secs using 105.5% CPU
WARNING: GTRX multistate model will estimate 5 substitution rates that might be overfitting!
WARNING: Please only use GTRX with very large data and always test for model fit!
Optimizing NNI: done in 0.00226603 secs
WARNING: GTRX multistate model will estimate 5 substitution rates that might be overfitting!
WARNING: Please only use GTRX with very large data and always test for model fit!
Optimizing NNI: done in 0.00192278 secs using 105.4% CPU
WARNING: GTRX multistate model will estimate 5 substitution rates that might be overfitting!
WARNING: Please only use GTRX with very large data and always test for model fit!
Optimizing NNI: done in 0.00388717 secs using 110.2% CPU
WARNING: GTRX multistate model will estimate 5 substitution rates that might be overfitting!
WARNING: Please only use GTRX with very large data and always test for model fit!
Optimizing NNI: done in 0.00250638 secs using 110.2% CPU
WARNING: GTRX multistate model will estimate 5 substitution rates that might be overfitting!
WARNING: Please only use GTRX with very large data and always test for model fit!
Optimizing NNI: done in 0.00285062 secs using 105.4% CPU
WARNING: GTRX multistate model will estimate 5 substitution rates that might be overfitting!
WARNING: Please only use GTRX with very large data and always test for model fit!
Optimizing NNI: done in 0.00338118 secs using 110.3% CPU
WARNING: GTRX multistate model will estimate 5 substitution rates that might be overfitting!
WARNING: Please only use GTRX with very large data and always test for model fit!
Optimizing NNI: done in 0.00134054 secs
WARNING: GTRX multistate model will estimate 5 substitution rates that might be overfitting!
WARNING: Please only use GTRX with very large data and always test for model fit!
Optimizing NNI: done in 0.002578 secs
WARNING: GTRX multistate model will estimate 5 substitution rates that might be overfitting!
WARNING: Please only use GTRX with very large data and always test for model fit!
Optimizing NNI: done in 0.00639119 secs using 106.5% CPU
WARNING: GTRX multistate model will estimate 5 substitution rates that might be overfitting!
WARNING: Please only use GTRX with very large data and always test for model fit!
Optimizing NNI: done in 0.00166938 secs using 110% CPU
WARNING: GTRX multistate model will estimate 5 substitution rates that might be overfitting!
WARNING: Please only use GTRX with very large data and always test for model fit!
Optimizing NNI: done in 0.00158189 secs using 110.2% CPU
WARNING: GTRX multistate model will estimate 5 substitution rates that might be overfitting!
WARNING: Please only use GTRX with very large data and always test for model fit!
Optimizing NNI: done in 0.00642211 secs using 110.2% CPU
WARNING: GTRX multistate model will estimate 5 substitution rates that might be overfitting!
WARNING: Please only use GTRX with very large data and always test for model fit!
Optimizing NNI: done in 0.0016196 secs using 110.2% CPU
WARNING: GTRX multistate model will estimate 5 substitution rates that might be overfitting!
WARNING: Please only use GTRX with very large data and always test for model fit!
Optimizing NNI: done in 0.00156457 secs using 110.1% CPU
WARNING: GTRX multistate model will estimate 5 substitution rates that might be overfitting!
WARNING: Please only use GTRX with very large data and always test for model fit!
Optimizing NNI: done in 0.00216639 secs using 110.2% CPU
WARNING: GTRX multistate model will estimate 5 substitution rates that might be overfitting!
WARNING: Please only use GTRX with very large data and always test for model fit!
Optimizing NNI: done in 0.00234001 secs using 110.2% CPU
WARNING: GTRX multistate model will estimate 5 substitution rates that might be overfitting!
WARNING: Please only use GTRX with very large data and always test for model fit!
Optimizing NNI: done in 0.00347312 secs using 110.2% CPU
WARNING: GTRX multistate model will estimate 5 substitution rates that might be overfitting!
WARNING: Please only use GTRX with very large data and always test for model fit!
Optimizing NNI: done in 0.00329161 secs
WARNING: GTRX multistate model will estimate 5 substitution rates that might be overfitting!
WARNING: Please only use GTRX with very large data and always test for model fit!
Optimizing NNI: done in 0.00318617 secs using 110.2% CPU
WARNING: GTRX multistate model will estimate 5 substitution rates that might be overfitting!
WARNING: Please only use GTRX with very large data and always test for model fit!
Optimizing NNI: done in 0.00341645 secs using 110.2% CPU
WARNING: GTRX multistate model will estimate 5 substitution rates that might be overfitting!
WARNING: Please only use GTRX with very large data and always test for model fit!
Optimizing NNI: done in 0.00241046 secs using 110.1% CPU
WARNING: GTRX multistate model will estimate 5 substitution rates that might be overfitting!
WARNING: Please only use GTRX with very large data and always test for model fit!
Optimizing NNI: done in 0.00329832 secs using 105.4% CPU
WARNING: GTRX multistate model will estimate 5 substitution rates that might be overfitting!
WARNING: Please only use GTRX with very large data and always test for model fit!
Optimizing NNI: done in 0.00252116 secs using 110.2% CPU
WARNING: GTRX multistate model will estimate 5 substitution rates that might be overfitting!
WARNING: Please only use GTRX with very large data and always test for model fit!
Optimizing NNI: done in 0.00207881 secs using 110.2% CPU
WARNING: GTRX multistate model will estimate 5 substitution rates that might be overfitting!
WARNING: Please only use GTRX with very large data and always test for model fit!
Optimizing NNI: done in 0.00371228 secs using 110.3% CPU
WARNING: GTRX multistate model will estimate 5 substitution rates that might be overfitting!
WARNING: Please only use GTRX with very large data and always test for model fit!
Optimizing NNI: done in 0.00500051 secs using 110.3% CPU
WARNING: GTRX multistate model will estimate 5 substitution rates that might be overfitting!
WARNING: Please only use GTRX with very large data and always test for model fit!
Optimizing NNI: done in 0.00266413 secs using 110.2% CPU
WARNING: GTRX multistate model will estimate 5 substitution rates that might be overfitting!
WARNING: Please only use GTRX with very large data and always test for model fit!
Optimizing NNI: done in 0.00254636 secs using 110.1% CPU
WARNING: GTRX multistate model will estimate 5 substitution rates that might be overfitting!
WARNING: Please only use GTRX with very large data and always test for model fit!
Optimizing NNI: done in 0.00219894 secs using 110.2% CPU
WARNING: GTRX multistate model will estimate 5 substitution rates that might be overfitting!
WARNING: Please only use GTRX with very large data and always test for model fit!
Optimizing NNI: done in 0.00272913 secs using 110.2% CPU
WARNING: GTRX multistate model will estimate 5 substitution rates that might be overfitting!
WARNING: Please only use GTRX with very large data and always test for model fit!
Optimizing NNI: done in 0.00289333 secs using 110.2% CPU
WARNING: GTRX multistate model will estimate 5 substitution rates that might be overfitting!
WARNING: Please only use GTRX with very large data and always test for model fit!
Optimizing NNI: done in 0.00456615 secs using 110.2% CPU
WARNING: GTRX multistate model will estimate 5 substitution rates that might be overfitting!
WARNING: Please only use GTRX with very large data and always test for model fit!
Optimizing NNI: done in 0.00277456 secs using 109.9% CPU
WARNING: GTRX multistate model will estimate 5 substitution rates that might be overfitting!
WARNING: Please only use GTRX with very large data and always test for model fit!
Optimizing NNI: done in 0.00250765 secs using 110.3% CPU
WARNING: GTRX multistate model will estimate 5 substitution rates that might be overfitting!
WARNING: Please only use GTRX with very large data and always test for model fit!
Optimizing NNI: done in 0.00417929 secs using 110.2% CPU
WARNING: GTRX multistate model will estimate 5 substitution rates that might be overfitting!
WARNING: Please only use GTRX with very large data and always test for model fit!
Optimizing NNI: done in 0.00231671 secs using 110.1% CPU
WARNING: GTRX multistate model will estimate 5 substitution rates that might be overfitting!
WARNING: Please only use GTRX with very large data and always test for model fit!
Optimizing NNI: done in 0.00256286 secs using 110.2% CPU
WARNING: GTRX multistate model will estimate 5 substitution rates that might be overfitting!
WARNING: Please only use GTRX with very large data and always test for model fit!
Optimizing NNI: done in 0.00493614 secs using 110.2% CPU
WARNING: GTRX multistate model will estimate 5 substitution rates that might be overfitting!
WARNING: Please only use GTRX with very large data and always test for model fit!
Optimizing NNI: done in 0.00343839 secs
WARNING: GTRX multistate model will estimate 5 substitution rates that might be overfitting!
WARNING: Please only use GTRX with very large data and always test for model fit!
Optimizing NNI: done in 0.0036267 secs using 105.4% CPU
WARNING: GTRX multistate model will estimate 5 substitution rates that might be overfitting!
WARNING: Please only use GTRX with very large data and always test for model fit!
Optimizing NNI: done in 0.00430123 secs using 110.2% CPU
WARNING: GTRX multistate model will estimate 5 substitution rates that might be overfitting!
WARNING: Please only use GTRX with very large data and always test for model fit!
Optimizing NNI: done in 0.00748033 secs using 109.7% CPU
WARNING: GTRX multistate model will estimate 5 substitution rates that might be overfitting!
WARNING: Please only use GTRX with very large data and always test for model fit!
Optimizing NNI: done in 0.00232578 secs using 105.4% CPU
WARNING: GTRX multistate model will estimate 5 substitution rates that might be overfitting!
WARNING: Please only use GTRX with very large data and always test for model fit!
Optimizing NNI: done in 0.0033402 secs using 110.2% CPU
WARNING: GTRX multistate model will estimate 5 substitution rates that might be overfitting!
WARNING: Please only use GTRX with very large data and always test for model fit!
Optimizing NNI: done in 0.00324138 secs using 110.2% CPU
WARNING: GTRX multistate model will estimate 5 substitution rates that might be overfitting!
WARNING: Please only use GTRX with very large data and always test for model fit!
Optimizing NNI: done in 0.00388554 secs using 110.3% CPU
WARNING: GTRX multistate model will estimate 5 substitution rates that might be overfitting!
WARNING: Please only use GTRX with very large data and always test for model fit!
Optimizing NNI: done in 0.0037791 secs using 110.3% CPU
WARNING: GTRX multistate model will estimate 5 substitution rates that might be overfitting!
WARNING: Please only use GTRX with very large data and always test for model fit!
Optimizing NNI: done in 0.00308762 secs using 110.1% CPU
WARNING: GTRX multistate model will estimate 5 substitution rates that might be overfitting!
WARNING: Please only use GTRX with very large data and always test for model fit!
Optimizing NNI: done in 0.004287 secs using 110.3% CPU
WARNING: GTRX multistate model will estimate 5 substitution rates that might be overfitting!
WARNING: Please only use GTRX with very large data and always test for model fit!
Optimizing NNI: done in 0.00232006 secs using 110.2% CPU
WARNING: GTRX multistate model will estimate 5 substitution rates that might be overfitting!
WARNING: Please only use GTRX with very large data and always test for model fit!
Optimizing NNI: done in 0.00204499 secs using 110.2% CPU
WARNING: GTRX multistate model will estimate 5 substitution rates that might be overfitting!
WARNING: Please only use GTRX with very large data and always test for model fit!
Optimizing NNI: done in 0.0019207 secs using 110.2% CPU
WARNING: GTRX multistate model will estimate 5 substitution rates that might be overfitting!
WARNING: Please only use GTRX with very large data and always test for model fit!
Optimizing NNI: done in 0.00403278 secs using 110.3% CPU
WARNING: GTRX multistate model will estimate 5 substitution rates that might be overfitting!
WARNING: Please only use GTRX with very large data and always test for model fit!
Optimizing NNI: done in 0.00219558 secs using 110.2% CPU
WARNING: GTRX multistate model will estimate 5 substitution rates that might be overfitting!
WARNING: Please only use GTRX with very large data and always test for model fit!
Optimizing NNI: done in 0.00575719 secs using 110.3% CPU
WARNING: GTRX multistate model will estimate 5 substitution rates that might be overfitting!
WARNING: Please only use GTRX with very large data and always test for model fit!
Optimizing NNI: done in 0.00157327 secs using 110.2% CPU
WARNING: GTRX multistate model will estimate 5 substitution rates that might be overfitting!
WARNING: Please only use GTRX with very large data and always test for model fit!
Optimizing NNI: done in 0.0052725 secs using 110.2% CPU
WARNING: GTRX multistate model will estimate 5 substitution rates that might be overfitting!
WARNING: Please only use GTRX with very large data and always test for model fit!
Optimizing NNI: done in 0.00461329 secs using 110.2% CPU
WARNING: GTRX multistate model will estimate 5 substitution rates that might be overfitting!
WARNING: Please only use GTRX with very large data and always test for model fit!
Optimizing NNI: done in 0.00451592 secs using 110.3% CPU
WARNING: GTRX multistate model will estimate 5 substitution rates that might be overfitting!
WARNING: Please only use GTRX with very large data and always test for model fit!
Optimizing NNI: done in 0.00660615 secs using 110.2% CPU
WARNING: GTRX multistate model will estimate 5 substitution rates that might be overfitting!
WARNING: Please only use GTRX with very large data and always test for model fit!
Optimizing NNI: done in 0.00434919 secs using 110.2% CPU
WARNING: GTRX multistate model will estimate 5 substitution rates that might be overfitting!
WARNING: Please only use GTRX with very large data and always test for model fit!
Optimizing NNI: done in 0.00312615 secs using 110.2% CPU
WARNING: GTRX multistate model will estimate 5 substitution rates that might be overfitting!
WARNING: Please only use GTRX with very large data and always test for model fit!
Optimizing NNI: done in 0.0021508 secs using 110.2% CPU
WARNING: GTRX multistate model will estimate 5 substitution rates that might be overfitting!
WARNING: Please only use GTRX with very large data and always test for model fit!
Optimizing NNI: done in 0.00184019 secs using 110% CPU
WARNING: GTRX multistate model will estimate 5 substitution rates that might be overfitting!
WARNING: Please only use GTRX with very large data and always test for model fit!
Optimizing NNI: done in 0.00294791 secs using 110.2% CPU
WARNING: GTRX multistate model will estimate 5 substitution rates that might be overfitting!
WARNING: Please only use GTRX with very large data and always test for model fit!
Optimizing NNI: done in 0.00324972 secs using 110% CPU
WARNING: GTRX multistate model will estimate 5 substitution rates that might be overfitting!
WARNING: Please only use GTRX with very large data and always test for model fit!
Optimizing NNI: done in 0.00296141 secs using 110.2% CPU
WARNING: GTRX multistate model will estimate 5 substitution rates that might be overfitting!
WARNING: Please only use GTRX with very large data and always test for model fit!
Optimizing NNI: done in 0.00684387 secs using 110.3% CPU
WARNING: GTRX multistate model will estimate 5 substitution rates that might be overfitting!
WARNING: Please only use GTRX with very large data and always test for model fit!
Optimizing NNI: done in 0.00399071 secs using 110.2% CPU
WARNING: GTRX multistate model will estimate 5 substitution rates that might be overfitting!
WARNING: Please only use GTRX with very large data and always test for model fit!
Optimizing NNI: done in 0.00375145 secs using 110.2% CPU
WARNING: GTRX multistate model will estimate 5 substitution rates that might be overfitting!
WARNING: Please only use GTRX with very large data and always test for model fit!
Optimizing NNI: done in 0.00141715 secs using 110% CPU
700 samples done
WARNING: GTRX multistate model will estimate 5 substitution rates that might be overfitting!
WARNING: Please only use GTRX with very large data and always test for model fit!
Optimizing NNI: done in 0.00207183 secs using 110.2% CPU
WARNING: GTRX multistate model will estimate 5 substitution rates that might be overfitting!
WARNING: Please only use GTRX with very large data and always test for model fit!
Optimizing NNI: done in 0.00371328 secs using 110.2% CPU
WARNING: GTRX multistate model will estimate 5 substitution rates that might be overfitting!
WARNING: Please only use GTRX with very large data and always test for model fit!
Optimizing NNI: done in 0.00627161 secs using 110.3% CPU
WARNING: GTRX multistate model will estimate 5 substitution rates that might be overfitting!
WARNING: Please only use GTRX with very large data and always test for model fit!
Optimizing NNI: done in 0.0027101 secs using 110.2% CPU
WARNING: GTRX multistate model will estimate 5 substitution rates that might be overfitting!
WARNING: Please only use GTRX with very large data and always test for model fit!
Optimizing NNI: done in 0.00189449 secs using 110.2% CPU
WARNING: GTRX multistate model will estimate 5 substitution rates that might be overfitting!
WARNING: Please only use GTRX with very large data and always test for model fit!
Optimizing NNI: done in 0.00530714 secs using 110.2% CPU
WARNING: GTRX multistate model will estimate 5 substitution rates that might be overfitting!
WARNING: Please only use GTRX with very large data and always test for model fit!
Optimizing NNI: done in 0.00418237 secs using 110.2% CPU
WARNING: GTRX multistate model will estimate 5 substitution rates that might be overfitting!
WARNING: Please only use GTRX with very large data and always test for model fit!
Optimizing NNI: done in 0.00157989 secs using 110% CPU
WARNING: GTRX multistate model will estimate 5 substitution rates that might be overfitting!
WARNING: Please only use GTRX with very large data and always test for model fit!
Optimizing NNI: done in 0.0037461 secs using 110.2% CPU
WARNING: GTRX multistate model will estimate 5 substitution rates that might be overfitting!
WARNING: Please only use GTRX with very large data and always test for model fit!
Optimizing NNI: done in 0.00313104 secs using 110.3% CPU
WARNING: GTRX multistate model will estimate 5 substitution rates that might be overfitting!
WARNING: Please only use GTRX with very large data and always test for model fit!
Optimizing NNI: done in 0.00252487 secs using 110.2% CPU
WARNING: GTRX multistate model will estimate 5 substitution rates that might be overfitting!
WARNING: Please only use GTRX with very large data and always test for model fit!
Optimizing NNI: done in 0.00276595 secs using 110.2% CPU
WARNING: GTRX multistate model will estimate 5 substitution rates that might be overfitting!
WARNING: Please only use GTRX with very large data and always test for model fit!
Optimizing NNI: done in 0.00357448 secs using 110.3% CPU
WARNING: GTRX multistate model will estimate 5 substitution rates that might be overfitting!
WARNING: Please only use GTRX with very large data and always test for model fit!
Optimizing NNI: done in 0.00482372 secs using 110.2% CPU
WARNING: GTRX multistate model will estimate 5 substitution rates that might be overfitting!
WARNING: Please only use GTRX with very large data and always test for model fit!
Optimizing NNI: done in 0.00683589 secs using 110.3% CPU
WARNING: GTRX multistate model will estimate 5 substitution rates that might be overfitting!
WARNING: Please only use GTRX with very large data and always test for model fit!
Optimizing NNI: done in 0.00274319 secs using 110.1% CPU
WARNING: GTRX multistate model will estimate 5 substitution rates that might be overfitting!
WARNING: Please only use GTRX with very large data and always test for model fit!
Optimizing NNI: done in 0.00468138 secs using 110.2% CPU
WARNING: GTRX multistate model will estimate 5 substitution rates that might be overfitting!
WARNING: Please only use GTRX with very large data and always test for model fit!
Optimizing NNI: done in 0.0014361 secs using 110.2% CPU
WARNING: GTRX multistate model will estimate 5 substitution rates that might be overfitting!
WARNING: Please only use GTRX with very large data and always test for model fit!
Optimizing NNI: done in 0.00297637 secs using 110.2% CPU
WARNING: GTRX multistate model will estimate 5 substitution rates that might be overfitting!
WARNING: Please only use GTRX with very large data and always test for model fit!
Optimizing NNI: done in 0.00427866 secs using 110.2% CPU
WARNING: GTRX multistate model will estimate 5 substitution rates that might be overfitting!
WARNING: Please only use GTRX with very large data and always test for model fit!
Optimizing NNI: done in 0.00488991 secs using 110.2% CPU
WARNING: GTRX multistate model will estimate 5 substitution rates that might be overfitting!
WARNING: Please only use GTRX with very large data and always test for model fit!
Optimizing NNI: done in 0.00725095 secs using 110.3% CPU
WARNING: GTRX multistate model will estimate 5 substitution rates that might be overfitting!
WARNING: Please only use GTRX with very large data and always test for model fit!
Optimizing NNI: done in 0.00231979 secs using 110.2% CPU
WARNING: GTRX multistate model will estimate 5 substitution rates that might be overfitting!
WARNING: Please only use GTRX with very large data and always test for model fit!
Optimizing NNI: done in 0.00265815 secs using 110.2% CPU
WARNING: GTRX multistate model will estimate 5 substitution rates that might be overfitting!
WARNING: Please only use GTRX with very large data and always test for model fit!
Optimizing NNI: done in 0.00277637 secs using 110.1% CPU
WARNING: GTRX multistate model will estimate 5 substitution rates that might be overfitting!
WARNING: Please only use GTRX with very large data and always test for model fit!
Optimizing NNI: done in 0.00284029 secs using 110.2% CPU
WARNING: GTRX multistate model will estimate 5 substitution rates that might be overfitting!
WARNING: Please only use GTRX with very large data and always test for model fit!
Optimizing NNI: done in 0.00332089 secs using 110.2% CPU
WARNING: GTRX multistate model will estimate 5 substitution rates that might be overfitting!
WARNING: Please only use GTRX with very large data and always test for model fit!
Optimizing NNI: done in 0.0031859 secs using 110.3% CPU
WARNING: GTRX multistate model will estimate 5 substitution rates that might be overfitting!
WARNING: Please only use GTRX with very large data and always test for model fit!
Optimizing NNI: done in 0.00629708 secs using 110.3% CPU
WARNING: GTRX multistate model will estimate 5 substitution rates that might be overfitting!
WARNING: Please only use GTRX with very large data and always test for model fit!
Optimizing NNI: done in 0.00382743 secs using 110% CPU
WARNING: GTRX multistate model will estimate 5 substitution rates that might be overfitting!
WARNING: Please only use GTRX with very large data and always test for model fit!
Optimizing NNI: done in 0.00497839 secs using 110.2% CPU
WARNING: GTRX multistate model will estimate 5 substitution rates that might be overfitting!
WARNING: Please only use GTRX with very large data and always test for model fit!
Optimizing NNI: done in 0.0117725 secs using 110.2% CPU
WARNING: GTRX multistate model will estimate 5 substitution rates that might be overfitting!
WARNING: Please only use GTRX with very large data and always test for model fit!
Optimizing NNI: done in 0.0042073 secs using 110.2% CPU
WARNING: GTRX multistate model will estimate 5 substitution rates that might be overfitting!
WARNING: Please only use GTRX with very large data and always test for model fit!
Optimizing NNI: done in 0.00268253 secs using 110.2% CPU
WARNING: GTRX multistate model will estimate 5 substitution rates that might be overfitting!
WARNING: Please only use GTRX with very large data and always test for model fit!
Optimizing NNI: done in 0.00328381 secs using 110.2% CPU
WARNING: GTRX multistate model will estimate 5 substitution rates that might be overfitting!
WARNING: Please only use GTRX with very large data and always test for model fit!
Optimizing NNI: done in 0.00660171 secs using 110.3% CPU
WARNING: GTRX multistate model will estimate 5 substitution rates that might be overfitting!
WARNING: Please only use GTRX with very large data and always test for model fit!
Optimizing NNI: done in 0.0083458 secs using 110.3% CPU
WARNING: GTRX multistate model will estimate 5 substitution rates that might be overfitting!
WARNING: Please only use GTRX with very large data and always test for model fit!
Optimizing NNI: done in 0.00462435 secs using 110.3% CPU
WARNING: GTRX multistate model will estimate 5 substitution rates that might be overfitting!
WARNING: Please only use GTRX with very large data and always test for model fit!
Optimizing NNI: done in 0.00324854 secs using 110.2% CPU
WARNING: GTRX multistate model will estimate 5 substitution rates that might be overfitting!
WARNING: Please only use GTRX with very large data and always test for model fit!
Optimizing NNI: done in 0.00308598 secs using 110.2% CPU
WARNING: GTRX multistate model will estimate 5 substitution rates that might be overfitting!
WARNING: Please only use GTRX with very large data and always test for model fit!
Optimizing NNI: done in 0.00546634 secs using 110.3% CPU
WARNING: GTRX multistate model will estimate 5 substitution rates that might be overfitting!
WARNING: Please only use GTRX with very large data and always test for model fit!
Optimizing NNI: done in 0.00327919 secs using 110.2% CPU
WARNING: GTRX multistate model will estimate 5 substitution rates that might be overfitting!
WARNING: Please only use GTRX with very large data and always test for model fit!
Optimizing NNI: done in 0.00250601 secs using 110.2% CPU
WARNING: GTRX multistate model will estimate 5 substitution rates that might be overfitting!
WARNING: Please only use GTRX with very large data and always test for model fit!
Optimizing NNI: done in 0.00406841 secs using 110.3% CPU
WARNING: GTRX multistate model will estimate 5 substitution rates that might be overfitting!
WARNING: Please only use GTRX with very large data and always test for model fit!
Optimizing NNI: done in 0.00248525 secs using 109.9% CPU
WARNING: GTRX multistate model will estimate 5 substitution rates that might be overfitting!
WARNING: Please only use GTRX with very large data and always test for model fit!
Optimizing NNI: done in 0.00530659 secs using 12.64% CPU
WARNING: GTRX multistate model will estimate 5 substitution rates that might be overfitting!
WARNING: Please only use GTRX with very large data and always test for model fit!
Optimizing NNI: done in 0.00321899 secs using 110.2% CPU
WARNING: GTRX multistate model will estimate 5 substitution rates that might be overfitting!
WARNING: Please only use GTRX with very large data and always test for model fit!
Optimizing NNI: done in 0.00379705 secs using 110.2% CPU
WARNING: GTRX multistate model will estimate 5 substitution rates that might be overfitting!
WARNING: Please only use GTRX with very large data and always test for model fit!
Optimizing NNI: done in 0.00338309 secs using 110.3% CPU
WARNING: GTRX multistate model will estimate 5 substitution rates that might be overfitting!
WARNING: Please only use GTRX with very large data and always test for model fit!
Optimizing NNI: done in 0.00218643 secs using 110.2% CPU
WARNING: GTRX multistate model will estimate 5 substitution rates that might be overfitting!
WARNING: Please only use GTRX with very large data and always test for model fit!
Optimizing NNI: done in 0.00535909 secs using 110.2% CPU
WARNING: GTRX multistate model will estimate 5 substitution rates that might be overfitting!
WARNING: Please only use GTRX with very large data and always test for model fit!
Optimizing NNI: done in 0.00244291 secs using 110.2% CPU
WARNING: GTRX multistate model will estimate 5 substitution rates that might be overfitting!
WARNING: Please only use GTRX with very large data and always test for model fit!
Optimizing NNI: done in 0.00282179 secs using 110.1% CPU
WARNING: GTRX multistate model will estimate 5 substitution rates that might be overfitting!
WARNING: Please only use GTRX with very large data and always test for model fit!
Optimizing NNI: done in 0.00481901 secs using 110.3% CPU
WARNING: GTRX multistate model will estimate 5 substitution rates that might be overfitting!
WARNING: Please only use GTRX with very large data and always test for model fit!
Optimizing NNI: done in 0.00354673 secs using 110.2% CPU
WARNING: GTRX multistate model will estimate 5 substitution rates that might be overfitting!
WARNING: Please only use GTRX with very large data and always test for model fit!
Optimizing NNI: done in 0.00366315 secs using 110.3% CPU
WARNING: GTRX multistate model will estimate 5 substitution rates that might be overfitting!
WARNING: Please only use GTRX with very large data and always test for model fit!
Optimizing NNI: done in 0.0125368 secs using 110.3% CPU
WARNING: GTRX multistate model will estimate 5 substitution rates that might be overfitting!
WARNING: Please only use GTRX with very large data and always test for model fit!
Optimizing NNI: done in 0.0052337 secs using 110.2% CPU
WARNING: GTRX multistate model will estimate 5 substitution rates that might be overfitting!
WARNING: Please only use GTRX with very large data and always test for model fit!
Optimizing NNI: done in 0.00926729 secs
WARNING: GTRX multistate model will estimate 5 substitution rates that might be overfitting!
WARNING: Please only use GTRX with very large data and always test for model fit!
Optimizing NNI: done in 0.00779329 secs using 109.1% CPU
WARNING: GTRX multistate model will estimate 5 substitution rates that might be overfitting!
WARNING: Please only use GTRX with very large data and always test for model fit!
Optimizing NNI: done in 0.00373649 secs using 110.2% CPU
WARNING: GTRX multistate model will estimate 5 substitution rates that might be overfitting!
WARNING: Please only use GTRX with very large data and always test for model fit!
Optimizing NNI: done in 0.00966367 secs using 110.3% CPU
WARNING: GTRX multistate model will estimate 5 substitution rates that might be overfitting!
WARNING: Please only use GTRX with very large data and always test for model fit!
Optimizing NNI: done in 0.00446542 secs using 110.2% CPU
WARNING: GTRX multistate model will estimate 5 substitution rates that might be overfitting!
WARNING: Please only use GTRX with very large data and always test for model fit!
Optimizing NNI: done in 0.00428654 secs using 108.1% CPU
WARNING: GTRX multistate model will estimate 5 substitution rates that might be overfitting!
WARNING: Please only use GTRX with very large data and always test for model fit!
Optimizing NNI: done in 0.0107555 secs using 110.3% CPU
WARNING: GTRX multistate model will estimate 5 substitution rates that might be overfitting!
WARNING: Please only use GTRX with very large data and always test for model fit!
Optimizing NNI: done in 0.00833637 secs using 110.3% CPU
WARNING: GTRX multistate model will estimate 5 substitution rates that might be overfitting!
WARNING: Please only use GTRX with very large data and always test for model fit!
Optimizing NNI: done in 0.00472653 secs using 106.6% CPU
WARNING: GTRX multistate model will estimate 5 substitution rates that might be overfitting!
WARNING: Please only use GTRX with very large data and always test for model fit!
Optimizing NNI: done in 0.00354664 secs using 110.2% CPU
WARNING: GTRX multistate model will estimate 5 substitution rates that might be overfitting!
WARNING: Please only use GTRX with very large data and always test for model fit!
Optimizing NNI: done in 0.00732139 secs using 109.1% CPU
WARNING: GTRX multistate model will estimate 5 substitution rates that might be overfitting!
WARNING: Please only use GTRX with very large data and always test for model fit!
Optimizing NNI: done in 0.00172477 secs using 105.4% CPU
WARNING: GTRX multistate model will estimate 5 substitution rates that might be overfitting!
WARNING: Please only use GTRX with very large data and always test for model fit!
Optimizing NNI: done in 0.00378418 secs using 110.2% CPU
WARNING: GTRX multistate model will estimate 5 substitution rates that might be overfitting!
WARNING: Please only use GTRX with very large data and always test for model fit!
Optimizing NNI: done in 0.00533162 secs using 110.2% CPU
WARNING: GTRX multistate model will estimate 5 substitution rates that might be overfitting!
WARNING: Please only use GTRX with very large data and always test for model fit!
Optimizing NNI: done in 0.00318889 secs using 110.3% CPU
WARNING: GTRX multistate model will estimate 5 substitution rates that might be overfitting!
WARNING: Please only use GTRX with very large data and always test for model fit!
Optimizing NNI: done in 0.00335054 secs using 110.3% CPU
WARNING: GTRX multistate model will estimate 5 substitution rates that might be overfitting!
WARNING: Please only use GTRX with very large data and always test for model fit!
Optimizing NNI: done in 0.00384919 secs using 110.1% CPU
WARNING: GTRX multistate model will estimate 5 substitution rates that might be overfitting!
WARNING: Please only use GTRX with very large data and always test for model fit!
Optimizing NNI: done in 0.00421447 secs using 105.5% CPU
WARNING: GTRX multistate model will estimate 5 substitution rates that might be overfitting!
WARNING: Please only use GTRX with very large data and always test for model fit!
Optimizing NNI: done in 0.00584114 secs using 24.86% CPU
WARNING: GTRX multistate model will estimate 5 substitution rates that might be overfitting!
WARNING: Please only use GTRX with very large data and always test for model fit!
Optimizing NNI: done in 0.00477776 secs using 108.7% CPU
WARNING: GTRX multistate model will estimate 5 substitution rates that might be overfitting!
WARNING: Please only use GTRX with very large data and always test for model fit!
Optimizing NNI: done in 0.0041141 secs using 110.3% CPU
WARNING: GTRX multistate model will estimate 5 substitution rates that might be overfitting!
WARNING: Please only use GTRX with very large data and always test for model fit!
Optimizing NNI: done in 0.00282098 secs using 110.2% CPU
WARNING: GTRX multistate model will estimate 5 substitution rates that might be overfitting!
WARNING: Please only use GTRX with very large data and always test for model fit!
Optimizing NNI: done in 0.00262188 secs using 110.1% CPU
WARNING: GTRX multistate model will estimate 5 substitution rates that might be overfitting!
WARNING: Please only use GTRX with very large data and always test for model fit!
Optimizing NNI: done in 0.00270248 secs using 110.3% CPU
WARNING: GTRX multistate model will estimate 5 substitution rates that might be overfitting!
WARNING: Please only use GTRX with very large data and always test for model fit!
Optimizing NNI: done in 0.00333785 secs using 110.2% CPU
WARNING: GTRX multistate model will estimate 5 substitution rates that might be overfitting!
WARNING: Please only use GTRX with very large data and always test for model fit!
Optimizing NNI: done in 0.00422525 secs
WARNING: GTRX multistate model will estimate 5 substitution rates that might be overfitting!
WARNING: Please only use GTRX with very large data and always test for model fit!
Optimizing NNI: done in 0.00563334 secs using 100.3% CPU
WARNING: GTRX multistate model will estimate 5 substitution rates that might be overfitting!
WARNING: Please only use GTRX with very large data and always test for model fit!
Optimizing NNI: done in 0.00287574 secs using 110.2% CPU
WARNING: GTRX multistate model will estimate 5 substitution rates that might be overfitting!
WARNING: Please only use GTRX with very large data and always test for model fit!
Optimizing NNI: done in 0.00277972 secs using 108.5% CPU
WARNING: GTRX multistate model will estimate 5 substitution rates that might be overfitting!
WARNING: Please only use GTRX with very large data and always test for model fit!
Optimizing NNI: done in 0.00384955 secs using 110.2% CPU
WARNING: GTRX multistate model will estimate 5 substitution rates that might be overfitting!
WARNING: Please only use GTRX with very large data and always test for model fit!
Optimizing NNI: done in 0.00514186 secs using 110.3% CPU
WARNING: GTRX multistate model will estimate 5 substitution rates that might be overfitting!
WARNING: Please only use GTRX with very large data and always test for model fit!
Optimizing NNI: done in 0.0044637 secs using 110.3% CPU
WARNING: GTRX multistate model will estimate 5 substitution rates that might be overfitting!
WARNING: Please only use GTRX with very large data and always test for model fit!
Optimizing NNI: done in 0.00356595 secs using 110% CPU
WARNING: GTRX multistate model will estimate 5 substitution rates that might be overfitting!
WARNING: Please only use GTRX with very large data and always test for model fit!
Optimizing NNI: done in 0.00412326 secs using 105.5% CPU
WARNING: GTRX multistate model will estimate 5 substitution rates that might be overfitting!
WARNING: Please only use GTRX with very large data and always test for model fit!
Optimizing NNI: done in 0.00702402 secs using 110.3% CPU
WARNING: GTRX multistate model will estimate 5 substitution rates that might be overfitting!
WARNING: Please only use GTRX with very large data and always test for model fit!
Optimizing NNI: done in 0.00256449 secs using 110.2% CPU
WARNING: GTRX multistate model will estimate 5 substitution rates that might be overfitting!
WARNING: Please only use GTRX with very large data and always test for model fit!
Optimizing NNI: done in 0.00320602 secs using 110.1% CPU
WARNING: GTRX multistate model will estimate 5 substitution rates that might be overfitting!
WARNING: Please only use GTRX with very large data and always test for model fit!
Optimizing NNI: done in 0.0038704 secs using 110.2% CPU
WARNING: GTRX multistate model will estimate 5 substitution rates that might be overfitting!
WARNING: Please only use GTRX with very large data and always test for model fit!
Optimizing NNI: done in 0.0042103 secs using 110.3% CPU
WARNING: GTRX multistate model will estimate 5 substitution rates that might be overfitting!
WARNING: Please only use GTRX with very large data and always test for model fit!
Optimizing NNI: done in 0.0026751 secs using 110.1% CPU
WARNING: GTRX multistate model will estimate 5 substitution rates that might be overfitting!
WARNING: Please only use GTRX with very large data and always test for model fit!
Optimizing NNI: done in 0.00489027 secs using 110.2% CPU
WARNING: GTRX multistate model will estimate 5 substitution rates that might be overfitting!
WARNING: Please only use GTRX with very large data and always test for model fit!
Optimizing NNI: done in 0.00576961 secs using 110.2% CPU
800 samples done
WARNING: GTRX multistate model will estimate 5 substitution rates that might be overfitting!
WARNING: Please only use GTRX with very large data and always test for model fit!
Optimizing NNI: done in 0.00449797 secs using 110.2% CPU
WARNING: GTRX multistate model will estimate 5 substitution rates that might be overfitting!
WARNING: Please only use GTRX with very large data and always test for model fit!
Optimizing NNI: done in 0.00467413 secs using 110.3% CPU
WARNING: GTRX multistate model will estimate 5 substitution rates that might be overfitting!
WARNING: Please only use GTRX with very large data and always test for model fit!
Optimizing NNI: done in 0.00547686 secs using 110% CPU
WARNING: GTRX multistate model will estimate 5 substitution rates that might be overfitting!
WARNING: Please only use GTRX with very large data and always test for model fit!
Optimizing NNI: done in 0.00605193 secs using 110.3% CPU
WARNING: GTRX multistate model will estimate 5 substitution rates that might be overfitting!
WARNING: Please only use GTRX with very large data and always test for model fit!
Optimizing NNI: done in 0.00386097 secs using 110.2% CPU
WARNING: GTRX multistate model will estimate 5 substitution rates that might be overfitting!
WARNING: Please only use GTRX with very large data and always test for model fit!
Optimizing NNI: done in 0.00340213 secs using 110.2% CPU
WARNING: GTRX multistate model will estimate 5 substitution rates that might be overfitting!
WARNING: Please only use GTRX with very large data and always test for model fit!
Optimizing NNI: done in 0.00786791 secs using 80.75% CPU
WARNING: GTRX multistate model will estimate 5 substitution rates that might be overfitting!
WARNING: Please only use GTRX with very large data and always test for model fit!
Optimizing NNI: done in 0.00890908 secs using 110.3% CPU
WARNING: GTRX multistate model will estimate 5 substitution rates that might be overfitting!
WARNING: Please only use GTRX with very large data and always test for model fit!
Optimizing NNI: done in 0.00631758 secs using 110.2% CPU
WARNING: GTRX multistate model will estimate 5 substitution rates that might be overfitting!
WARNING: Please only use GTRX with very large data and always test for model fit!
Optimizing NNI: done in 0.00934526 secs using 106.8% CPU
WARNING: GTRX multistate model will estimate 5 substitution rates that might be overfitting!
WARNING: Please only use GTRX with very large data and always test for model fit!
Optimizing NNI: done in 0.00269858 secs using 110.2% CPU
WARNING: GTRX multistate model will estimate 5 substitution rates that might be overfitting!
WARNING: Please only use GTRX with very large data and always test for model fit!
Optimizing NNI: done in 0.00692103 secs using 110.3% CPU
WARNING: GTRX multistate model will estimate 5 substitution rates that might be overfitting!
WARNING: Please only use GTRX with very large data and always test for model fit!
Optimizing NNI: done in 0.00337321 secs using 110.2% CPU
WARNING: GTRX multistate model will estimate 5 substitution rates that might be overfitting!
WARNING: Please only use GTRX with very large data and always test for model fit!
Optimizing NNI: done in 0.00490024 secs using 110.2% CPU
WARNING: GTRX multistate model will estimate 5 substitution rates that might be overfitting!
WARNING: Please only use GTRX with very large data and always test for model fit!
Optimizing NNI: done in 0.00830717 secs using 110.2% CPU
WARNING: GTRX multistate model will estimate 5 substitution rates that might be overfitting!
WARNING: Please only use GTRX with very large data and always test for model fit!
Optimizing NNI: done in 0.00480768 secs using 110.2% CPU
WARNING: GTRX multistate model will estimate 5 substitution rates that might be overfitting!
WARNING: Please only use GTRX with very large data and always test for model fit!
Optimizing NNI: done in 0.00939504 secs using 110.3% CPU
WARNING: GTRX multistate model will estimate 5 substitution rates that might be overfitting!
WARNING: Please only use GTRX with very large data and always test for model fit!
Optimizing NNI: done in 0.00203003 secs using 109.9% CPU
WARNING: GTRX multistate model will estimate 5 substitution rates that might be overfitting!
WARNING: Please only use GTRX with very large data and always test for model fit!
Optimizing NNI: done in 0.00348046 secs using 110.2% CPU
WARNING: GTRX multistate model will estimate 5 substitution rates that might be overfitting!
WARNING: Please only use GTRX with very large data and always test for model fit!
Optimizing NNI: done in 0.0036548 secs using 110.2% CPU
WARNING: GTRX multistate model will estimate 5 substitution rates that might be overfitting!
WARNING: Please only use GTRX with very large data and always test for model fit!
Optimizing NNI: done in 0.00382842 secs using 110.3% CPU
WARNING: GTRX multistate model will estimate 5 substitution rates that might be overfitting!
WARNING: Please only use GTRX with very large data and always test for model fit!
Optimizing NNI: done in 0.00331844 secs using 110.2% CPU
WARNING: GTRX multistate model will estimate 5 substitution rates that might be overfitting!
WARNING: Please only use GTRX with very large data and always test for model fit!
Optimizing NNI: done in 0.00277973 secs using 110.2% CPU
WARNING: GTRX multistate model will estimate 5 substitution rates that might be overfitting!
WARNING: Please only use GTRX with very large data and always test for model fit!
Optimizing NNI: done in 0.00229033 secs using 110.2% CPU
WARNING: GTRX multistate model will estimate 5 substitution rates that might be overfitting!
WARNING: Please only use GTRX with very large data and always test for model fit!
Optimizing NNI: done in 0.00381682 secs using 110.2% CPU
WARNING: GTRX multistate model will estimate 5 substitution rates that might be overfitting!
WARNING: Please only use GTRX with very large data and always test for model fit!
Optimizing NNI: done in 0.00212777 secs using 110.2% CPU
WARNING: GTRX multistate model will estimate 5 substitution rates that might be overfitting!
WARNING: Please only use GTRX with very large data and always test for model fit!
Optimizing NNI: done in 0.00189803 secs using 110.2% CPU
WARNING: GTRX multistate model will estimate 5 substitution rates that might be overfitting!
WARNING: Please only use GTRX with very large data and always test for model fit!
Optimizing NNI: done in 0.00249078 secs using 110.2% CPU
WARNING: GTRX multistate model will estimate 5 substitution rates that might be overfitting!
WARNING: Please only use GTRX with very large data and always test for model fit!
Optimizing NNI: done in 0.00381754 secs using 110.3% CPU
WARNING: GTRX multistate model will estimate 5 substitution rates that might be overfitting!
WARNING: Please only use GTRX with very large data and always test for model fit!
Optimizing NNI: done in 0.00442272 secs using 110.3% CPU
WARNING: GTRX multistate model will estimate 5 substitution rates that might be overfitting!
WARNING: Please only use GTRX with very large data and always test for model fit!
Optimizing NNI: done in 0.00256449 secs using 110.2% CPU
WARNING: GTRX multistate model will estimate 5 substitution rates that might be overfitting!
WARNING: Please only use GTRX with very large data and always test for model fit!
Optimizing NNI: done in 0.00271998 secs using 110.3% CPU
WARNING: GTRX multistate model will estimate 5 substitution rates that might be overfitting!
WARNING: Please only use GTRX with very large data and always test for model fit!
Optimizing NNI: done in 0.0020041 secs using 110.2% CPU
WARNING: GTRX multistate model will estimate 5 substitution rates that might be overfitting!
WARNING: Please only use GTRX with very large data and always test for model fit!
Optimizing NNI: done in 0.00273584 secs using 110.2% CPU
WARNING: GTRX multistate model will estimate 5 substitution rates that might be overfitting!
WARNING: Please only use GTRX with very large data and always test for model fit!
Optimizing NNI: done in 0.00379216 secs using 110.3% CPU
WARNING: GTRX multistate model will estimate 5 substitution rates that might be overfitting!
WARNING: Please only use GTRX with very large data and always test for model fit!
Optimizing NNI: done in 0.00230628 secs using 110% CPU
WARNING: GTRX multistate model will estimate 5 substitution rates that might be overfitting!
WARNING: Please only use GTRX with very large data and always test for model fit!
Optimizing NNI: done in 0.00541747 secs using 110.3% CPU
WARNING: GTRX multistate model will estimate 5 substitution rates that might be overfitting!
WARNING: Please only use GTRX with very large data and always test for model fit!
Optimizing NNI: done in 0.00489988 secs using 110.3% CPU
WARNING: GTRX multistate model will estimate 5 substitution rates that might be overfitting!
WARNING: Please only use GTRX with very large data and always test for model fit!
Optimizing NNI: done in 0.00225107 secs using 110.1% CPU
WARNING: GTRX multistate model will estimate 5 substitution rates that might be overfitting!
WARNING: Please only use GTRX with very large data and always test for model fit!
Optimizing NNI: done in 0.00641903 secs using 110.3% CPU
WARNING: GTRX multistate model will estimate 5 substitution rates that might be overfitting!
WARNING: Please only use GTRX with very large data and always test for model fit!
Optimizing NNI: done in 0.00349134 secs using 110.2% CPU
WARNING: GTRX multistate model will estimate 5 substitution rates that might be overfitting!
WARNING: Please only use GTRX with very large data and always test for model fit!
Optimizing NNI: done in 0.00501003 secs using 110.1% CPU
WARNING: GTRX multistate model will estimate 5 substitution rates that might be overfitting!
WARNING: Please only use GTRX with very large data and always test for model fit!
Optimizing NNI: done in 0.00460296 secs using 110.3% CPU
WARNING: GTRX multistate model will estimate 5 substitution rates that might be overfitting!
WARNING: Please only use GTRX with very large data and always test for model fit!
Optimizing NNI: done in 0.00555591 secs using 110.3% CPU
WARNING: GTRX multistate model will estimate 5 substitution rates that might be overfitting!
WARNING: Please only use GTRX with very large data and always test for model fit!
Optimizing NNI: done in 0.00186122 secs using 110.2% CPU
WARNING: GTRX multistate model will estimate 5 substitution rates that might be overfitting!
WARNING: Please only use GTRX with very large data and always test for model fit!
Optimizing NNI: done in 0.00195551 secs using 110.3% CPU
WARNING: GTRX multistate model will estimate 5 substitution rates that might be overfitting!
WARNING: Please only use GTRX with very large data and always test for model fit!
Optimizing NNI: done in 0.00250592 secs using 110.2% CPU
WARNING: GTRX multistate model will estimate 5 substitution rates that might be overfitting!
WARNING: Please only use GTRX with very large data and always test for model fit!
Optimizing NNI: done in 0.00401628 secs using 110.2% CPU
WARNING: GTRX multistate model will estimate 5 substitution rates that might be overfitting!
WARNING: Please only use GTRX with very large data and always test for model fit!
Optimizing NNI: done in 0.00361092 secs using 107.1% CPU
WARNING: GTRX multistate model will estimate 5 substitution rates that might be overfitting!
WARNING: Please only use GTRX with very large data and always test for model fit!
Optimizing NNI: done in 0.00393894 secs using 110.2% CPU
WARNING: GTRX multistate model will estimate 5 substitution rates that might be overfitting!
WARNING: Please only use GTRX with very large data and always test for model fit!
Optimizing NNI: done in 0.00818777 secs using 110.3% CPU
WARNING: GTRX multistate model will estimate 5 substitution rates that might be overfitting!
WARNING: Please only use GTRX with very large data and always test for model fit!
Optimizing NNI: done in 0.00335018 secs using 105.8% CPU
WARNING: GTRX multistate model will estimate 5 substitution rates that might be overfitting!
WARNING: Please only use GTRX with very large data and always test for model fit!
Optimizing NNI: done in 0.00511774 secs using 109.4% CPU
WARNING: GTRX multistate model will estimate 5 substitution rates that might be overfitting!
WARNING: Please only use GTRX with very large data and always test for model fit!
Optimizing NNI: done in 0.00214019 secs using 110.2% CPU
WARNING: GTRX multistate model will estimate 5 substitution rates that might be overfitting!
WARNING: Please only use GTRX with very large data and always test for model fit!
Optimizing NNI: done in 0.00296858 secs using 110.2% CPU
WARNING: GTRX multistate model will estimate 5 substitution rates that might be overfitting!
WARNING: Please only use GTRX with very large data and always test for model fit!
Optimizing NNI: done in 0.00691749 secs using 110.2% CPU
WARNING: GTRX multistate model will estimate 5 substitution rates that might be overfitting!
WARNING: Please only use GTRX with very large data and always test for model fit!
Optimizing NNI: done in 0.00436723 secs using 110.3% CPU
WARNING: GTRX multistate model will estimate 5 substitution rates that might be overfitting!
WARNING: Please only use GTRX with very large data and always test for model fit!
Optimizing NNI: done in 0.00265416 secs using 110.2% CPU
WARNING: GTRX multistate model will estimate 5 substitution rates that might be overfitting!
WARNING: Please only use GTRX with very large data and always test for model fit!
Optimizing NNI: done in 0.00335734 secs using 110.2% CPU
WARNING: GTRX multistate model will estimate 5 substitution rates that might be overfitting!
WARNING: Please only use GTRX with very large data and always test for model fit!
Optimizing NNI: done in 0.00361881 secs using 110.3% CPU
WARNING: GTRX multistate model will estimate 5 substitution rates that might be overfitting!
WARNING: Please only use GTRX with very large data and always test for model fit!
Optimizing NNI: done in 0.00423414 secs using 110.2% CPU
WARNING: GTRX multistate model will estimate 5 substitution rates that might be overfitting!
WARNING: Please only use GTRX with very large data and always test for model fit!
Optimizing NNI: done in 0.00230728 secs using 110.2% CPU
WARNING: GTRX multistate model will estimate 5 substitution rates that might be overfitting!
WARNING: Please only use GTRX with very large data and always test for model fit!
Optimizing NNI: done in 0.00379044 secs
WARNING: GTRX multistate model will estimate 5 substitution rates that might be overfitting!
WARNING: Please only use GTRX with very large data and always test for model fit!
Optimizing NNI: done in 0.00535029 secs using 105.5% CPU
WARNING: GTRX multistate model will estimate 5 substitution rates that might be overfitting!
WARNING: Please only use GTRX with very large data and always test for model fit!
Optimizing NNI: done in 0.0032898 secs using 110.3% CPU
WARNING: GTRX multistate model will estimate 5 substitution rates that might be overfitting!
WARNING: Please only use GTRX with very large data and always test for model fit!
Optimizing NNI: done in 0.00284029 secs using 110.2% CPU
WARNING: GTRX multistate model will estimate 5 substitution rates that might be overfitting!
WARNING: Please only use GTRX with very large data and always test for model fit!
Optimizing NNI: done in 0.003347 secs using 71.94% CPU
WARNING: GTRX multistate model will estimate 5 substitution rates that might be overfitting!
WARNING: Please only use GTRX with very large data and always test for model fit!
Optimizing NNI: done in 0.00203085 secs
WARNING: GTRX multistate model will estimate 5 substitution rates that might be overfitting!
WARNING: Please only use GTRX with very large data and always test for model fit!
Optimizing NNI: done in 0.00264319 secs using 105.5% CPU
WARNING: GTRX multistate model will estimate 5 substitution rates that might be overfitting!
WARNING: Please only use GTRX with very large data and always test for model fit!
Optimizing NNI: done in 0.00263186 secs using 110.2% CPU
WARNING: GTRX multistate model will estimate 5 substitution rates that might be overfitting!
WARNING: Please only use GTRX with very large data and always test for model fit!
Optimizing NNI: done in 0.00282469 secs using 110.2% CPU
WARNING: GTRX multistate model will estimate 5 substitution rates that might be overfitting!
WARNING: Please only use GTRX with very large data and always test for model fit!
Optimizing NNI: done in 0.00304482 secs using 105.5% CPU
WARNING: GTRX multistate model will estimate 5 substitution rates that might be overfitting!
WARNING: Please only use GTRX with very large data and always test for model fit!
Optimizing NNI: done in 0.00385571 secs using 110.2% CPU
WARNING: GTRX multistate model will estimate 5 substitution rates that might be overfitting!
WARNING: Please only use GTRX with very large data and always test for model fit!
Optimizing NNI: done in 0.00386025 secs using 110.2% CPU
WARNING: GTRX multistate model will estimate 5 substitution rates that might be overfitting!
WARNING: Please only use GTRX with very large data and always test for model fit!
Optimizing NNI: done in 0.00498265 secs using 109.5% CPU
WARNING: GTRX multistate model will estimate 5 substitution rates that might be overfitting!
WARNING: Please only use GTRX with very large data and always test for model fit!
Optimizing NNI: done in 0.0118739 secs using 19.89% CPU
WARNING: GTRX multistate model will estimate 5 substitution rates that might be overfitting!
WARNING: Please only use GTRX with very large data and always test for model fit!
Optimizing NNI: done in 0.00877372 secs
WARNING: GTRX multistate model will estimate 5 substitution rates that might be overfitting!
WARNING: Please only use GTRX with very large data and always test for model fit!
Optimizing NNI: done in 0.00645475 secs
WARNING: GTRX multistate model will estimate 5 substitution rates that might be overfitting!
WARNING: Please only use GTRX with very large data and always test for model fit!
Optimizing NNI: done in 0.00627551 secs
WARNING: GTRX multistate model will estimate 5 substitution rates that might be overfitting!
WARNING: Please only use GTRX with very large data and always test for model fit!
Optimizing NNI: done in 0.00495718 secs using 105.4% CPU
WARNING: GTRX multistate model will estimate 5 substitution rates that might be overfitting!
WARNING: Please only use GTRX with very large data and always test for model fit!
Optimizing NNI: done in 0.00465935 secs using 110.2% CPU
WARNING: GTRX multistate model will estimate 5 substitution rates that might be overfitting!
WARNING: Please only use GTRX with very large data and always test for model fit!
Optimizing NNI: done in 0.00825395 secs using 110.3% CPU
WARNING: GTRX multistate model will estimate 5 substitution rates that might be overfitting!
WARNING: Please only use GTRX with very large data and always test for model fit!
Optimizing NNI: done in 0.00889494 secs using 110.3% CPU
WARNING: GTRX multistate model will estimate 5 substitution rates that might be overfitting!
WARNING: Please only use GTRX with very large data and always test for model fit!
Optimizing NNI: done in 0.00672918 secs using 110.2% CPU
WARNING: GTRX multistate model will estimate 5 substitution rates that might be overfitting!
WARNING: Please only use GTRX with very large data and always test for model fit!
Optimizing NNI: done in 0.00511602 secs using 108.2% CPU
WARNING: GTRX multistate model will estimate 5 substitution rates that might be overfitting!
WARNING: Please only use GTRX with very large data and always test for model fit!
Optimizing NNI: done in 0.00472218 secs using 108.8% CPU
WARNING: GTRX multistate model will estimate 5 substitution rates that might be overfitting!
WARNING: Please only use GTRX with very large data and always test for model fit!
Optimizing NNI: done in 0.00436533 secs using 110.3% CPU
WARNING: GTRX multistate model will estimate 5 substitution rates that might be overfitting!
WARNING: Please only use GTRX with very large data and always test for model fit!
Optimizing NNI: done in 0.00349143 secs using 105.4% CPU
WARNING: GTRX multistate model will estimate 5 substitution rates that might be overfitting!
WARNING: Please only use GTRX with very large data and always test for model fit!
Optimizing NNI: done in 0.00260538 secs using 110.2% CPU
WARNING: GTRX multistate model will estimate 5 substitution rates that might be overfitting!
WARNING: Please only use GTRX with very large data and always test for model fit!
Optimizing NNI: done in 0.00290185 secs using 110.2% CPU
WARNING: GTRX multistate model will estimate 5 substitution rates that might be overfitting!
WARNING: Please only use GTRX with very large data and always test for model fit!
Optimizing NNI: done in 0.00214644 secs using 110.2% CPU
WARNING: GTRX multistate model will estimate 5 substitution rates that might be overfitting!
WARNING: Please only use GTRX with very large data and always test for model fit!
Optimizing NNI: done in 0.00284981 secs using 110.2% CPU
WARNING: GTRX multistate model will estimate 5 substitution rates that might be overfitting!
WARNING: Please only use GTRX with very large data and always test for model fit!
Optimizing NNI: done in 0.00220837 secs using 110.2% CPU
WARNING: GTRX multistate model will estimate 5 substitution rates that might be overfitting!
WARNING: Please only use GTRX with very large data and always test for model fit!
Optimizing NNI: done in 0.00546444 secs using 110.3% CPU
WARNING: GTRX multistate model will estimate 5 substitution rates that might be overfitting!
WARNING: Please only use GTRX with very large data and always test for model fit!
Optimizing NNI: done in 0.00255216 secs using 110.2% CPU
WARNING: GTRX multistate model will estimate 5 substitution rates that might be overfitting!
WARNING: Please only use GTRX with very large data and always test for model fit!
Optimizing NNI: done in 0.00391691 secs using 110.2% CPU
WARNING: GTRX multistate model will estimate 5 substitution rates that might be overfitting!
WARNING: Please only use GTRX with very large data and always test for model fit!
Optimizing NNI: done in 0.00225143 secs using 110.2% CPU
WARNING: GTRX multistate model will estimate 5 substitution rates that might be overfitting!
WARNING: Please only use GTRX with very large data and always test for model fit!
Optimizing NNI: done in 0.0016119 secs using 110.1% CPU
WARNING: GTRX multistate model will estimate 5 substitution rates that might be overfitting!
WARNING: Please only use GTRX with very large data and always test for model fit!
Optimizing NNI: done in 0.00386505 secs using 110.2% CPU
WARNING: GTRX multistate model will estimate 5 substitution rates that might be overfitting!
WARNING: Please only use GTRX with very large data and always test for model fit!
Optimizing NNI: done in 0.00285706 secs using 110.2% CPU
900 samples done
WARNING: GTRX multistate model will estimate 5 substitution rates that might be overfitting!
WARNING: Please only use GTRX with very large data and always test for model fit!
Optimizing NNI: done in 0.00335951 secs using 110.2% CPU
WARNING: GTRX multistate model will estimate 5 substitution rates that might be overfitting!
WARNING: Please only use GTRX with very large data and always test for model fit!
Optimizing NNI: done in 0.00416886 secs using 110.2% CPU
WARNING: GTRX multistate model will estimate 5 substitution rates that might be overfitting!
WARNING: Please only use GTRX with very large data and always test for model fit!
Optimizing NNI: done in 0.00287447 secs using 110.2% CPU
WARNING: GTRX multistate model will estimate 5 substitution rates that might be overfitting!
WARNING: Please only use GTRX with very large data and always test for model fit!
Optimizing NNI: done in 0.00501547 secs using 110.2% CPU
WARNING: GTRX multistate model will estimate 5 substitution rates that might be overfitting!
WARNING: Please only use GTRX with very large data and always test for model fit!
Optimizing NNI: done in 0.00300004 secs using 110.2% CPU
WARNING: GTRX multistate model will estimate 5 substitution rates that might be overfitting!
WARNING: Please only use GTRX with very large data and always test for model fit!
Optimizing NNI: done in 0.00271572 secs using 110.2% CPU
WARNING: GTRX multistate model will estimate 5 substitution rates that might be overfitting!
WARNING: Please only use GTRX with very large data and always test for model fit!
Optimizing NNI: done in 0.004454 secs using 110.2% CPU
WARNING: GTRX multistate model will estimate 5 substitution rates that might be overfitting!
WARNING: Please only use GTRX with very large data and always test for model fit!
Optimizing NNI: done in 0.00507477 secs using 110.3% CPU
WARNING: GTRX multistate model will estimate 5 substitution rates that might be overfitting!
WARNING: Please only use GTRX with very large data and always test for model fit!
Optimizing NNI: done in 0.00803147 secs using 110.3% CPU
WARNING: GTRX multistate model will estimate 5 substitution rates that might be overfitting!
WARNING: Please only use GTRX with very large data and always test for model fit!
Optimizing NNI: done in 0.00304337 secs using 110% CPU
WARNING: GTRX multistate model will estimate 5 substitution rates that might be overfitting!
WARNING: Please only use GTRX with very large data and always test for model fit!
Optimizing NNI: done in 0.003383 secs using 110.1% CPU
WARNING: GTRX multistate model will estimate 5 substitution rates that might be overfitting!
WARNING: Please only use GTRX with very large data and always test for model fit!
Optimizing NNI: done in 0.00637125 secs
WARNING: GTRX multistate model will estimate 5 substitution rates that might be overfitting!
WARNING: Please only use GTRX with very large data and always test for model fit!
Optimizing NNI: done in 0.00927137 secs using 107.9% CPU
WARNING: GTRX multistate model will estimate 5 substitution rates that might be overfitting!
WARNING: Please only use GTRX with very large data and always test for model fit!
Optimizing NNI: done in 0.00533325 secs using 110.3% CPU
WARNING: GTRX multistate model will estimate 5 substitution rates that might be overfitting!
WARNING: Please only use GTRX with very large data and always test for model fit!
Optimizing NNI: done in 0.00295588 secs using 110.2% CPU
WARNING: GTRX multistate model will estimate 5 substitution rates that might be overfitting!
WARNING: Please only use GTRX with very large data and always test for model fit!
Optimizing NNI: done in 0.00423396 secs using 110.3% CPU
WARNING: GTRX multistate model will estimate 5 substitution rates that might be overfitting!
WARNING: Please only use GTRX with very large data and always test for model fit!
Optimizing NNI: done in 0.00161353 secs using 110.2% CPU
WARNING: GTRX multistate model will estimate 5 substitution rates that might be overfitting!
WARNING: Please only use GTRX with very large data and always test for model fit!
Optimizing NNI: done in 0.00150355 secs using 110.1% CPU
WARNING: GTRX multistate model will estimate 5 substitution rates that might be overfitting!
WARNING: Please only use GTRX with very large data and always test for model fit!
Optimizing NNI: done in 0.00608593 secs using 110.3% CPU
WARNING: GTRX multistate model will estimate 5 substitution rates that might be overfitting!
WARNING: Please only use GTRX with very large data and always test for model fit!
Optimizing NNI: done in 0.00448664 secs using 110.2% CPU
WARNING: GTRX multistate model will estimate 5 substitution rates that might be overfitting!
WARNING: Please only use GTRX with very large data and always test for model fit!
Optimizing NNI: done in 0.00487268 secs using 105.9% CPU
WARNING: GTRX multistate model will estimate 5 substitution rates that might be overfitting!
WARNING: Please only use GTRX with very large data and always test for model fit!
Optimizing NNI: done in 0.00184789 secs using 105.4% CPU
WARNING: GTRX multistate model will estimate 5 substitution rates that might be overfitting!
WARNING: Please only use GTRX with very large data and always test for model fit!
Optimizing NNI: done in 0.00558094 secs using 110.3% CPU
WARNING: GTRX multistate model will estimate 5 substitution rates that might be overfitting!
WARNING: Please only use GTRX with very large data and always test for model fit!
Optimizing NNI: done in 0.00389923 secs using 110.3% CPU
WARNING: GTRX multistate model will estimate 5 substitution rates that might be overfitting!
WARNING: Please only use GTRX with very large data and always test for model fit!
Optimizing NNI: done in 0.00226322 secs using 105.3% CPU
WARNING: GTRX multistate model will estimate 5 substitution rates that might be overfitting!
WARNING: Please only use GTRX with very large data and always test for model fit!
Optimizing NNI: done in 0.00194309 secs using 110.2% CPU
WARNING: GTRX multistate model will estimate 5 substitution rates that might be overfitting!
WARNING: Please only use GTRX with very large data and always test for model fit!
Optimizing NNI: done in 0.00570043 secs using 110.2% CPU
WARNING: GTRX multistate model will estimate 5 substitution rates that might be overfitting!
WARNING: Please only use GTRX with very large data and always test for model fit!
Optimizing NNI: done in 0.00387593 secs using 110.2% CPU
WARNING: GTRX multistate model will estimate 5 substitution rates that might be overfitting!
WARNING: Please only use GTRX with very large data and always test for model fit!
Optimizing NNI: done in 0.00162132 secs using 110.2% CPU
WARNING: GTRX multistate model will estimate 5 substitution rates that might be overfitting!
WARNING: Please only use GTRX with very large data and always test for model fit!
Optimizing NNI: done in 0.00262297 secs using 110.1% CPU
WARNING: GTRX multistate model will estimate 5 substitution rates that might be overfitting!
WARNING: Please only use GTRX with very large data and always test for model fit!
Optimizing NNI: done in 0.00214817 secs using 110.2% CPU
WARNING: GTRX multistate model will estimate 5 substitution rates that might be overfitting!
WARNING: Please only use GTRX with very large data and always test for model fit!
Optimizing NNI: done in 0.00279206 secs using 110.1% CPU
WARNING: GTRX multistate model will estimate 5 substitution rates that might be overfitting!
WARNING: Please only use GTRX with very large data and always test for model fit!
Optimizing NNI: done in 0.00274382 secs using 110.2% CPU
WARNING: GTRX multistate model will estimate 5 substitution rates that might be overfitting!
WARNING: Please only use GTRX with very large data and always test for model fit!
Optimizing NNI: done in 0.0049424 secs using 110.2% CPU
WARNING: GTRX multistate model will estimate 5 substitution rates that might be overfitting!
WARNING: Please only use GTRX with very large data and always test for model fit!
Optimizing NNI: done in 0.0034451 secs using 110.2% CPU
WARNING: GTRX multistate model will estimate 5 substitution rates that might be overfitting!
WARNING: Please only use GTRX with very large data and always test for model fit!
Optimizing NNI: done in 0.00510632 secs using 110.3% CPU
WARNING: GTRX multistate model will estimate 5 substitution rates that might be overfitting!
WARNING: Please only use GTRX with very large data and always test for model fit!
Optimizing NNI: done in 0.00320303 secs using 110.1% CPU
WARNING: GTRX multistate model will estimate 5 substitution rates that might be overfitting!
WARNING: Please only use GTRX with very large data and always test for model fit!
Optimizing NNI: done in 0.00431909 secs using 110.2% CPU
WARNING: GTRX multistate model will estimate 5 substitution rates that might be overfitting!
WARNING: Please only use GTRX with very large data and always test for model fit!
Optimizing NNI: done in 0.00369424 secs using 110.3% CPU
WARNING: GTRX multistate model will estimate 5 substitution rates that might be overfitting!
WARNING: Please only use GTRX with very large data and always test for model fit!
Optimizing NNI: done in 0.00171126 secs using 109.9% CPU
WARNING: GTRX multistate model will estimate 5 substitution rates that might be overfitting!
WARNING: Please only use GTRX with very large data and always test for model fit!
Optimizing NNI: done in 0.00546507 secs using 106.7% CPU
WARNING: GTRX multistate model will estimate 5 substitution rates that might be overfitting!
WARNING: Please only use GTRX with very large data and always test for model fit!
Optimizing NNI: done in 0.00226884 secs using 110.2% CPU
WARNING: GTRX multistate model will estimate 5 substitution rates that might be overfitting!
WARNING: Please only use GTRX with very large data and always test for model fit!
Optimizing NNI: done in 0.00289387 secs using 105.4% CPU
WARNING: GTRX multistate model will estimate 5 substitution rates that might be overfitting!
WARNING: Please only use GTRX with very large data and always test for model fit!
Optimizing NNI: done in 0.00229368 secs using 105.4% CPU
WARNING: GTRX multistate model will estimate 5 substitution rates that might be overfitting!
WARNING: Please only use GTRX with very large data and always test for model fit!
Optimizing NNI: done in 0.00445409 secs using 110.2% CPU
WARNING: GTRX multistate model will estimate 5 substitution rates that might be overfitting!
WARNING: Please only use GTRX with very large data and always test for model fit!
Optimizing NNI: done in 0.00263412 secs using 110.2% CPU
WARNING: GTRX multistate model will estimate 5 substitution rates that might be overfitting!
WARNING: Please only use GTRX with very large data and always test for model fit!
Optimizing NNI: done in 0.00348535 secs using 110.1% CPU
WARNING: GTRX multistate model will estimate 5 substitution rates that might be overfitting!
WARNING: Please only use GTRX with very large data and always test for model fit!
Optimizing NNI: done in 0.00182922 secs using 110.2% CPU
WARNING: GTRX multistate model will estimate 5 substitution rates that might be overfitting!
WARNING: Please only use GTRX with very large data and always test for model fit!
Optimizing NNI: done in 0.00519644 secs using 110.2% CPU
WARNING: GTRX multistate model will estimate 5 substitution rates that might be overfitting!
WARNING: Please only use GTRX with very large data and always test for model fit!
Optimizing NNI: done in 0.00452961 secs using 110.2% CPU
WARNING: GTRX multistate model will estimate 5 substitution rates that might be overfitting!
WARNING: Please only use GTRX with very large data and always test for model fit!
Optimizing NNI: done in 0.00628784 secs using 110.3% CPU
WARNING: GTRX multistate model will estimate 5 substitution rates that might be overfitting!
WARNING: Please only use GTRX with very large data and always test for model fit!
Optimizing NNI: done in 0.00259477 secs using 110.3% CPU
WARNING: GTRX multistate model will estimate 5 substitution rates that might be overfitting!
WARNING: Please only use GTRX with very large data and always test for model fit!
Optimizing NNI: done in 0.00164871 secs using 110.2% CPU
WARNING: GTRX multistate model will estimate 5 substitution rates that might be overfitting!
WARNING: Please only use GTRX with very large data and always test for model fit!
Optimizing NNI: done in 0.00685167 secs using 110.2% CPU
WARNING: GTRX multistate model will estimate 5 substitution rates that might be overfitting!
WARNING: Please only use GTRX with very large data and always test for model fit!
Optimizing NNI: done in 0.0046462 secs using 110.2% CPU
WARNING: GTRX multistate model will estimate 5 substitution rates that might be overfitting!
WARNING: Please only use GTRX with very large data and always test for model fit!
Optimizing NNI: done in 0.0047919 secs using 110.2% CPU
WARNING: GTRX multistate model will estimate 5 substitution rates that might be overfitting!
WARNING: Please only use GTRX with very large data and always test for model fit!
Optimizing NNI: done in 0.00232614 secs using 110.1% CPU
WARNING: GTRX multistate model will estimate 5 substitution rates that might be overfitting!
WARNING: Please only use GTRX with very large data and always test for model fit!
Optimizing NNI: done in 0.00322171 secs using 110.3% CPU
WARNING: GTRX multistate model will estimate 5 substitution rates that might be overfitting!
WARNING: Please only use GTRX with very large data and always test for model fit!
Optimizing NNI: done in 0.00577006 secs using 110.3% CPU
WARNING: GTRX multistate model will estimate 5 substitution rates that might be overfitting!
WARNING: Please only use GTRX with very large data and always test for model fit!
Optimizing NNI: done in 0.00402779 secs using 110.1% CPU
WARNING: GTRX multistate model will estimate 5 substitution rates that might be overfitting!
WARNING: Please only use GTRX with very large data and always test for model fit!
Optimizing NNI: done in 0.00411256 secs using 110.2% CPU
WARNING: GTRX multistate model will estimate 5 substitution rates that might be overfitting!
WARNING: Please only use GTRX with very large data and always test for model fit!
Optimizing NNI: done in 0.00430078 secs
WARNING: GTRX multistate model will estimate 5 substitution rates that might be overfitting!
WARNING: Please only use GTRX with very large data and always test for model fit!
Optimizing NNI: done in 0.00123456 secs using 16.77% CPU
WARNING: GTRX multistate model will estimate 5 substitution rates that might be overfitting!
WARNING: Please only use GTRX with very large data and always test for model fit!
Optimizing NNI: done in 0.00292261 secs using 105.4% CPU
WARNING: GTRX multistate model will estimate 5 substitution rates that might be overfitting!
WARNING: Please only use GTRX with very large data and always test for model fit!
Optimizing NNI: done in 0.00422426 secs using 110.2% CPU
WARNING: GTRX multistate model will estimate 5 substitution rates that might be overfitting!
WARNING: Please only use GTRX with very large data and always test for model fit!
Optimizing NNI: done in 0.00452127 secs using 110.2% CPU
WARNING: GTRX multistate model will estimate 5 substitution rates that might be overfitting!
WARNING: Please only use GTRX with very large data and always test for model fit!
Optimizing NNI: done in 0.00319342 secs using 110.3% CPU
WARNING: GTRX multistate model will estimate 5 substitution rates that might be overfitting!
WARNING: Please only use GTRX with very large data and always test for model fit!
Optimizing NNI: done in 0.0107228 secs using 110.3% CPU
WARNING: GTRX multistate model will estimate 5 substitution rates that might be overfitting!
WARNING: Please only use GTRX with very large data and always test for model fit!
Optimizing NNI: done in 0.0102747 secs using 110.3% CPU
WARNING: GTRX multistate model will estimate 5 substitution rates that might be overfitting!
WARNING: Please only use GTRX with very large data and always test for model fit!
Optimizing NNI: done in 0.00896602 secs using 110.3% CPU
WARNING: GTRX multistate model will estimate 5 substitution rates that might be overfitting!
WARNING: Please only use GTRX with very large data and always test for model fit!
Optimizing NNI: done in 0.006698 secs using 110.3% CPU
WARNING: GTRX multistate model will estimate 5 substitution rates that might be overfitting!
WARNING: Please only use GTRX with very large data and always test for model fit!
Optimizing NNI: done in 0.00524558 secs using 110.2% CPU
WARNING: GTRX multistate model will estimate 5 substitution rates that might be overfitting!
WARNING: Please only use GTRX with very large data and always test for model fit!
Optimizing NNI: done in 0.00245923 secs using 110.2% CPU
WARNING: GTRX multistate model will estimate 5 substitution rates that might be overfitting!
WARNING: Please only use GTRX with very large data and always test for model fit!
Optimizing NNI: done in 0.00476316 secs using 110.2% CPU
WARNING: GTRX multistate model will estimate 5 substitution rates that might be overfitting!
WARNING: Please only use GTRX with very large data and always test for model fit!
Optimizing NNI: done in 0.00308109 secs using 110.2% CPU
WARNING: GTRX multistate model will estimate 5 substitution rates that might be overfitting!
WARNING: Please only use GTRX with very large data and always test for model fit!
Optimizing NNI: done in 0.00425064 secs using 110.2% CPU
WARNING: GTRX multistate model will estimate 5 substitution rates that might be overfitting!
WARNING: Please only use GTRX with very large data and always test for model fit!
Optimizing NNI: done in 0.00282805 secs using 110.2% CPU
WARNING: GTRX multistate model will estimate 5 substitution rates that might be overfitting!
WARNING: Please only use GTRX with very large data and always test for model fit!
Optimizing NNI: done in 0.00358708 secs using 110.2% CPU
WARNING: GTRX multistate model will estimate 5 substitution rates that might be overfitting!
WARNING: Please only use GTRX with very large data and always test for model fit!
Optimizing NNI: done in 0.002913 secs using 110.2% CPU
WARNING: GTRX multistate model will estimate 5 substitution rates that might be overfitting!
WARNING: Please only use GTRX with very large data and always test for model fit!
Optimizing NNI: done in 0.00548674 secs using 110.2% CPU
WARNING: GTRX multistate model will estimate 5 substitution rates that might be overfitting!
WARNING: Please only use GTRX with very large data and always test for model fit!
Optimizing NNI: done in 0.00398681 secs using 110.2% CPU
WARNING: GTRX multistate model will estimate 5 substitution rates that might be overfitting!
WARNING: Please only use GTRX with very large data and always test for model fit!
Optimizing NNI: done in 0.0029412 secs using 110.2% CPU
WARNING: GTRX multistate model will estimate 5 substitution rates that might be overfitting!
WARNING: Please only use GTRX with very large data and always test for model fit!
Optimizing NNI: done in 0.0033529 secs using 110.2% CPU
WARNING: GTRX multistate model will estimate 5 substitution rates that might be overfitting!
WARNING: Please only use GTRX with very large data and always test for model fit!
Optimizing NNI: done in 0.0033393 secs using 110.3% CPU
WARNING: GTRX multistate model will estimate 5 substitution rates that might be overfitting!
WARNING: Please only use GTRX with very large data and always test for model fit!
Optimizing NNI: done in 0.00564884 secs using 110.3% CPU
WARNING: GTRX multistate model will estimate 5 substitution rates that might be overfitting!
WARNING: Please only use GTRX with very large data and always test for model fit!
Optimizing NNI: done in 0.00420277 secs using 110% CPU
WARNING: GTRX multistate model will estimate 5 substitution rates that might be overfitting!
WARNING: Please only use GTRX with very large data and always test for model fit!
Optimizing NNI: done in 0.00461175 secs using 110.2% CPU
WARNING: GTRX multistate model will estimate 5 substitution rates that might be overfitting!
WARNING: Please only use GTRX with very large data and always test for model fit!
Optimizing NNI: done in 0.00163737 secs using 110.2% CPU
WARNING: GTRX multistate model will estimate 5 substitution rates that might be overfitting!
WARNING: Please only use GTRX with very large data and always test for model fit!
Optimizing NNI: done in 0.00383631 secs using 110.2% CPU
WARNING: GTRX multistate model will estimate 5 substitution rates that might be overfitting!
WARNING: Please only use GTRX with very large data and always test for model fit!
Optimizing NNI: done in 0.00194726 secs using 110.2% CPU
WARNING: GTRX multistate model will estimate 5 substitution rates that might be overfitting!
WARNING: Please only use GTRX with very large data and always test for model fit!
Optimizing NNI: done in 0.00283412 secs using 110.2% CPU
WARNING: GTRX multistate model will estimate 5 substitution rates that might be overfitting!
WARNING: Please only use GTRX with very large data and always test for model fit!
Optimizing NNI: done in 0.00849748 secs using 110.3% CPU
WARNING: GTRX multistate model will estimate 5 substitution rates that might be overfitting!
WARNING: Please only use GTRX with very large data and always test for model fit!
Optimizing NNI: done in 0.00218072 secs using 110.2% CPU
WARNING: GTRX multistate model will estimate 5 substitution rates that might be overfitting!
WARNING: Please only use GTRX with very large data and always test for model fit!
Optimizing NNI: done in 0.00209286 secs using 110.2% CPU
WARNING: GTRX multistate model will estimate 5 substitution rates that might be overfitting!
WARNING: Please only use GTRX with very large data and always test for model fit!
Optimizing NNI: done in 0.00294509 secs using 110.2% CPU
WARNING: GTRX multistate model will estimate 5 substitution rates that might be overfitting!
WARNING: Please only use GTRX with very large data and always test for model fit!
Optimizing NNI: done in 0.0037617 secs using 110.2% CPU
WARNING: GTRX multistate model will estimate 5 substitution rates that might be overfitting!
WARNING: Please only use GTRX with very large data and always test for model fit!
Optimizing NNI: done in 0.00332298 secs using 110.2% CPU
WARNING: GTRX multistate model will estimate 5 substitution rates that might be overfitting!
WARNING: Please only use GTRX with very large data and always test for model fit!
Optimizing NNI: done in 0.00585737 secs using 110.3% CPU
WARNING: GTRX multistate model will estimate 5 substitution rates that might be overfitting!
WARNING: Please only use GTRX with very large data and always test for model fit!
Optimizing NNI: done in 0.00715195 secs using 110.3% CPU
WARNING: GTRX multistate model will estimate 5 substitution rates that might be overfitting!
WARNING: Please only use GTRX with very large data and always test for model fit!
Optimizing NNI: done in 0.00603335 secs using 110.3% CPU
1000 samples done
Total 999 ufboot trees refined
TREE SEARCH COMPLETED AFTER 152 ITERATIONS / Time: 0h:0m:38s

--------------------------------------------------------------------
|                    FINALIZING TREE SEARCH                        |
--------------------------------------------------------------------
Performs final model parameters optimization
Estimate model parameters (epsilon = 0.010)
1. Initial log-likelihood: -699.977
Optimal log-likelihood: -699.973
Rate parameters: 0.218 0.459 0.617 1.098 3.524 1.000
State frequencies: 0.604 0.028 0.310 0.058
State frequencies: 0.283 0.130 0.013 0.575
Mixture weights: 0.508 0.492
Site proportion and rates:  (0.532,0.255) (0.468,1.848)
Parameters optimization took 1 rounds (0.016 sec)
BEST SCORE FOUND : -699.973

Testing tree branches by SH-like aLRT with 1000 replicates...
0.030 sec.
Creating bootstrap support values...
Split supports printed to NEXUS file Khalturin2022.WoGaps.recSR4.Subsampled.fasta.splits.nex
Total tree length: 4.192

Total number of iterations: 152
CPU time used for tree search: 16.148 sec (0h:0m:16s)
Wall-clock time used for tree search: 17.513 sec (0h:0m:17s)
Total CPU time used: 54.763 sec (0h:0m:54s)
Total wall-clock time used: 39.063 sec (0h:0m:39s)
UFBoot trees printed to Khalturin2022.WoGaps.recSR4.Subsampled.fasta.ufboot

Computing bootstrap consensus tree...
Reading input file Khalturin2022.WoGaps.recSR4.Subsampled.fasta.splits.nex...
30 taxa and 1435 splits.
Consensus tree written to Khalturin2022.WoGaps.recSR4.Subsampled.fasta.contree
Reading input trees file Khalturin2022.WoGaps.recSR4.Subsampled.fasta.contree
Log-likelihood of consensus tree: -700.588

Analysis results written to: 
  IQ-TREE report:                Khalturin2022.WoGaps.recSR4.Subsampled.fasta.iqtree
  Maximum-likelihood tree:       Khalturin2022.WoGaps.recSR4.Subsampled.fasta.treefile
  Likelihood distances:          Khalturin2022.WoGaps.recSR4.Subsampled.fasta.mldist

Ultrafast bootstrap approximation results written to:
  Split support values:          Khalturin2022.WoGaps.recSR4.Subsampled.fasta.splits.nex
  Consensus tree:                Khalturin2022.WoGaps.recSR4.Subsampled.fasta.contree
  UFBoot trees:                  Khalturin2022.WoGaps.recSR4.Subsampled.fasta.ufboot
  Screen log file:               Khalturin2022.WoGaps.recSR4.Subsampled.fasta.log

Date and Time: Tue Apr 15 13:01:18 2025
