IQ-TREE version 3.0.0 for Linux x86 64-bit built Apr 29 2025
Developed by Bui Quang Minh, Thomas Wong, Nhan Ly-Trong, Huaiyan Ren
Contributed by Lam-Tung Nguyen, Dominik Schrempf, Chris Bielow,
Olga Chernomor, Michael Woodhams, Diep Thi Hoang, Heiko Schmidt

Host:    Hiroaki (AVX2, FMA3, 15 GB RAM)
Command: ../../iqtree3ForkBuild/build/iqtree3 -s Khalturin2022.WoGaps.recSR4.Subsampled50.fasta -m MIX+MFP -mrate-twice 1 -mset MK,GTRX -mfreq FQ,FO -B 1000 -bnni -alrt 1000 -T AUTO --prefix Multistate50MKGTRXFQFO --redo
Seed:    473188 (Using SPRNG - Scalable Parallel Random Number Generator)
Time:    Tue Apr 29 16:23:35 2025
Kernel:  AVX+FMA - auto-detect threads (8 CPU cores detected)

Reading alignment file Khalturin2022.WoGaps.recSR4.Subsampled50.fasta ... Fasta format detected
Reading fasta file: done in 0.000670437 secs using 20.58% CPU
Alignment most likely contains 4-state morphological data
Constructing alignment: done in 8.0757e-05 secs using 106.5% CPU
Alignment has 30 sequences with 50 columns, 43 distinct patterns
31 parsimony-informative, 9 singleton sites, 10 constant sites
     Gap/Ambiguity  Composition  p-value
Analyzing sequences: done in 1.1825e-05 secs using 101.5% CPU
   1  sym    0.00%    passed     95.30%
   2  cte    0.00%    passed     82.71%
   3  ne2    0.00%    passed     98.57%
   4  bmo    0.00%    passed     88.55%
   5  pfu    0.00%    passed     93.45%
   6  cgi    0.00%    passed     19.37%
   7  csp    0.00%    passed     94.82%
   8  lox    0.00%    passed     90.23%
   9  miz    0.00%    passed      9.75%
  10  bar    0.00%    passed     97.56%
  11  lmi    0.00%    passed      6.48%
  12  tca    0.00%    passed     79.33%
  13  nve    0.00%    passed     95.43%
  14  not    0.00%    passed     85.71%
  15  lan    0.00%    passed     84.18%
  16  lgi    0.00%    passed     68.21%
  17  mvi    0.00%    passed     98.67%
  18  lun    0.00%    passed     84.18%
  19  mgr    0.00%    passed     98.67%
  20  ped    0.00%    passed     84.18%
  21  flu    0.00%    passed     82.64%
  22  bne    0.00%    passed     20.99%
  23  nvi    0.00%    passed     73.56%
  24  dme    0.00%    passed     88.55%
  25  dbe    0.00%    passed     82.64%
  26  bst    0.00%    passed     93.12%
  27  dpu    0.00%    passed     29.10%
  28  obi    0.00%    passed     79.53%
  29  mme    0.00%    passed     25.10%
  30  pho    0.00%    passed     98.05%
****  TOTAL    0.00%  0 sequences failed composition chi2 test (p-value<5%; df=3)
NOTE: lun is identical to lan but kept for subsequent analysis
Checking for duplicate sequences: done in 0.000455209 secs using 50.31% CPU
--------------------------------------------------------------------
|                Optimizing Q-mixture model                        |
--------------------------------------------------------------------

Creating fast initial parsimony tree by random order stepwise addition...
0.015 seconds, parsimony score: 169 (based on 40 sites)
Measuring multi-threading efficiency up to 8 CPU cores
Increase to 10 rounds for branch lengths
2055 trees examined
Threads: 1 / Time: 8.001 sec / Speedup: 1.000 / Efficiency: 100% / LogL: -948
Threads: 2 / Time: 10.747 sec / Speedup: 0.744 / Efficiency: 37% / LogL: -948
Determining AUTO threadcount: done in 18.7495 secs using 154.9% CPU
BEST NUMBER OF THREADS: 1

Perform fast likelihood tree search using MK+I+G model...
Estimate model parameters (epsilon = 5.000)
Perform nearest neighbor interchange...
Optimizing NNI: done in 0.010026 secs using 97.86% CPU
Estimate model parameters (epsilon = 1.000)
1. Initial log-likelihood: -780.336
Optimal log-likelihood: -780.288
Proportion of invariable sites: 0.079
Gamma shape alpha: 1.218
Parameters optimization took 1 rounds (0.003 sec)
Time for fast ML tree search: 0.020 seconds

NOTE: ModelFinder requires 0 MB RAM!
ModelFinder will test up to 88 morphological models (sample size: 50 epsilon: 0.100) ...
 No. Model         -LnL         df  AIC          AICc         BIC
  1  MK+FQ         811.055      57  1736.109     8348.109     1845.095
  2  MK+FQ+I       794.696      58  1705.391     8549.391     1816.289
  3  MK+FQ+G4      780.376      58  1676.751     8520.751     1787.649
  4  MK+FQ+I+G4    780.290      59  1678.580     8758.580     1791.389
  5  MK+FQ+R2      781.378      59  1680.755     8760.755     1793.564
  6  MK+FQ+R3      780.731      61  1683.463     9247.463     1800.096
 14  MK+FQ+I+R2    780.544      60  1681.088     9001.088     1795.810
 15  MK+FQ+I+R3    780.191      62  1684.381     9496.381     1802.927
 25  MK+FO+G4      750.228      61  1622.456     9186.456     1739.090
 26  MK+FO+I+G4    750.155      62  1624.310     9436.310     1742.856
 27  MK+FO+R2      750.877      62  1625.754     9437.754     1744.299
 36  MK+FO+I+R2    750.189      63  1626.378     9690.378     1746.836
WARNING: GTRX multistate model will estimate 5 substitution rates that might be overfitting for the length of your alignment/partition!
WARNING: Please only use GTRX with large data and always test for model fit!
 47  GTRX+FQ+G4    751.126      63  1628.252     9692.252     1748.709
WARNING: GTRX multistate model will estimate 5 substitution rates that might be overfitting for the length of your alignment/partition!
WARNING: Please only use GTRX with large data and always test for model fit!
 48  GTRX+FQ+I+G4  751.080      64  1630.160     9950.160     1752.529
WARNING: GTRX multistate model will estimate 5 substitution rates that might be overfitting for the length of your alignment/partition!
WARNING: Please only use GTRX with large data and always test for model fit!
 49  GTRX+FQ+R2    753.341      64  1634.683     9954.683     1757.052
WARNING: GTRX multistate model will estimate 5 substitution rates that might be overfitting for the length of your alignment/partition!
WARNING: Please only use GTRX with large data and always test for model fit!
 58  GTRX+FQ+I+R2  752.388      65  1634.775     10214.775    1759.057
WARNING: GTRX multistate model will estimate 5 substitution rates that might be overfitting for the length of your alignment/partition!
WARNING: Please only use GTRX with large data and always test for model fit!
 69  GTRX+FO+G4    734.855      66  1601.711     10445.711    1727.904
WARNING: GTRX multistate model will estimate 5 substitution rates that might be overfitting for the length of your alignment/partition!
WARNING: Please only use GTRX with large data and always test for model fit!
 70  GTRX+FO+I+G4  734.795      67  1603.591     10715.591    1731.696
WARNING: GTRX multistate model will estimate 5 substitution rates that might be overfitting for the length of your alignment/partition!
WARNING: Please only use GTRX with large data and always test for model fit!
 71  GTRX+FO+R2    736.573      67  1607.145     10719.145    1735.251
WARNING: GTRX multistate model will estimate 5 substitution rates that might be overfitting for the length of your alignment/partition!
WARNING: Please only use GTRX with large data and always test for model fit!
 80  GTRX+FO+I+R2  736.033      68  1608.066     10992.066    1738.083
Akaike Information Criterion:           GTRX+FO+G4
Corrected Akaike Information Criterion: MK+FQ
Bayesian Information Criterion:         GTRX+FO+G4
Best-fit model: GTRX+FO+G4 chosen according to BIC

All model information printed to Multistate50MKGTRXFQFO.model.gz
CPU time for ModelFinder: 29.303 seconds (0h:0m:29s)
Wall-clock time for ModelFinder: 19.044 seconds (0h:0m:19s)

Model: GTRX+FO+G4; df: 66; loglike: -734.855; BIC score: 1727.904

Keep adding an additional class until there is no better BIC value

NOTE: MixtureFinder 2-class models requires 0 MB RAM!
ModelFinder will test up to 4 morphological models (sample size: 50 epsilon: 0.100) ...
 No. Model         -LnL         df  AIC          AICc         BIC
WARNING: GTRX multistate model will estimate 5 substitution rates that might be overfitting for the length of your alignment/partition!
WARNING: Please only use GTRX with large data and always test for model fit!
  1  MIX{GTRX+FO,MK+FQ}+G4 731.685      67  1597.369     10709.369    1725.475
WARNING: GTRX multistate model will estimate 5 substitution rates that might be overfitting for the length of your alignment/partition!
WARNING: Please only use GTRX with large data and always test for model fit!
  2  MIX{GTRX+FO,MK+FO}+G4 707.576      70  1555.151     11495.151    1688.993
WARNING: GTRX multistate model will estimate 5 substitution rates that might be overfitting for the length of your alignment/partition!
WARNING: Please only use GTRX with large data and always test for model fit!
WARNING: GTRX multistate model will estimate 5 substitution rates that might be overfitting for the length of your alignment/partition!
WARNING: Please only use GTRX with large data and always test for model fit!
  3  MIX{GTRX+FO,GTRX+FQ}+G4 714.740      72  1573.480     12085.480    1711.146
WARNING: GTRX multistate model will estimate 5 substitution rates that might be overfitting for the length of your alignment/partition!
WARNING: Please only use GTRX with large data and always test for model fit!
WARNING: GTRX multistate model will estimate 5 substitution rates that might be overfitting for the length of your alignment/partition!
WARNING: Please only use GTRX with large data and always test for model fit!
  4  MIX{GTRX+FO,GTRX+FO}+G4 707.765      75  1565.530     12965.530    1708.932
Best-fit model: MIX{GTRX+FO,MK+FO}+G4 chosen according to BIC

All model information printed to Multistate50MKGTRXFQFO.model.gz
CPU time for MixtureFinder 2-class models: 0.512 seconds (0h:0m:0s)
Wall-clock time for MixtureFinder 2-class models: 0.534 seconds (0h:0m:0s)

Model: MIX{GTRX+FO,MK+FO}+G4; df: 70; loglike: -707.576; BIC score: 1688.993;

NOTE: MixtureFinder 3-class models requires 0 MB RAM!
ModelFinder will test up to 4 morphological models (sample size: 50 epsilon: 0.100) ...
 No. Model         -LnL         df  AIC          AICc         BIC
WARNING: GTRX multistate model will estimate 5 substitution rates that might be overfitting for the length of your alignment/partition!
WARNING: Please only use GTRX with large data and always test for model fit!
  1  MIX{GTRX+FO,MK+FO,MK+FQ}+G4 709.725      71  1561.451     11785.451    1697.205
WARNING: GTRX multistate model will estimate 5 substitution rates that might be overfitting for the length of your alignment/partition!
WARNING: Please only use GTRX with large data and always test for model fit!
  2  MIX{GTRX+FO,MK+FO,MK+FO}+G4 709.707      74  1567.414     12667.414    1708.904
WARNING: GTRX multistate model will estimate 5 substitution rates that might be overfitting for the length of your alignment/partition!
WARNING: Please only use GTRX with large data and always test for model fit!
WARNING: GTRX multistate model will estimate 5 substitution rates that might be overfitting for the length of your alignment/partition!
WARNING: Please only use GTRX with large data and always test for model fit!
  3  MIX{GTRX+FO,MK+FO,GTRX+FQ}+G4 709.717      76  1571.434     13275.434    1716.748
WARNING: GTRX multistate model will estimate 5 substitution rates that might be overfitting for the length of your alignment/partition!
WARNING: Please only use GTRX with large data and always test for model fit!
WARNING: GTRX multistate model will estimate 5 substitution rates that might be overfitting for the length of your alignment/partition!
WARNING: Please only use GTRX with large data and always test for model fit!
  4  MIX{GTRX+FO,MK+FO,GTRX+FO}+G4 709.700      79  1577.401     14217.401    1728.451
Best-fit model: MIX{GTRX+FO,MK+FO,MK+FQ}+G4 chosen according to BIC

All model information printed to Multistate50MKGTRXFQFO.model.gz
CPU time for MixtureFinder 3-class models: 0.704 seconds (0h:0m:0s)
Wall-clock time for MixtureFinder 3-class models: 0.715 seconds (0h:0m:0s)

Model: MIX{GTRX+FO,MK+FO,MK+FQ}+G4; df: 71; loglike: -709.725; BIC score: 1697.205;

NOTE: MixtureFinder 2-class models requires 0 MB RAM!
ModelFinder will test up to 22 morphological models (sample size: 50 epsilon: 0.100) ...
 No. Model         -LnL         df  AIC          AICc         BIC
WARNING: GTRX multistate model will estimate 5 substitution rates that might be overfitting for the length of your alignment/partition!
WARNING: Please only use GTRX with large data and always test for model fit!
  1  MIX{GTRX+FO,MK+FO} 722.831      69  1583.661     11243.661    1715.591
WARNING: GTRX multistate model will estimate 5 substitution rates that might be overfitting for the length of your alignment/partition!
WARNING: Please only use GTRX with large data and always test for model fit!
  2  MIX{GTRX+FO,MK+FO}+I 719.253      70  1578.505     11518.505    1712.347
WARNING: GTRX multistate model will estimate 5 substitution rates that might be overfitting for the length of your alignment/partition!
WARNING: Please only use GTRX with large data and always test for model fit!
  3  MIX{GTRX+FO,MK+FO}+G4 707.576      70  1555.151     11495.151    1688.993
WARNING: GTRX multistate model will estimate 5 substitution rates that might be overfitting for the length of your alignment/partition!
WARNING: Please only use GTRX with large data and always test for model fit!
  4  MIX{GTRX+FO,MK+FO}+I+G4 707.710      71  1557.421     11781.421    1693.175
WARNING: GTRX multistate model will estimate 5 substitution rates that might be overfitting for the length of your alignment/partition!
WARNING: Please only use GTRX with large data and always test for model fit!
  5  MIX{GTRX+FO,MK+FO}+R2 705.834      71  1553.669     11777.669    1689.423
WARNING: GTRX multistate model will estimate 5 substitution rates that might be overfitting for the length of your alignment/partition!
WARNING: Please only use GTRX with large data and always test for model fit!
  6  MIX{GTRX+FO,MK+FO}+R3 705.818      73  1557.636     12361.636    1697.213
WARNING: GTRX multistate model will estimate 5 substitution rates that might be overfitting for the length of your alignment/partition!
WARNING: Please only use GTRX with large data and always test for model fit!
 14  MIX{GTRX+FO,MK+FO}+I+R2 705.628      72  1555.256     12067.256    1692.922
WARNING: GTRX multistate model will estimate 5 substitution rates that might be overfitting for the length of your alignment/partition!
WARNING: Please only use GTRX with large data and always test for model fit!
 15  MIX{GTRX+FO,MK+FO}+I+R3 705.660      74  1559.320     12659.320    1700.810
Best-fit model: MIX{GTRX+FO,MK+FO}+G4 chosen according to BIC

All model information printed to Multistate50MKGTRXFQFO.model.gz
CPU time for MixtureFinder 2-class models: 0.660 seconds (0h:0m:0s)
Wall-clock time for MixtureFinder 2-class models: 0.662 seconds (0h:0m:0s)
-------------------------------------------------------
  Best-fit Q-Mixture model: MIX{GTRX+FO,MK+FO}+G4
-------------------------------------------------------
Generating 1000 samples for ultrafast bootstrap (seed: 473188)...
WARNING: GTRX multistate model will estimate 5 substitution rates that might be overfitting for the length of your alignment/partition!
WARNING: Please only use GTRX with large data and always test for model fit!

NOTE: 0 MB RAM (0 GB) is required!
Estimate model parameters (epsilon = 0.100)
1. Initial log-likelihood: -734.641
2. Current log-likelihood: -714.447
3. Current log-likelihood: -710.963
4. Current log-likelihood: -707.736
Optimal log-likelihood: -707.672
Rate parameters: 2.321 0.000 3.870 9.182 5.404 1.000
State frequencies: 0.341 0.137 0.029 0.493
State frequencies: 0.524 0.034 0.378 0.063
Mixture weights: 0.561 0.439
Gamma shape alpha: 0.880
Parameters optimization took 4 rounds (0.084 sec)
Wrote distance file to... 
Computing ML distances based on estimated model parameters...
Calculating distance matrix: done in 0.00327724 secs using 98.83% CPU
Computing ML distances took 0.003991 sec (of wall-clock time) 0.003444 sec (of CPU time)
Setting up auxiliary I and S matrices: done in 0.00224849 secs using 10.32% CPU
Constructing RapidNJ tree: done in 0.000123077 secs using 98.31% CPU
Computing RapidNJ tree took 0.002791 sec (of wall-clock time) 0.000448 sec (of CPU time)
Log-likelihood of RapidNJ tree: -717.787
--------------------------------------------------------------------
|             INITIALIZING CANDIDATE TREE SET                      |
--------------------------------------------------------------------
Generating 98 parsimony trees... 0.158 second
Computing log-likelihood of 98 initial trees ... 0.099 seconds
Current best score: -707.672

Do NNI search on 20 best initial trees
Optimizing NNI: done in 0.0211144 secs using 103.3% CPU
Estimate model parameters (epsilon = 0.100)
BETTER TREE FOUND at iteration 1: -703.267
Optimizing NNI: done in 0.0544412 secs using 85.52% CPU
Optimizing NNI: done in 0.0687895 secs using 93.47% CPU
Optimizing NNI: done in 0.0292207 secs using 92.68% CPU
Optimizing NNI: done in 0.0523592 secs using 103.2% CPU
Optimizing NNI: done in 0.0372297 secs using 102.3% CPU
Optimizing NNI: done in 0.0429834 secs using 103.3% CPU
Optimizing NNI: done in 0.0849497 secs using 103.3% CPU
Estimate model parameters (epsilon = 0.100)
BETTER TREE FOUND at iteration 8: -701.148
Optimizing NNI: done in 0.0348508 secs using 103.3% CPU
Optimizing NNI: done in 0.0467714 secs using 103.3% CPU
Iteration 10 / LogL: -709.507 / Time: 0h:0m:21s
Optimizing NNI: done in 0.047904 secs using 103.3% CPU
Optimizing NNI: done in 0.0346471 secs using 103.3% CPU
Optimizing NNI: done in 0.0538641 secs using 84.45% CPU
Optimizing NNI: done in 0.0610719 secs using 103.3% CPU
Optimizing NNI: done in 0.0444059 secs using 103.3% CPU
Optimizing NNI: done in 0.0423229 secs using 103.3% CPU
Optimizing NNI: done in 0.025077 secs using 101.7% CPU
Optimizing NNI: done in 0.0387698 secs using 103.3% CPU
Optimizing NNI: done in 0.0495695 secs using 104.1% CPU
Optimizing NNI: done in 0.0829574 secs using 104.7% CPU
Iteration 20 / LogL: -713.075 / Time: 0h:0m:22s
Finish initializing candidate tree set (20)
Current best tree score: -701.148 / CPU time: 1.330
Number of iterations: 20
--------------------------------------------------------------------
|               OPTIMIZING CANDIDATE TREE SET                      |
--------------------------------------------------------------------
Optimizing NNI: done in 0.0428543 secs using 79.76% CPU
Optimizing NNI: done in 0.0276684 secs using 104.7% CPU
Optimizing NNI: done in 0.0611724 secs using 104.7% CPU
Optimizing NNI: done in 0.0363347 secs using 104.7% CPU
Optimizing NNI: done in 0.0447306 secs using 104.7% CPU
Optimizing NNI: done in 0.0345859 secs using 104.8% CPU
BETTER TREE FOUND at iteration 26: -701.142
Optimizing NNI: done in 0.0220875 secs using 103.8% CPU
Optimizing NNI: done in 0.0186602 secs using 104.4% CPU
Optimizing NNI: done in 0.0354942 secs using 104.8% CPU
BETTER TREE FOUND at iteration 29: -701.142
Optimizing NNI: done in 0.0243809 secs using 103.8% CPU
Iteration 30 / LogL: -702.330 / Time: 0h:0m:22s (0h:0m:6s left)
Optimizing NNI: done in 0.0324121 secs using 104.6% CPU
Optimizing NNI: done in 0.0301407 secs using 104.7% CPU
Optimizing NNI: done in 0.0289629 secs using 104.7% CPU
Optimizing NNI: done in 0.0434742 secs using 104.7% CPU
Optimizing NNI: done in 0.0478502 secs using 82.6% CPU
Optimizing NNI: done in 0.0322113 secs using 104.6% CPU
Optimizing NNI: done in 0.0441148 secs using 104.7% CPU
Optimizing NNI: done in 0.0504127 secs using 104.7% CPU
Optimizing NNI: done in 0.0341077 secs using 104.1% CPU
Optimizing NNI: done in 0.0445674 secs using 104.6% CPU
Iteration 40 / LogL: -701.143 / Time: 0h:0m:23s (0h:0m:5s left)
Optimizing NNI: done in 0.0320661 secs using 104.8% CPU
Optimizing NNI: done in 0.0330881 secs using 73.57% CPU
Optimizing NNI: done in 0.0454382 secs using 89.68% CPU
Optimizing NNI: done in 0.0311834 secs using 104.8% CPU
Optimizing NNI: done in 0.03325 secs using 104.7% CPU
Optimizing NNI: done in 0.049722 secs using 85.54% CPU
Optimizing NNI: done in 0.0419445 secs using 103.8% CPU
Optimizing NNI: done in 0.0416312 secs using 104.7% CPU
Optimizing NNI: done in 0.0499502 secs using 104.7% CPU
Optimizing NNI: done in 0.0267081 secs using 104.5% CPU
UPDATE BEST LOG-LIKELIHOOD: -701.141
Iteration 50 / LogL: -701.141 / Time: 0h:0m:23s (0h:0m:4s left)
Optimizing NNI: done in 0.0476016 secs using 104.1% CPU
Optimizing NNI: done in 0.0391162 secs using 104.8% CPU
Optimizing NNI: done in 0.025158 secs using 104.7% CPU
Optimizing NNI: done in 0.034004 secs using 104.7% CPU
Optimizing NNI: done in 0.0297107 secs using 104.7% CPU
Optimizing NNI: done in 0.036422 secs using 96.95% CPU
Optimizing NNI: done in 0.0382966 secs using 94.06% CPU
Optimizing NNI: done in 0.0349357 secs using 104.7% CPU
Optimizing NNI: done in 0.0441264 secs using 104.6% CPU
Optimizing NNI: done in 0.0488168 secs using 104.8% CPU
Iteration 60 / LogL: -702.955 / Time: 0h:0m:24s (0h:0m:3s left)
Optimizing NNI: done in 0.0214263 secs using 56.81% CPU
UPDATE BEST LOG-LIKELIHOOD: -701.141
Optimizing NNI: done in 0.0420843 secs using 104.8% CPU
Optimizing NNI: done in 0.0322468 secs using 104.8% CPU
Optimizing NNI: done in 0.0412081 secs using 104.8% CPU
Optimizing NNI: done in 0.0264715 secs using 104.7% CPU
Optimizing NNI: done in 0.0244728 secs using 104.7% CPU
Optimizing NNI: done in 0.0322338 secs using 104.8% CPU
Optimizing NNI: done in 0.0365613 secs using 104.8% CPU
Optimizing NNI: done in 0.0298949 secs using 104.8% CPU
Optimizing NNI: done in 0.0277437 secs using 104.7% CPU
Iteration 70 / LogL: -702.257 / Time: 0h:0m:24s (0h:0m:2s left)
Optimizing NNI: done in 0.0328872 secs using 104.8% CPU
Optimizing NNI: done in 0.0458685 secs using 104.7% CPU
Optimizing NNI: done in 0.0524783 secs using 104.8% CPU
Optimizing NNI: done in 0.0335839 secs using 104.7% CPU
Optimizing NNI: done in 0.0412718 secs using 104.8% CPU
Optimizing NNI: done in 0.0364359 secs using 104.8% CPU
Optimizing NNI: done in 0.0257705 secs using 104.8% CPU
Optimizing NNI: done in 0.0338152 secs using 104.8% CPU
Optimizing NNI: done in 0.0348704 secs using 104.8% CPU
Optimizing NNI: done in 0.0423127 secs using 104.7% CPU
Iteration 80 / LogL: -701.142 / Time: 0h:0m:24s (0h:0m:2s left)
Optimizing NNI: done in 0.0323144 secs using 104.7% CPU
Optimizing NNI: done in 0.0524982 secs using 104.7% CPU
Optimizing NNI: done in 0.0324029 secs using 104.7% CPU
Optimizing NNI: done in 0.0467272 secs using 104.8% CPU
Optimizing NNI: done in 0.0376985 secs using 104.8% CPU
Optimizing NNI: done in 0.0473745 secs using 104.7% CPU
Optimizing NNI: done in 0.0326694 secs using 104.8% CPU
Optimizing NNI: done in 0.0266242 secs using 65.86% CPU
Optimizing NNI: done in 0.0444506 secs using 104.7% CPU
Optimizing NNI: done in 0.0461109 secs using 104.4% CPU
Iteration 90 / LogL: -701.142 / Time: 0h:0m:25s (0h:0m:1s left)
Optimizing NNI: done in 0.0364816 secs using 104.7% CPU
Optimizing NNI: done in 0.0267395 secs using 66.03% CPU
Optimizing NNI: done in 0.0513821 secs using 104.7% CPU
Optimizing NNI: done in 0.0465585 secs using 82.73% CPU
Optimizing NNI: done in 0.0520887 secs using 104.6% CPU
Optimizing NNI: done in 0.0355206 secs using 104.7% CPU
Optimizing NNI: done in 0.0404159 secs using 104.6% CPU
Optimizing NNI: done in 0.0262524 secs using 80.61% CPU
Optimizing NNI: done in 0.0550069 secs using 104.5% CPU
Optimizing NNI: done in 0.0419675 secs using 80.28% CPU
Iteration 100 / LogL: -701.142 / Time: 0h:0m:25s (0h:0m:1s left)
Optimizing NNI: done in 0.0345521 secs using 74.93% CPU
Optimizing NNI: done in 0.0500313 secs using 83.88% CPU
Optimizing NNI: done in 0.0482325 secs using 83.36% CPU
Optimizing NNI: done in 0.0469104 secs using 104.7% CPU
Optimizing NNI: done in 0.0393193 secs using 104.6% CPU
Optimizing NNI: done in 0.0563691 secs using 104.8% CPU
Optimizing NNI: done in 0.0647548 secs using 104.8% CPU
Optimizing NNI: done in 0.0459174 secs using 82.28% CPU
Optimizing NNI: done in 0.0594052 secs using 104.6% CPU
Optimizing NNI: done in 0.048047 secs using 104.7% CPU
Iteration 110 / LogL: -701.142 / Time: 0h:0m:26s (0h:0m:0s left)
Optimizing NNI: done in 0.0534087 secs using 104.2% CPU
Optimizing NNI: done in 0.0620823 secs using 104.7% CPU
Optimizing NNI: done in 0.0459561 secs using 104.7% CPU
Optimizing NNI: done in 0.0463321 secs using 104.8% CPU
Optimizing NNI: done in 0.0341911 secs using 104.7% CPU
Optimizing NNI: done in 0.0385064 secs using 104.7% CPU
Optimizing NNI: done in 0.0566956 secs using 104.8% CPU
Optimizing NNI: done in 0.0316777 secs using 72.08% CPU
Optimizing NNI: done in 0.0311644 secs using 104.8% CPU
Optimizing NNI: done in 0.0436723 secs using 104.7% CPU
Iteration 120 / LogL: -701.143 / Time: 0h:0m:26s (0h:0m:0s left)
Optimizing NNI: done in 0.0334588 secs using 104.7% CPU
Optimizing NNI: done in 0.0408734 secs using 104.8% CPU
Optimizing NNI: done in 0.0518817 secs using 104.8% CPU
Optimizing NNI: done in 0.0404814 secs using 104.7% CPU
Optimizing NNI: done in 0.0331258 secs using 104.7% CPU
Optimizing NNI: done in 0.0374928 secs using 104.8% CPU
Optimizing NNI: done in 0.0298516 secs using 104.8% CPU
Optimizing NNI: done in 0.0283488 secs using 104.7% CPU
Optimizing NNI: done in 0.0544536 secs using 104.7% CPU
Optimizing NNI: done in 0.0359605 secs using 76.01% CPU
Iteration 130 / LogL: -701.142 / Time: 0h:0m:27s (0h:0m:-1s left)
Refining ufboot trees with NNI 1 branch...
WARNING: GTRX multistate model will estimate 5 substitution rates that might be overfitting for the length of your alignment/partition!
WARNING: Please only use GTRX with large data and always test for model fit!
Optimizing NNI: done in 0.0058113 secs using 104.7% CPU
WARNING: GTRX multistate model will estimate 5 substitution rates that might be overfitting for the length of your alignment/partition!
WARNING: Please only use GTRX with large data and always test for model fit!
Optimizing NNI: done in 0.00830474 secs using 104.7% CPU
WARNING: GTRX multistate model will estimate 5 substitution rates that might be overfitting for the length of your alignment/partition!
WARNING: Please only use GTRX with large data and always test for model fit!
Optimizing NNI: done in 0.00232276 secs using 104.7% CPU
WARNING: GTRX multistate model will estimate 5 substitution rates that might be overfitting for the length of your alignment/partition!
WARNING: Please only use GTRX with large data and always test for model fit!
Optimizing NNI: done in 0.00338449 secs using 104.7% CPU
WARNING: GTRX multistate model will estimate 5 substitution rates that might be overfitting for the length of your alignment/partition!
WARNING: Please only use GTRX with large data and always test for model fit!
Optimizing NNI: done in 0.0139083 secs using 94.22% CPU
WARNING: GTRX multistate model will estimate 5 substitution rates that might be overfitting for the length of your alignment/partition!
WARNING: Please only use GTRX with large data and always test for model fit!
Optimizing NNI: done in 0.00324246 secs using 16.31% CPU
WARNING: GTRX multistate model will estimate 5 substitution rates that might be overfitting for the length of your alignment/partition!
WARNING: Please only use GTRX with large data and always test for model fit!
Optimizing NNI: done in 0.00329916 secs using 100.2% CPU
WARNING: GTRX multistate model will estimate 5 substitution rates that might be overfitting for the length of your alignment/partition!
WARNING: Please only use GTRX with large data and always test for model fit!
Optimizing NNI: done in 0.00882582 secs using 104.7% CPU
WARNING: GTRX multistate model will estimate 5 substitution rates that might be overfitting for the length of your alignment/partition!
WARNING: Please only use GTRX with large data and always test for model fit!
Optimizing NNI: done in 0.00725532 secs using 104.7% CPU
WARNING: GTRX multistate model will estimate 5 substitution rates that might be overfitting for the length of your alignment/partition!
WARNING: Please only use GTRX with large data and always test for model fit!
Optimizing NNI: done in 0.0081817 secs using 104.7% CPU
WARNING: GTRX multistate model will estimate 5 substitution rates that might be overfitting for the length of your alignment/partition!
WARNING: Please only use GTRX with large data and always test for model fit!
Optimizing NNI: done in 0.00642526 secs using 104.7% CPU
WARNING: GTRX multistate model will estimate 5 substitution rates that might be overfitting for the length of your alignment/partition!
WARNING: Please only use GTRX with large data and always test for model fit!
Optimizing NNI: done in 0.00623779 secs using 104.7% CPU
WARNING: GTRX multistate model will estimate 5 substitution rates that might be overfitting for the length of your alignment/partition!
WARNING: Please only use GTRX with large data and always test for model fit!
Optimizing NNI: done in 0.00365596 secs using 104.7% CPU
WARNING: GTRX multistate model will estimate 5 substitution rates that might be overfitting for the length of your alignment/partition!
WARNING: Please only use GTRX with large data and always test for model fit!
Optimizing NNI: done in 0.00928638 secs using 104.7% CPU
WARNING: GTRX multistate model will estimate 5 substitution rates that might be overfitting for the length of your alignment/partition!
WARNING: Please only use GTRX with large data and always test for model fit!
Optimizing NNI: done in 0.00624247 secs using 104.7% CPU
WARNING: GTRX multistate model will estimate 5 substitution rates that might be overfitting for the length of your alignment/partition!
WARNING: Please only use GTRX with large data and always test for model fit!
Optimizing NNI: done in 0.00693861 secs using 104.7% CPU
WARNING: GTRX multistate model will estimate 5 substitution rates that might be overfitting for the length of your alignment/partition!
WARNING: Please only use GTRX with large data and always test for model fit!
Optimizing NNI: done in 0.0033151 secs using 104.7% CPU
WARNING: GTRX multistate model will estimate 5 substitution rates that might be overfitting for the length of your alignment/partition!
WARNING: Please only use GTRX with large data and always test for model fit!
Optimizing NNI: done in 0.00384611 secs using 104.1% CPU
WARNING: GTRX multistate model will estimate 5 substitution rates that might be overfitting for the length of your alignment/partition!
WARNING: Please only use GTRX with large data and always test for model fit!
Optimizing NNI: done in 0.00615999 secs using 103.9% CPU
WARNING: GTRX multistate model will estimate 5 substitution rates that might be overfitting for the length of your alignment/partition!
WARNING: Please only use GTRX with large data and always test for model fit!
Optimizing NNI: done in 0.00858041 secs using 104.3% CPU
WARNING: GTRX multistate model will estimate 5 substitution rates that might be overfitting for the length of your alignment/partition!
WARNING: Please only use GTRX with large data and always test for model fit!
Optimizing NNI: done in 0.0051207 secs using 104.7% CPU
WARNING: GTRX multistate model will estimate 5 substitution rates that might be overfitting for the length of your alignment/partition!
WARNING: Please only use GTRX with large data and always test for model fit!
Optimizing NNI: done in 0.00267737 secs using 104.7% CPU
WARNING: GTRX multistate model will estimate 5 substitution rates that might be overfitting for the length of your alignment/partition!
WARNING: Please only use GTRX with large data and always test for model fit!
Optimizing NNI: done in 0.00593577 secs using 104.7% CPU
WARNING: GTRX multistate model will estimate 5 substitution rates that might be overfitting for the length of your alignment/partition!
WARNING: Please only use GTRX with large data and always test for model fit!
Optimizing NNI: done in 0.00663478 secs using 104.8% CPU
WARNING: GTRX multistate model will estimate 5 substitution rates that might be overfitting for the length of your alignment/partition!
WARNING: Please only use GTRX with large data and always test for model fit!
Optimizing NNI: done in 0.00689231 secs using 104.7% CPU
WARNING: GTRX multistate model will estimate 5 substitution rates that might be overfitting for the length of your alignment/partition!
WARNING: Please only use GTRX with large data and always test for model fit!
Optimizing NNI: done in 0.00456525 secs using 104.7% CPU
WARNING: GTRX multistate model will estimate 5 substitution rates that might be overfitting for the length of your alignment/partition!
WARNING: Please only use GTRX with large data and always test for model fit!
Optimizing NNI: done in 0.00973177 secs using 104.7% CPU
WARNING: GTRX multistate model will estimate 5 substitution rates that might be overfitting for the length of your alignment/partition!
WARNING: Please only use GTRX with large data and always test for model fit!
Optimizing NNI: done in 0.00689231 secs using 104.6% CPU
WARNING: GTRX multistate model will estimate 5 substitution rates that might be overfitting for the length of your alignment/partition!
WARNING: Please only use GTRX with large data and always test for model fit!
Optimizing NNI: done in 0.0063573 secs using 103% CPU
WARNING: GTRX multistate model will estimate 5 substitution rates that might be overfitting for the length of your alignment/partition!
WARNING: Please only use GTRX with large data and always test for model fit!
Optimizing NNI: done in 0.00812223 secs using 104.1% CPU
WARNING: GTRX multistate model will estimate 5 substitution rates that might be overfitting for the length of your alignment/partition!
WARNING: Please only use GTRX with large data and always test for model fit!
Optimizing NNI: done in 0.00741416 secs using 104.7% CPU
WARNING: GTRX multistate model will estimate 5 substitution rates that might be overfitting for the length of your alignment/partition!
WARNING: Please only use GTRX with large data and always test for model fit!
Optimizing NNI: done in 0.00440365 secs using 104.6% CPU
WARNING: GTRX multistate model will estimate 5 substitution rates that might be overfitting for the length of your alignment/partition!
WARNING: Please only use GTRX with large data and always test for model fit!
Optimizing NNI: done in 0.00493618 secs using 104.7% CPU
WARNING: GTRX multistate model will estimate 5 substitution rates that might be overfitting for the length of your alignment/partition!
WARNING: Please only use GTRX with large data and always test for model fit!
Optimizing NNI: done in 0.00738733 secs using 104.7% CPU
WARNING: GTRX multistate model will estimate 5 substitution rates that might be overfitting for the length of your alignment/partition!
WARNING: Please only use GTRX with large data and always test for model fit!
Optimizing NNI: done in 0.00476045 secs using 104.7% CPU
WARNING: GTRX multistate model will estimate 5 substitution rates that might be overfitting for the length of your alignment/partition!
WARNING: Please only use GTRX with large data and always test for model fit!
Optimizing NNI: done in 0.00365396 secs using 104.7% CPU
WARNING: GTRX multistate model will estimate 5 substitution rates that might be overfitting for the length of your alignment/partition!
WARNING: Please only use GTRX with large data and always test for model fit!
Optimizing NNI: done in 0.00343928 secs using 104.7% CPU
WARNING: GTRX multistate model will estimate 5 substitution rates that might be overfitting for the length of your alignment/partition!
WARNING: Please only use GTRX with large data and always test for model fit!
Optimizing NNI: done in 0.0100362 secs using 104.7% CPU
WARNING: GTRX multistate model will estimate 5 substitution rates that might be overfitting for the length of your alignment/partition!
WARNING: Please only use GTRX with large data and always test for model fit!
Optimizing NNI: done in 0.0191636 secs using 52.36% CPU
WARNING: GTRX multistate model will estimate 5 substitution rates that might be overfitting for the length of your alignment/partition!
WARNING: Please only use GTRX with large data and always test for model fit!
Optimizing NNI: done in 0.00596985 secs using 104.7% CPU
WARNING: GTRX multistate model will estimate 5 substitution rates that might be overfitting for the length of your alignment/partition!
WARNING: Please only use GTRX with large data and always test for model fit!
Optimizing NNI: done in 0.00686969 secs using 104.7% CPU
WARNING: GTRX multistate model will estimate 5 substitution rates that might be overfitting for the length of your alignment/partition!
WARNING: Please only use GTRX with large data and always test for model fit!
Optimizing NNI: done in 0.00694863 secs using 104.7% CPU
WARNING: GTRX multistate model will estimate 5 substitution rates that might be overfitting for the length of your alignment/partition!
WARNING: Please only use GTRX with large data and always test for model fit!
Optimizing NNI: done in 0.00586705 secs using 100.2% CPU
WARNING: GTRX multistate model will estimate 5 substitution rates that might be overfitting for the length of your alignment/partition!
WARNING: Please only use GTRX with large data and always test for model fit!
Optimizing NNI: done in 0.00403005 secs using 104.7% CPU
WARNING: GTRX multistate model will estimate 5 substitution rates that might be overfitting for the length of your alignment/partition!
WARNING: Please only use GTRX with large data and always test for model fit!
Optimizing NNI: done in 0.00317583 secs using 104.7% CPU
WARNING: GTRX multistate model will estimate 5 substitution rates that might be overfitting for the length of your alignment/partition!
WARNING: Please only use GTRX with large data and always test for model fit!
Optimizing NNI: done in 0.00385823 secs using 104.7% CPU
WARNING: GTRX multistate model will estimate 5 substitution rates that might be overfitting for the length of your alignment/partition!
WARNING: Please only use GTRX with large data and always test for model fit!
Optimizing NNI: done in 0.00404675 secs using 104.7% CPU
WARNING: GTRX multistate model will estimate 5 substitution rates that might be overfitting for the length of your alignment/partition!
WARNING: Please only use GTRX with large data and always test for model fit!
Optimizing NNI: done in 0.00576453 secs using 104.7% CPU
WARNING: GTRX multistate model will estimate 5 substitution rates that might be overfitting for the length of your alignment/partition!
WARNING: Please only use GTRX with large data and always test for model fit!
Optimizing NNI: done in 0.00224879 secs using 104.7% CPU
WARNING: GTRX multistate model will estimate 5 substitution rates that might be overfitting for the length of your alignment/partition!
WARNING: Please only use GTRX with large data and always test for model fit!
Optimizing NNI: done in 0.00301051 secs using 104.7% CPU
WARNING: GTRX multistate model will estimate 5 substitution rates that might be overfitting for the length of your alignment/partition!
WARNING: Please only use GTRX with large data and always test for model fit!
Optimizing NNI: done in 0.00403176 secs using 104.7% CPU
WARNING: GTRX multistate model will estimate 5 substitution rates that might be overfitting for the length of your alignment/partition!
WARNING: Please only use GTRX with large data and always test for model fit!
Optimizing NNI: done in 0.00374273 secs using 104.7% CPU
WARNING: GTRX multistate model will estimate 5 substitution rates that might be overfitting for the length of your alignment/partition!
WARNING: Please only use GTRX with large data and always test for model fit!
Optimizing NNI: done in 0.00454845 secs using 104.7% CPU
WARNING: GTRX multistate model will estimate 5 substitution rates that might be overfitting for the length of your alignment/partition!
WARNING: Please only use GTRX with large data and always test for model fit!
Optimizing NNI: done in 0.00335624 secs using 104.6% CPU
WARNING: GTRX multistate model will estimate 5 substitution rates that might be overfitting for the length of your alignment/partition!
WARNING: Please only use GTRX with large data and always test for model fit!
Optimizing NNI: done in 0.0051479 secs using 104.7% CPU
WARNING: GTRX multistate model will estimate 5 substitution rates that might be overfitting for the length of your alignment/partition!
WARNING: Please only use GTRX with large data and always test for model fit!
Optimizing NNI: done in 0.00990606 secs using 3.442% CPU
WARNING: GTRX multistate model will estimate 5 substitution rates that might be overfitting for the length of your alignment/partition!
WARNING: Please only use GTRX with large data and always test for model fit!
Optimizing NNI: done in 0.00191069 secs using 104.7% CPU
WARNING: GTRX multistate model will estimate 5 substitution rates that might be overfitting for the length of your alignment/partition!
WARNING: Please only use GTRX with large data and always test for model fit!
Optimizing NNI: done in 0.00249095 secs
WARNING: GTRX multistate model will estimate 5 substitution rates that might be overfitting for the length of your alignment/partition!
WARNING: Please only use GTRX with large data and always test for model fit!
Optimizing NNI: done in 0.00425722 secs using 104.7% CPU
WARNING: GTRX multistate model will estimate 5 substitution rates that might be overfitting for the length of your alignment/partition!
WARNING: Please only use GTRX with large data and always test for model fit!
Optimizing NNI: done in 0.00736147 secs using 104.7% CPU
WARNING: GTRX multistate model will estimate 5 substitution rates that might be overfitting for the length of your alignment/partition!
WARNING: Please only use GTRX with large data and always test for model fit!
Optimizing NNI: done in 0.005148 secs using 104.6% CPU
WARNING: GTRX multistate model will estimate 5 substitution rates that might be overfitting for the length of your alignment/partition!
WARNING: Please only use GTRX with large data and always test for model fit!
Optimizing NNI: done in 0.00747515 secs using 100.2% CPU
WARNING: GTRX multistate model will estimate 5 substitution rates that might be overfitting for the length of your alignment/partition!
WARNING: Please only use GTRX with large data and always test for model fit!
Optimizing NNI: done in 0.00546977 secs using 104.7% CPU
WARNING: GTRX multistate model will estimate 5 substitution rates that might be overfitting for the length of your alignment/partition!
WARNING: Please only use GTRX with large data and always test for model fit!
Optimizing NNI: done in 0.00446407 secs using 104.7% CPU
WARNING: GTRX multistate model will estimate 5 substitution rates that might be overfitting for the length of your alignment/partition!
WARNING: Please only use GTRX with large data and always test for model fit!
Optimizing NNI: done in 0.00370732 secs using 104.7% CPU
WARNING: GTRX multistate model will estimate 5 substitution rates that might be overfitting for the length of your alignment/partition!
WARNING: Please only use GTRX with large data and always test for model fit!
Optimizing NNI: done in 0.00468543 secs using 104.5% CPU
WARNING: GTRX multistate model will estimate 5 substitution rates that might be overfitting for the length of your alignment/partition!
WARNING: Please only use GTRX with large data and always test for model fit!
Optimizing NNI: done in 0.00189637 secs using 104.7% CPU
WARNING: GTRX multistate model will estimate 5 substitution rates that might be overfitting for the length of your alignment/partition!
WARNING: Please only use GTRX with large data and always test for model fit!
Optimizing NNI: done in 0.00198409 secs using 104.4% CPU
WARNING: GTRX multistate model will estimate 5 substitution rates that might be overfitting for the length of your alignment/partition!
WARNING: Please only use GTRX with large data and always test for model fit!
Optimizing NNI: done in 0.00812271 secs using 104% CPU
WARNING: GTRX multistate model will estimate 5 substitution rates that might be overfitting for the length of your alignment/partition!
WARNING: Please only use GTRX with large data and always test for model fit!
Optimizing NNI: done in 0.00303046 secs using 100.1% CPU
WARNING: GTRX multistate model will estimate 5 substitution rates that might be overfitting for the length of your alignment/partition!
WARNING: Please only use GTRX with large data and always test for model fit!
Optimizing NNI: done in 0.00321907 secs using 104.7% CPU
WARNING: GTRX multistate model will estimate 5 substitution rates that might be overfitting for the length of your alignment/partition!
WARNING: Please only use GTRX with large data and always test for model fit!
Optimizing NNI: done in 0.00488473 secs using 104.6% CPU
WARNING: GTRX multistate model will estimate 5 substitution rates that might be overfitting for the length of your alignment/partition!
WARNING: Please only use GTRX with large data and always test for model fit!
Optimizing NNI: done in 0.00204118 secs using 104.6% CPU
WARNING: GTRX multistate model will estimate 5 substitution rates that might be overfitting for the length of your alignment/partition!
WARNING: Please only use GTRX with large data and always test for model fit!
Optimizing NNI: done in 0.00190372 secs using 104.7% CPU
WARNING: GTRX multistate model will estimate 5 substitution rates that might be overfitting for the length of your alignment/partition!
WARNING: Please only use GTRX with large data and always test for model fit!
Optimizing NNI: done in 0.00187327 secs using 104.7% CPU
WARNING: GTRX multistate model will estimate 5 substitution rates that might be overfitting for the length of your alignment/partition!
WARNING: Please only use GTRX with large data and always test for model fit!
Optimizing NNI: done in 0.00444107 secs using 104.7% CPU
WARNING: GTRX multistate model will estimate 5 substitution rates that might be overfitting for the length of your alignment/partition!
WARNING: Please only use GTRX with large data and always test for model fit!
Optimizing NNI: done in 0.00612658 secs using 104.7% CPU
WARNING: GTRX multistate model will estimate 5 substitution rates that might be overfitting for the length of your alignment/partition!
WARNING: Please only use GTRX with large data and always test for model fit!
Optimizing NNI: done in 0.00292699 secs using 104.7% CPU
WARNING: GTRX multistate model will estimate 5 substitution rates that might be overfitting for the length of your alignment/partition!
WARNING: Please only use GTRX with large data and always test for model fit!
Optimizing NNI: done in 0.00385155 secs using 99.91% CPU
WARNING: GTRX multistate model will estimate 5 substitution rates that might be overfitting for the length of your alignment/partition!
WARNING: Please only use GTRX with large data and always test for model fit!
Optimizing NNI: done in 0.00282972 secs using 104.7% CPU
WARNING: GTRX multistate model will estimate 5 substitution rates that might be overfitting for the length of your alignment/partition!
WARNING: Please only use GTRX with large data and always test for model fit!
Optimizing NNI: done in 0.0062124 secs using 104.7% CPU
WARNING: GTRX multistate model will estimate 5 substitution rates that might be overfitting for the length of your alignment/partition!
WARNING: Please only use GTRX with large data and always test for model fit!
Optimizing NNI: done in 0.00452688 secs using 104.7% CPU
WARNING: GTRX multistate model will estimate 5 substitution rates that might be overfitting for the length of your alignment/partition!
WARNING: Please only use GTRX with large data and always test for model fit!
Optimizing NNI: done in 0.00320934 secs using 104.7% CPU
WARNING: GTRX multistate model will estimate 5 substitution rates that might be overfitting for the length of your alignment/partition!
WARNING: Please only use GTRX with large data and always test for model fit!
Optimizing NNI: done in 0.00477439 secs using 104.7% CPU
WARNING: GTRX multistate model will estimate 5 substitution rates that might be overfitting for the length of your alignment/partition!
WARNING: Please only use GTRX with large data and always test for model fit!
Optimizing NNI: done in 0.00481133 secs using 104.7% CPU
WARNING: GTRX multistate model will estimate 5 substitution rates that might be overfitting for the length of your alignment/partition!
WARNING: Please only use GTRX with large data and always test for model fit!
Optimizing NNI: done in 0.00297672 secs using 104.7% CPU
WARNING: GTRX multistate model will estimate 5 substitution rates that might be overfitting for the length of your alignment/partition!
WARNING: Please only use GTRX with large data and always test for model fit!
Optimizing NNI: done in 0.00378883 secs using 104.7% CPU
WARNING: GTRX multistate model will estimate 5 substitution rates that might be overfitting for the length of your alignment/partition!
WARNING: Please only use GTRX with large data and always test for model fit!
Optimizing NNI: done in 0.00233241 secs using 104.7% CPU
WARNING: GTRX multistate model will estimate 5 substitution rates that might be overfitting for the length of your alignment/partition!
WARNING: Please only use GTRX with large data and always test for model fit!
Optimizing NNI: done in 0.00419213 secs using 104.7% CPU
WARNING: GTRX multistate model will estimate 5 substitution rates that might be overfitting for the length of your alignment/partition!
WARNING: Please only use GTRX with large data and always test for model fit!
Optimizing NNI: done in 0.0029098 secs using 104.7% CPU
WARNING: GTRX multistate model will estimate 5 substitution rates that might be overfitting for the length of your alignment/partition!
WARNING: Please only use GTRX with large data and always test for model fit!
Optimizing NNI: done in 0.00615885 secs using 104.7% CPU
WARNING: GTRX multistate model will estimate 5 substitution rates that might be overfitting for the length of your alignment/partition!
WARNING: Please only use GTRX with large data and always test for model fit!
Optimizing NNI: done in 0.0022213 secs using 104.7% CPU
WARNING: GTRX multistate model will estimate 5 substitution rates that might be overfitting for the length of your alignment/partition!
WARNING: Please only use GTRX with large data and always test for model fit!
Optimizing NNI: done in 0.00475272 secs using 104.7% CPU
WARNING: GTRX multistate model will estimate 5 substitution rates that might be overfitting for the length of your alignment/partition!
WARNING: Please only use GTRX with large data and always test for model fit!
Optimizing NNI: done in 0.00286809 secs using 104.7% CPU
WARNING: GTRX multistate model will estimate 5 substitution rates that might be overfitting for the length of your alignment/partition!
WARNING: Please only use GTRX with large data and always test for model fit!
Optimizing NNI: done in 0.00203068 secs using 104.7% CPU
WARNING: GTRX multistate model will estimate 5 substitution rates that might be overfitting for the length of your alignment/partition!
WARNING: Please only use GTRX with large data and always test for model fit!
Optimizing NNI: done in 0.00637028 secs using 104.7% CPU
WARNING: GTRX multistate model will estimate 5 substitution rates that might be overfitting for the length of your alignment/partition!
WARNING: Please only use GTRX with large data and always test for model fit!
Optimizing NNI: done in 0.00410078 secs using 104.7% CPU
WARNING: GTRX multistate model will estimate 5 substitution rates that might be overfitting for the length of your alignment/partition!
WARNING: Please only use GTRX with large data and always test for model fit!
Optimizing NNI: done in 0.00463073 secs using 104.7% CPU
WARNING: GTRX multistate model will estimate 5 substitution rates that might be overfitting for the length of your alignment/partition!
WARNING: Please only use GTRX with large data and always test for model fit!
Optimizing NNI: done in 0.00822351 secs using 30.85% CPU
WARNING: GTRX multistate model will estimate 5 substitution rates that might be overfitting for the length of your alignment/partition!
WARNING: Please only use GTRX with large data and always test for model fit!
Optimizing NNI: done in 0.00726754 secs using 48.35% CPU
100 samples done
WARNING: GTRX multistate model will estimate 5 substitution rates that might be overfitting for the length of your alignment/partition!
WARNING: Please only use GTRX with large data and always test for model fit!
Optimizing NNI: done in 0.00618433 secs using 104.7% CPU
WARNING: GTRX multistate model will estimate 5 substitution rates that might be overfitting for the length of your alignment/partition!
WARNING: Please only use GTRX with large data and always test for model fit!
Optimizing NNI: done in 0.00343585 secs using 104.7% CPU
WARNING: GTRX multistate model will estimate 5 substitution rates that might be overfitting for the length of your alignment/partition!
WARNING: Please only use GTRX with large data and always test for model fit!
Optimizing NNI: done in 0.00586285 secs using 104.7% CPU
WARNING: GTRX multistate model will estimate 5 substitution rates that might be overfitting for the length of your alignment/partition!
WARNING: Please only use GTRX with large data and always test for model fit!
Optimizing NNI: done in 0.00281549 secs using 104.7% CPU
WARNING: GTRX multistate model will estimate 5 substitution rates that might be overfitting for the length of your alignment/partition!
WARNING: Please only use GTRX with large data and always test for model fit!
Optimizing NNI: done in 0.00459675 secs using 104.7% CPU
WARNING: GTRX multistate model will estimate 5 substitution rates that might be overfitting for the length of your alignment/partition!
WARNING: Please only use GTRX with large data and always test for model fit!
Optimizing NNI: done in 0.00713343 secs using 104.7% CPU
WARNING: GTRX multistate model will estimate 5 substitution rates that might be overfitting for the length of your alignment/partition!
WARNING: Please only use GTRX with large data and always test for model fit!
Optimizing NNI: done in 0.00666513 secs using 25.13% CPU
WARNING: GTRX multistate model will estimate 5 substitution rates that might be overfitting for the length of your alignment/partition!
WARNING: Please only use GTRX with large data and always test for model fit!
Optimizing NNI: done in 0.00187766 secs using 104.7% CPU
WARNING: GTRX multistate model will estimate 5 substitution rates that might be overfitting for the length of your alignment/partition!
WARNING: Please only use GTRX with large data and always test for model fit!
Optimizing NNI: done in 0.00247807 secs using 100.1% CPU
WARNING: GTRX multistate model will estimate 5 substitution rates that might be overfitting for the length of your alignment/partition!
WARNING: Please only use GTRX with large data and always test for model fit!
Optimizing NNI: done in 0.004791 secs using 104.7% CPU
WARNING: GTRX multistate model will estimate 5 substitution rates that might be overfitting for the length of your alignment/partition!
WARNING: Please only use GTRX with large data and always test for model fit!
Optimizing NNI: done in 0.00487863 secs using 104.6% CPU
WARNING: GTRX multistate model will estimate 5 substitution rates that might be overfitting for the length of your alignment/partition!
WARNING: Please only use GTRX with large data and always test for model fit!
Optimizing NNI: done in 0.00334794 secs using 104.7% CPU
WARNING: GTRX multistate model will estimate 5 substitution rates that might be overfitting for the length of your alignment/partition!
WARNING: Please only use GTRX with large data and always test for model fit!
Optimizing NNI: done in 0.00235131 secs using 104.6% CPU
WARNING: GTRX multistate model will estimate 5 substitution rates that might be overfitting for the length of your alignment/partition!
WARNING: Please only use GTRX with large data and always test for model fit!
Optimizing NNI: done in 0.00392877 secs using 104.7% CPU
WARNING: GTRX multistate model will estimate 5 substitution rates that might be overfitting for the length of your alignment/partition!
WARNING: Please only use GTRX with large data and always test for model fit!
Optimizing NNI: done in 0.00600536 secs using 104.7% CPU
WARNING: GTRX multistate model will estimate 5 substitution rates that might be overfitting for the length of your alignment/partition!
WARNING: Please only use GTRX with large data and always test for model fit!
Optimizing NNI: done in 0.00781468 secs using 104.7% CPU
WARNING: GTRX multistate model will estimate 5 substitution rates that might be overfitting for the length of your alignment/partition!
WARNING: Please only use GTRX with large data and always test for model fit!
Optimizing NNI: done in 0.00521529 secs using 104.7% CPU
WARNING: GTRX multistate model will estimate 5 substitution rates that might be overfitting for the length of your alignment/partition!
WARNING: Please only use GTRX with large data and always test for model fit!
Optimizing NNI: done in 0.00530263 secs using 20.08% CPU
WARNING: GTRX multistate model will estimate 5 substitution rates that might be overfitting for the length of your alignment/partition!
WARNING: Please only use GTRX with large data and always test for model fit!
Optimizing NNI: done in 0.00608621 secs using 104.2% CPU
WARNING: GTRX multistate model will estimate 5 substitution rates that might be overfitting for the length of your alignment/partition!
WARNING: Please only use GTRX with large data and always test for model fit!
Optimizing NNI: done in 0.0057588 secs using 104.4% CPU
WARNING: GTRX multistate model will estimate 5 substitution rates that might be overfitting for the length of your alignment/partition!
WARNING: Please only use GTRX with large data and always test for model fit!
Optimizing NNI: done in 0.00505416 secs using 103.9% CPU
WARNING: GTRX multistate model will estimate 5 substitution rates that might be overfitting for the length of your alignment/partition!
WARNING: Please only use GTRX with large data and always test for model fit!
Optimizing NNI: done in 0.00259051 secs using 104.7% CPU
WARNING: GTRX multistate model will estimate 5 substitution rates that might be overfitting for the length of your alignment/partition!
WARNING: Please only use GTRX with large data and always test for model fit!
Optimizing NNI: done in 0.00568798 secs using 104.7% CPU
WARNING: GTRX multistate model will estimate 5 substitution rates that might be overfitting for the length of your alignment/partition!
WARNING: Please only use GTRX with large data and always test for model fit!
Optimizing NNI: done in 0.00499393 secs using 104.7% CPU
WARNING: GTRX multistate model will estimate 5 substitution rates that might be overfitting for the length of your alignment/partition!
WARNING: Please only use GTRX with large data and always test for model fit!
Optimizing NNI: done in 0.00543569 secs using 104.6% CPU
WARNING: GTRX multistate model will estimate 5 substitution rates that might be overfitting for the length of your alignment/partition!
WARNING: Please only use GTRX with large data and always test for model fit!
Optimizing NNI: done in 0.0047889 secs using 104.7% CPU
WARNING: GTRX multistate model will estimate 5 substitution rates that might be overfitting for the length of your alignment/partition!
WARNING: Please only use GTRX with large data and always test for model fit!
Optimizing NNI: done in 0.0115414 secs using 104.6% CPU
WARNING: GTRX multistate model will estimate 5 substitution rates that might be overfitting for the length of your alignment/partition!
WARNING: Please only use GTRX with large data and always test for model fit!
Optimizing NNI: done in 0.00396752 secs using 104.7% CPU
WARNING: GTRX multistate model will estimate 5 substitution rates that might be overfitting for the length of your alignment/partition!
WARNING: Please only use GTRX with large data and always test for model fit!
Optimizing NNI: done in 0.00908736 secs using 104.7% CPU
WARNING: GTRX multistate model will estimate 5 substitution rates that might be overfitting for the length of your alignment/partition!
WARNING: Please only use GTRX with large data and always test for model fit!
Optimizing NNI: done in 0.00452058 secs using 103.1% CPU
WARNING: GTRX multistate model will estimate 5 substitution rates that might be overfitting for the length of your alignment/partition!
WARNING: Please only use GTRX with large data and always test for model fit!
Optimizing NNI: done in 0.00771493 secs using 103.5% CPU
WARNING: GTRX multistate model will estimate 5 substitution rates that might be overfitting for the length of your alignment/partition!
WARNING: Please only use GTRX with large data and always test for model fit!
Optimizing NNI: done in 0.00503078 secs using 104.7% CPU
WARNING: GTRX multistate model will estimate 5 substitution rates that might be overfitting for the length of your alignment/partition!
WARNING: Please only use GTRX with large data and always test for model fit!
Optimizing NNI: done in 0.0048014 secs using 104.7% CPU
WARNING: GTRX multistate model will estimate 5 substitution rates that might be overfitting for the length of your alignment/partition!
WARNING: Please only use GTRX with large data and always test for model fit!
Optimizing NNI: done in 0.00791634 secs using 104.7% CPU
WARNING: GTRX multistate model will estimate 5 substitution rates that might be overfitting for the length of your alignment/partition!
WARNING: Please only use GTRX with large data and always test for model fit!
Optimizing NNI: done in 0.00350467 secs using 104.7% CPU
WARNING: GTRX multistate model will estimate 5 substitution rates that might be overfitting for the length of your alignment/partition!
WARNING: Please only use GTRX with large data and always test for model fit!
Optimizing NNI: done in 0.00822637 secs using 104.7% CPU
WARNING: GTRX multistate model will estimate 5 substitution rates that might be overfitting for the length of your alignment/partition!
WARNING: Please only use GTRX with large data and always test for model fit!
Optimizing NNI: done in 0.00623827 secs using 104.7% CPU
WARNING: GTRX multistate model will estimate 5 substitution rates that might be overfitting for the length of your alignment/partition!
WARNING: Please only use GTRX with large data and always test for model fit!
Optimizing NNI: done in 0.00454282 secs using 104.7% CPU
WARNING: GTRX multistate model will estimate 5 substitution rates that might be overfitting for the length of your alignment/partition!
WARNING: Please only use GTRX with large data and always test for model fit!
Optimizing NNI: done in 0.00672622 secs using 104.7% CPU
WARNING: GTRX multistate model will estimate 5 substitution rates that might be overfitting for the length of your alignment/partition!
WARNING: Please only use GTRX with large data and always test for model fit!
Optimizing NNI: done in 0.00426553 secs using 104.7% CPU
WARNING: GTRX multistate model will estimate 5 substitution rates that might be overfitting for the length of your alignment/partition!
WARNING: Please only use GTRX with large data and always test for model fit!
Optimizing NNI: done in 0.00397564 secs using 104.7% CPU
WARNING: GTRX multistate model will estimate 5 substitution rates that might be overfitting for the length of your alignment/partition!
WARNING: Please only use GTRX with large data and always test for model fit!
Optimizing NNI: done in 0.0049737 secs using 104.7% CPU
WARNING: GTRX multistate model will estimate 5 substitution rates that might be overfitting for the length of your alignment/partition!
WARNING: Please only use GTRX with large data and always test for model fit!
Optimizing NNI: done in 0.0047386 secs using 104.7% CPU
WARNING: GTRX multistate model will estimate 5 substitution rates that might be overfitting for the length of your alignment/partition!
WARNING: Please only use GTRX with large data and always test for model fit!
Optimizing NNI: done in 0.00776485 secs using 104.7% CPU
WARNING: GTRX multistate model will estimate 5 substitution rates that might be overfitting for the length of your alignment/partition!
WARNING: Please only use GTRX with large data and always test for model fit!
Optimizing NNI: done in 0.00416836 secs using 104.7% CPU
WARNING: GTRX multistate model will estimate 5 substitution rates that might be overfitting for the length of your alignment/partition!
WARNING: Please only use GTRX with large data and always test for model fit!
Optimizing NNI: done in 0.00401706 secs using 104.7% CPU
WARNING: GTRX multistate model will estimate 5 substitution rates that might be overfitting for the length of your alignment/partition!
WARNING: Please only use GTRX with large data and always test for model fit!
Optimizing NNI: done in 0.0101299 secs using 104.7% CPU
WARNING: GTRX multistate model will estimate 5 substitution rates that might be overfitting for the length of your alignment/partition!
WARNING: Please only use GTRX with large data and always test for model fit!
Optimizing NNI: done in 0.00609146 secs using 104.7% CPU
WARNING: GTRX multistate model will estimate 5 substitution rates that might be overfitting for the length of your alignment/partition!
WARNING: Please only use GTRX with large data and always test for model fit!
Optimizing NNI: done in 0.00214007 secs using 104.6% CPU
WARNING: GTRX multistate model will estimate 5 substitution rates that might be overfitting for the length of your alignment/partition!
WARNING: Please only use GTRX with large data and always test for model fit!
Optimizing NNI: done in 0.00337476 secs using 104.7% CPU
WARNING: GTRX multistate model will estimate 5 substitution rates that might be overfitting for the length of your alignment/partition!
WARNING: Please only use GTRX with large data and always test for model fit!
Optimizing NNI: done in 0.00228726 secs using 104.7% CPU
WARNING: GTRX multistate model will estimate 5 substitution rates that might be overfitting for the length of your alignment/partition!
WARNING: Please only use GTRX with large data and always test for model fit!
Optimizing NNI: done in 0.011365 secs using 19.78% CPU
WARNING: GTRX multistate model will estimate 5 substitution rates that might be overfitting for the length of your alignment/partition!
WARNING: Please only use GTRX with large data and always test for model fit!
Optimizing NNI: done in 0.00380124 secs using 104.7% CPU
WARNING: GTRX multistate model will estimate 5 substitution rates that might be overfitting for the length of your alignment/partition!
WARNING: Please only use GTRX with large data and always test for model fit!
Optimizing NNI: done in 0.00259404 secs using 104.7% CPU
WARNING: GTRX multistate model will estimate 5 substitution rates that might be overfitting for the length of your alignment/partition!
WARNING: Please only use GTRX with large data and always test for model fit!
Optimizing NNI: done in 0.00594494 secs using 102% CPU
WARNING: GTRX multistate model will estimate 5 substitution rates that might be overfitting for the length of your alignment/partition!
WARNING: Please only use GTRX with large data and always test for model fit!
Optimizing NNI: done in 0.00617383 secs using 104.7% CPU
WARNING: GTRX multistate model will estimate 5 substitution rates that might be overfitting for the length of your alignment/partition!
WARNING: Please only use GTRX with large data and always test for model fit!
Optimizing NNI: done in 0.00419814 secs using 104.7% CPU
WARNING: GTRX multistate model will estimate 5 substitution rates that might be overfitting for the length of your alignment/partition!
WARNING: Please only use GTRX with large data and always test for model fit!
Optimizing NNI: done in 0.00518369 secs using 104.7% CPU
WARNING: GTRX multistate model will estimate 5 substitution rates that might be overfitting for the length of your alignment/partition!
WARNING: Please only use GTRX with large data and always test for model fit!
Optimizing NNI: done in 0.00711558 secs using 104.7% CPU
WARNING: GTRX multistate model will estimate 5 substitution rates that might be overfitting for the length of your alignment/partition!
WARNING: Please only use GTRX with large data and always test for model fit!
Optimizing NNI: done in 0.003252 secs using 104.7% CPU
WARNING: GTRX multistate model will estimate 5 substitution rates that might be overfitting for the length of your alignment/partition!
WARNING: Please only use GTRX with large data and always test for model fit!
Optimizing NNI: done in 0.00246327 secs using 104.7% CPU
WARNING: GTRX multistate model will estimate 5 substitution rates that might be overfitting for the length of your alignment/partition!
WARNING: Please only use GTRX with large data and always test for model fit!
Optimizing NNI: done in 0.00584156 secs using 102.3% CPU
WARNING: GTRX multistate model will estimate 5 substitution rates that might be overfitting for the length of your alignment/partition!
WARNING: Please only use GTRX with large data and always test for model fit!
Optimizing NNI: done in 0.00225757 secs using 104.7% CPU
WARNING: GTRX multistate model will estimate 5 substitution rates that might be overfitting for the length of your alignment/partition!
WARNING: Please only use GTRX with large data and always test for model fit!
Optimizing NNI: done in 0.00733837 secs using 104.7% CPU
WARNING: GTRX multistate model will estimate 5 substitution rates that might be overfitting for the length of your alignment/partition!
WARNING: Please only use GTRX with large data and always test for model fit!
Optimizing NNI: done in 0.00286456 secs using 104.2% CPU
WARNING: GTRX multistate model will estimate 5 substitution rates that might be overfitting for the length of your alignment/partition!
WARNING: Please only use GTRX with large data and always test for model fit!
Optimizing NNI: done in 0.00651556 secs using 104.7% CPU
WARNING: GTRX multistate model will estimate 5 substitution rates that might be overfitting for the length of your alignment/partition!
WARNING: Please only use GTRX with large data and always test for model fit!
Optimizing NNI: done in 0.00899467 secs using 52.65% CPU
WARNING: GTRX multistate model will estimate 5 substitution rates that might be overfitting for the length of your alignment/partition!
WARNING: Please only use GTRX with large data and always test for model fit!
Optimizing NNI: done in 0.0056119 secs using 104.1% CPU
WARNING: GTRX multistate model will estimate 5 substitution rates that might be overfitting for the length of your alignment/partition!
WARNING: Please only use GTRX with large data and always test for model fit!
Optimizing NNI: done in 0.00276557 secs using 104.6% CPU
WARNING: GTRX multistate model will estimate 5 substitution rates that might be overfitting for the length of your alignment/partition!
WARNING: Please only use GTRX with large data and always test for model fit!
Optimizing NNI: done in 0.00332016 secs
WARNING: GTRX multistate model will estimate 5 substitution rates that might be overfitting for the length of your alignment/partition!
WARNING: Please only use GTRX with large data and always test for model fit!
Optimizing NNI: done in 0.00413886 secs using 104.6% CPU
WARNING: GTRX multistate model will estimate 5 substitution rates that might be overfitting for the length of your alignment/partition!
WARNING: Please only use GTRX with large data and always test for model fit!
Optimizing NNI: done in 0.00909108 secs using 104.7% CPU
WARNING: GTRX multistate model will estimate 5 substitution rates that might be overfitting for the length of your alignment/partition!
WARNING: Please only use GTRX with large data and always test for model fit!
Optimizing NNI: done in 0.0031323 secs using 104.7% CPU
WARNING: GTRX multistate model will estimate 5 substitution rates that might be overfitting for the length of your alignment/partition!
WARNING: Please only use GTRX with large data and always test for model fit!
Optimizing NNI: done in 0.00757967 secs using 104.7% CPU
WARNING: GTRX multistate model will estimate 5 substitution rates that might be overfitting for the length of your alignment/partition!
WARNING: Please only use GTRX with large data and always test for model fit!
Optimizing NNI: done in 0.00760306 secs using 104.7% CPU
WARNING: GTRX multistate model will estimate 5 substitution rates that might be overfitting for the length of your alignment/partition!
WARNING: Please only use GTRX with large data and always test for model fit!
Optimizing NNI: done in 0.0087927 secs using 104.7% CPU
WARNING: GTRX multistate model will estimate 5 substitution rates that might be overfitting for the length of your alignment/partition!
WARNING: Please only use GTRX with large data and always test for model fit!
Optimizing NNI: done in 0.004367 secs using 104.7% CPU
WARNING: GTRX multistate model will estimate 5 substitution rates that might be overfitting for the length of your alignment/partition!
WARNING: Please only use GTRX with large data and always test for model fit!
Optimizing NNI: done in 0.0033739 secs using 104.7% CPU
WARNING: GTRX multistate model will estimate 5 substitution rates that might be overfitting for the length of your alignment/partition!
WARNING: Please only use GTRX with large data and always test for model fit!
Optimizing NNI: done in 0.00513225 secs using 104.7% CPU
WARNING: GTRX multistate model will estimate 5 substitution rates that might be overfitting for the length of your alignment/partition!
WARNING: Please only use GTRX with large data and always test for model fit!
Optimizing NNI: done in 0.0034453 secs using 104.7% CPU
WARNING: GTRX multistate model will estimate 5 substitution rates that might be overfitting for the length of your alignment/partition!
WARNING: Please only use GTRX with large data and always test for model fit!
Optimizing NNI: done in 0.00676202 secs using 103.9% CPU
WARNING: GTRX multistate model will estimate 5 substitution rates that might be overfitting for the length of your alignment/partition!
WARNING: Please only use GTRX with large data and always test for model fit!
Optimizing NNI: done in 0.00319158 secs using 104.7% CPU
WARNING: GTRX multistate model will estimate 5 substitution rates that might be overfitting for the length of your alignment/partition!
WARNING: Please only use GTRX with large data and always test for model fit!
Optimizing NNI: done in 0.0019673 secs using 104.7% CPU
WARNING: GTRX multistate model will estimate 5 substitution rates that might be overfitting for the length of your alignment/partition!
WARNING: Please only use GTRX with large data and always test for model fit!
Optimizing NNI: done in 0.00245249 secs using 104.6% CPU
WARNING: GTRX multistate model will estimate 5 substitution rates that might be overfitting for the length of your alignment/partition!
WARNING: Please only use GTRX with large data and always test for model fit!
Optimizing NNI: done in 0.00644903 secs using 104.7% CPU
WARNING: GTRX multistate model will estimate 5 substitution rates that might be overfitting for the length of your alignment/partition!
WARNING: Please only use GTRX with large data and always test for model fit!
Optimizing NNI: done in 0.00733541 secs using 100.4% CPU
WARNING: GTRX multistate model will estimate 5 substitution rates that might be overfitting for the length of your alignment/partition!
WARNING: Please only use GTRX with large data and always test for model fit!
Optimizing NNI: done in 0.00554117 secs using 104.6% CPU
WARNING: GTRX multistate model will estimate 5 substitution rates that might be overfitting for the length of your alignment/partition!
WARNING: Please only use GTRX with large data and always test for model fit!
Optimizing NNI: done in 0.0066385 secs using 104.7% CPU
WARNING: GTRX multistate model will estimate 5 substitution rates that might be overfitting for the length of your alignment/partition!
WARNING: Please only use GTRX with large data and always test for model fit!
Optimizing NNI: done in 0.00746188 secs using 104.7% CPU
WARNING: GTRX multistate model will estimate 5 substitution rates that might be overfitting for the length of your alignment/partition!
WARNING: Please only use GTRX with large data and always test for model fit!
Optimizing NNI: done in 0.0080116 secs using 104.7% CPU
WARNING: GTRX multistate model will estimate 5 substitution rates that might be overfitting for the length of your alignment/partition!
WARNING: Please only use GTRX with large data and always test for model fit!
Optimizing NNI: done in 0.00452717 secs using 104.7% CPU
WARNING: GTRX multistate model will estimate 5 substitution rates that might be overfitting for the length of your alignment/partition!
WARNING: Please only use GTRX with large data and always test for model fit!
Optimizing NNI: done in 0.00545812 secs using 104.7% CPU
WARNING: GTRX multistate model will estimate 5 substitution rates that might be overfitting for the length of your alignment/partition!
WARNING: Please only use GTRX with large data and always test for model fit!
Optimizing NNI: done in 0.00553773 secs using 104.7% CPU
WARNING: GTRX multistate model will estimate 5 substitution rates that might be overfitting for the length of your alignment/partition!
WARNING: Please only use GTRX with large data and always test for model fit!
Optimizing NNI: done in 0.00642106 secs using 104.7% CPU
WARNING: GTRX multistate model will estimate 5 substitution rates that might be overfitting for the length of your alignment/partition!
WARNING: Please only use GTRX with large data and always test for model fit!
Optimizing NNI: done in 0.0052739 secs using 103.8% CPU
WARNING: GTRX multistate model will estimate 5 substitution rates that might be overfitting for the length of your alignment/partition!
WARNING: Please only use GTRX with large data and always test for model fit!
Optimizing NNI: done in 0.00717905 secs using 104.1% CPU
WARNING: GTRX multistate model will estimate 5 substitution rates that might be overfitting for the length of your alignment/partition!
WARNING: Please only use GTRX with large data and always test for model fit!
Optimizing NNI: done in 0.00723232 secs using 104.4% CPU
WARNING: GTRX multistate model will estimate 5 substitution rates that might be overfitting for the length of your alignment/partition!
WARNING: Please only use GTRX with large data and always test for model fit!
Optimizing NNI: done in 0.00494964 secs using 104.7% CPU
WARNING: GTRX multistate model will estimate 5 substitution rates that might be overfitting for the length of your alignment/partition!
WARNING: Please only use GTRX with large data and always test for model fit!
Optimizing NNI: done in 0.00352796 secs using 104.6% CPU
WARNING: GTRX multistate model will estimate 5 substitution rates that might be overfitting for the length of your alignment/partition!
WARNING: Please only use GTRX with large data and always test for model fit!
Optimizing NNI: done in 0.00545345 secs using 104.7% CPU
200 samples done
WARNING: GTRX multistate model will estimate 5 substitution rates that might be overfitting for the length of your alignment/partition!
WARNING: Please only use GTRX with large data and always test for model fit!
Optimizing NNI: done in 0.00562116 secs using 104.7% CPU
WARNING: GTRX multistate model will estimate 5 substitution rates that might be overfitting for the length of your alignment/partition!
WARNING: Please only use GTRX with large data and always test for model fit!
Optimizing NNI: done in 0.00550738 secs using 104.7% CPU
WARNING: GTRX multistate model will estimate 5 substitution rates that might be overfitting for the length of your alignment/partition!
WARNING: Please only use GTRX with large data and always test for model fit!
Optimizing NNI: done in 0.00915971 secs using 104.7% CPU
WARNING: GTRX multistate model will estimate 5 substitution rates that might be overfitting for the length of your alignment/partition!
WARNING: Please only use GTRX with large data and always test for model fit!
Optimizing NNI: done in 0.00653761 secs using 104.7% CPU
WARNING: GTRX multistate model will estimate 5 substitution rates that might be overfitting for the length of your alignment/partition!
WARNING: Please only use GTRX with large data and always test for model fit!
Optimizing NNI: done in 0.00372765 secs using 104.7% CPU
WARNING: GTRX multistate model will estimate 5 substitution rates that might be overfitting for the length of your alignment/partition!
WARNING: Please only use GTRX with large data and always test for model fit!
Optimizing NNI: done in 0.00267231 secs using 104.6% CPU
WARNING: GTRX multistate model will estimate 5 substitution rates that might be overfitting for the length of your alignment/partition!
WARNING: Please only use GTRX with large data and always test for model fit!
Optimizing NNI: done in 0.00738638 secs using 104.7% CPU
WARNING: GTRX multistate model will estimate 5 substitution rates that might be overfitting for the length of your alignment/partition!
WARNING: Please only use GTRX with large data and always test for model fit!
Optimizing NNI: done in 0.0110234 secs using 104.7% CPU
WARNING: GTRX multistate model will estimate 5 substitution rates that might be overfitting for the length of your alignment/partition!
WARNING: Please only use GTRX with large data and always test for model fit!
Optimizing NNI: done in 0.00919188 secs using 104.7% CPU
WARNING: GTRX multistate model will estimate 5 substitution rates that might be overfitting for the length of your alignment/partition!
WARNING: Please only use GTRX with large data and always test for model fit!
Optimizing NNI: done in 0.00547645 secs using 104.7% CPU
WARNING: GTRX multistate model will estimate 5 substitution rates that might be overfitting for the length of your alignment/partition!
WARNING: Please only use GTRX with large data and always test for model fit!
Optimizing NNI: done in 0.00766396 secs using 104.5% CPU
WARNING: GTRX multistate model will estimate 5 substitution rates that might be overfitting for the length of your alignment/partition!
WARNING: Please only use GTRX with large data and always test for model fit!
Optimizing NNI: done in 0.00983161 secs using 104.7% CPU
WARNING: GTRX multistate model will estimate 5 substitution rates that might be overfitting for the length of your alignment/partition!
WARNING: Please only use GTRX with large data and always test for model fit!
Optimizing NNI: done in 0.0108238 secs using 104.7% CPU
WARNING: GTRX multistate model will estimate 5 substitution rates that might be overfitting for the length of your alignment/partition!
WARNING: Please only use GTRX with large data and always test for model fit!
Optimizing NNI: done in 0.00585855 secs using 104.7% CPU
WARNING: GTRX multistate model will estimate 5 substitution rates that might be overfitting for the length of your alignment/partition!
WARNING: Please only use GTRX with large data and always test for model fit!
Optimizing NNI: done in 0.0106678 secs using 104.7% CPU
WARNING: GTRX multistate model will estimate 5 substitution rates that might be overfitting for the length of your alignment/partition!
WARNING: Please only use GTRX with large data and always test for model fit!
Optimizing NNI: done in 0.00616486 secs using 104.6% CPU
WARNING: GTRX multistate model will estimate 5 substitution rates that might be overfitting for the length of your alignment/partition!
WARNING: Please only use GTRX with large data and always test for model fit!
Optimizing NNI: done in 0.0036658 secs using 104.7% CPU
WARNING: GTRX multistate model will estimate 5 substitution rates that might be overfitting for the length of your alignment/partition!
WARNING: Please only use GTRX with large data and always test for model fit!
Optimizing NNI: done in 0.00268291 secs using 104.6% CPU
WARNING: GTRX multistate model will estimate 5 substitution rates that might be overfitting for the length of your alignment/partition!
WARNING: Please only use GTRX with large data and always test for model fit!
Optimizing NNI: done in 0.00547025 secs using 104.7% CPU
WARNING: GTRX multistate model will estimate 5 substitution rates that might be overfitting for the length of your alignment/partition!
WARNING: Please only use GTRX with large data and always test for model fit!
Optimizing NNI: done in 0.00739535 secs using 104.7% CPU
WARNING: GTRX multistate model will estimate 5 substitution rates that might be overfitting for the length of your alignment/partition!
WARNING: Please only use GTRX with large data and always test for model fit!
Optimizing NNI: done in 0.00429111 secs using 104.7% CPU
WARNING: GTRX multistate model will estimate 5 substitution rates that might be overfitting for the length of your alignment/partition!
WARNING: Please only use GTRX with large data and always test for model fit!
Optimizing NNI: done in 0.00432881 secs using 81.36% CPU
WARNING: GTRX multistate model will estimate 5 substitution rates that might be overfitting for the length of your alignment/partition!
WARNING: Please only use GTRX with large data and always test for model fit!
Optimizing NNI: done in 0.00422219 secs using 104.4% CPU
WARNING: GTRX multistate model will estimate 5 substitution rates that might be overfitting for the length of your alignment/partition!
WARNING: Please only use GTRX with large data and always test for model fit!
Optimizing NNI: done in 0.0157502 secs using 104.7% CPU
WARNING: GTRX multistate model will estimate 5 substitution rates that might be overfitting for the length of your alignment/partition!
WARNING: Please only use GTRX with large data and always test for model fit!
Optimizing NNI: done in 0.0165699 secs using 103% CPU
WARNING: GTRX multistate model will estimate 5 substitution rates that might be overfitting for the length of your alignment/partition!
WARNING: Please only use GTRX with large data and always test for model fit!
Optimizing NNI: done in 0.00807383 secs using 104.7% CPU
WARNING: GTRX multistate model will estimate 5 substitution rates that might be overfitting for the length of your alignment/partition!
WARNING: Please only use GTRX with large data and always test for model fit!
Optimizing NNI: done in 0.01013 secs using 104.7% CPU
WARNING: GTRX multistate model will estimate 5 substitution rates that might be overfitting for the length of your alignment/partition!
WARNING: Please only use GTRX with large data and always test for model fit!
Optimizing NNI: done in 0.0133335 secs using 104.7% CPU
WARNING: GTRX multistate model will estimate 5 substitution rates that might be overfitting for the length of your alignment/partition!
WARNING: Please only use GTRX with large data and always test for model fit!
Optimizing NNI: done in 0.0168547 secs using 104.7% CPU
WARNING: GTRX multistate model will estimate 5 substitution rates that might be overfitting for the length of your alignment/partition!
WARNING: Please only use GTRX with large data and always test for model fit!
Optimizing NNI: done in 0.0125138 secs using 22.09% CPU
WARNING: GTRX multistate model will estimate 5 substitution rates that might be overfitting for the length of your alignment/partition!
WARNING: Please only use GTRX with large data and always test for model fit!
Optimizing NNI: done in 0.00851416 secs using 104.7% CPU
WARNING: GTRX multistate model will estimate 5 substitution rates that might be overfitting for the length of your alignment/partition!
WARNING: Please only use GTRX with large data and always test for model fit!
Optimizing NNI: done in 0.00642402 secs using 104.7% CPU
WARNING: GTRX multistate model will estimate 5 substitution rates that might be overfitting for the length of your alignment/partition!
WARNING: Please only use GTRX with large data and always test for model fit!
Optimizing NNI: done in 0.00946125 secs using 104.7% CPU
WARNING: GTRX multistate model will estimate 5 substitution rates that might be overfitting for the length of your alignment/partition!
WARNING: Please only use GTRX with large data and always test for model fit!
Optimizing NNI: done in 0.00564731 secs using 104.7% CPU
WARNING: GTRX multistate model will estimate 5 substitution rates that might be overfitting for the length of your alignment/partition!
WARNING: Please only use GTRX with large data and always test for model fit!
Optimizing NNI: done in 0.00855139 secs using 104.7% CPU
WARNING: GTRX multistate model will estimate 5 substitution rates that might be overfitting for the length of your alignment/partition!
WARNING: Please only use GTRX with large data and always test for model fit!
Optimizing NNI: done in 0.00807107 secs using 104.7% CPU
WARNING: GTRX multistate model will estimate 5 substitution rates that might be overfitting for the length of your alignment/partition!
WARNING: Please only use GTRX with large data and always test for model fit!
Optimizing NNI: done in 0.00519 secs using 101.2% CPU
WARNING: GTRX multistate model will estimate 5 substitution rates that might be overfitting for the length of your alignment/partition!
WARNING: Please only use GTRX with large data and always test for model fit!
Optimizing NNI: done in 0.0148779 secs using 104.6% CPU
WARNING: GTRX multistate model will estimate 5 substitution rates that might be overfitting for the length of your alignment/partition!
WARNING: Please only use GTRX with large data and always test for model fit!
Optimizing NNI: done in 0.0135514 secs using 104.7% CPU
WARNING: GTRX multistate model will estimate 5 substitution rates that might be overfitting for the length of your alignment/partition!
WARNING: Please only use GTRX with large data and always test for model fit!
Optimizing NNI: done in 0.00534425 secs using 104.6% CPU
WARNING: GTRX multistate model will estimate 5 substitution rates that might be overfitting for the length of your alignment/partition!
WARNING: Please only use GTRX with large data and always test for model fit!
Optimizing NNI: done in 0.00475492 secs using 104.6% CPU
WARNING: GTRX multistate model will estimate 5 substitution rates that might be overfitting for the length of your alignment/partition!
WARNING: Please only use GTRX with large data and always test for model fit!
Optimizing NNI: done in 0.0124456 secs using 104.7% CPU
WARNING: GTRX multistate model will estimate 5 substitution rates that might be overfitting for the length of your alignment/partition!
WARNING: Please only use GTRX with large data and always test for model fit!
Optimizing NNI: done in 0.0121328 secs using 104.7% CPU
WARNING: GTRX multistate model will estimate 5 substitution rates that might be overfitting for the length of your alignment/partition!
WARNING: Please only use GTRX with large data and always test for model fit!
Optimizing NNI: done in 0.00787625 secs using 101.1% CPU
WARNING: GTRX multistate model will estimate 5 substitution rates that might be overfitting for the length of your alignment/partition!
WARNING: Please only use GTRX with large data and always test for model fit!
Optimizing NNI: done in 0.0053746 secs
WARNING: GTRX multistate model will estimate 5 substitution rates that might be overfitting for the length of your alignment/partition!
WARNING: Please only use GTRX with large data and always test for model fit!
Optimizing NNI: done in 0.0164016 secs using 102.1% CPU
WARNING: GTRX multistate model will estimate 5 substitution rates that might be overfitting for the length of your alignment/partition!
WARNING: Please only use GTRX with large data and always test for model fit!
Optimizing NNI: done in 0.0102219 secs using 104.7% CPU
WARNING: GTRX multistate model will estimate 5 substitution rates that might be overfitting for the length of your alignment/partition!
WARNING: Please only use GTRX with large data and always test for model fit!
Optimizing NNI: done in 0.00479262 secs using 104.7% CPU
WARNING: GTRX multistate model will estimate 5 substitution rates that might be overfitting for the length of your alignment/partition!
WARNING: Please only use GTRX with large data and always test for model fit!
Optimizing NNI: done in 0.00409362 secs using 104.7% CPU
WARNING: GTRX multistate model will estimate 5 substitution rates that might be overfitting for the length of your alignment/partition!
WARNING: Please only use GTRX with large data and always test for model fit!
Optimizing NNI: done in 0.00945877 secs using 103.7% CPU
WARNING: GTRX multistate model will estimate 5 substitution rates that might be overfitting for the length of your alignment/partition!
WARNING: Please only use GTRX with large data and always test for model fit!
Optimizing NNI: done in 0.0107476 secs using 104.7% CPU
WARNING: GTRX multistate model will estimate 5 substitution rates that might be overfitting for the length of your alignment/partition!
WARNING: Please only use GTRX with large data and always test for model fit!
Optimizing NNI: done in 0.0116421 secs using 56% CPU
WARNING: GTRX multistate model will estimate 5 substitution rates that might be overfitting for the length of your alignment/partition!
WARNING: Please only use GTRX with large data and always test for model fit!
Optimizing NNI: done in 0.00426166 secs using 105.1% CPU
WARNING: GTRX multistate model will estimate 5 substitution rates that might be overfitting for the length of your alignment/partition!
WARNING: Please only use GTRX with large data and always test for model fit!
Optimizing NNI: done in 0.00714848 secs using 105.2% CPU
WARNING: GTRX multistate model will estimate 5 substitution rates that might be overfitting for the length of your alignment/partition!
WARNING: Please only use GTRX with large data and always test for model fit!
Optimizing NNI: done in 0.00853905 secs using 110% CPU
WARNING: GTRX multistate model will estimate 5 substitution rates that might be overfitting for the length of your alignment/partition!
WARNING: Please only use GTRX with large data and always test for model fit!
Optimizing NNI: done in 0.00799074 secs using 110% CPU
WARNING: GTRX multistate model will estimate 5 substitution rates that might be overfitting for the length of your alignment/partition!
WARNING: Please only use GTRX with large data and always test for model fit!
Optimizing NNI: done in 0.00648141 secs using 110% CPU
WARNING: GTRX multistate model will estimate 5 substitution rates that might be overfitting for the length of your alignment/partition!
WARNING: Please only use GTRX with large data and always test for model fit!
Optimizing NNI: done in 0.00982621 secs using 109.9% CPU
WARNING: GTRX multistate model will estimate 5 substitution rates that might be overfitting for the length of your alignment/partition!
WARNING: Please only use GTRX with large data and always test for model fit!
Optimizing NNI: done in 0.00429165 secs using 110% CPU
WARNING: GTRX multistate model will estimate 5 substitution rates that might be overfitting for the length of your alignment/partition!
WARNING: Please only use GTRX with large data and always test for model fit!
Optimizing NNI: done in 0.00525541 secs using 110% CPU
WARNING: GTRX multistate model will estimate 5 substitution rates that might be overfitting for the length of your alignment/partition!
WARNING: Please only use GTRX with large data and always test for model fit!
Optimizing NNI: done in 0.0076409 secs using 110% CPU
WARNING: GTRX multistate model will estimate 5 substitution rates that might be overfitting for the length of your alignment/partition!
WARNING: Please only use GTRX with large data and always test for model fit!
Optimizing NNI: done in 0.00838384 secs using 106.1% CPU
WARNING: GTRX multistate model will estimate 5 substitution rates that might be overfitting for the length of your alignment/partition!
WARNING: Please only use GTRX with large data and always test for model fit!
Optimizing NNI: done in 0.0134969 secs using 109.9% CPU
WARNING: GTRX multistate model will estimate 5 substitution rates that might be overfitting for the length of your alignment/partition!
WARNING: Please only use GTRX with large data and always test for model fit!
Optimizing NNI: done in 0.00454736 secs using 110% CPU
WARNING: GTRX multistate model will estimate 5 substitution rates that might be overfitting for the length of your alignment/partition!
WARNING: Please only use GTRX with large data and always test for model fit!
Optimizing NNI: done in 0.0054585 secs using 48.71% CPU
WARNING: GTRX multistate model will estimate 5 substitution rates that might be overfitting for the length of your alignment/partition!
WARNING: Please only use GTRX with large data and always test for model fit!
Optimizing NNI: done in 0.00279595 secs
WARNING: GTRX multistate model will estimate 5 substitution rates that might be overfitting for the length of your alignment/partition!
WARNING: Please only use GTRX with large data and always test for model fit!
Optimizing NNI: done in 0.00358742 secs using 105.1% CPU
WARNING: GTRX multistate model will estimate 5 substitution rates that might be overfitting for the length of your alignment/partition!
WARNING: Please only use GTRX with large data and always test for model fit!
Optimizing NNI: done in 0.00845836 secs using 107.7% CPU
WARNING: GTRX multistate model will estimate 5 substitution rates that might be overfitting for the length of your alignment/partition!
WARNING: Please only use GTRX with large data and always test for model fit!
Optimizing NNI: done in 0.00595201 secs using 110% CPU
WARNING: GTRX multistate model will estimate 5 substitution rates that might be overfitting for the length of your alignment/partition!
WARNING: Please only use GTRX with large data and always test for model fit!
Optimizing NNI: done in 0.0121383 secs using 110% CPU
WARNING: GTRX multistate model will estimate 5 substitution rates that might be overfitting for the length of your alignment/partition!
WARNING: Please only use GTRX with large data and always test for model fit!
Optimizing NNI: done in 0.00335579 secs using 110% CPU
WARNING: GTRX multistate model will estimate 5 substitution rates that might be overfitting for the length of your alignment/partition!
WARNING: Please only use GTRX with large data and always test for model fit!
Optimizing NNI: done in 0.0109399 secs using 110% CPU
WARNING: GTRX multistate model will estimate 5 substitution rates that might be overfitting for the length of your alignment/partition!
WARNING: Please only use GTRX with large data and always test for model fit!
Optimizing NNI: done in 0.00740437 secs using 110% CPU
WARNING: GTRX multistate model will estimate 5 substitution rates that might be overfitting for the length of your alignment/partition!
WARNING: Please only use GTRX with large data and always test for model fit!
Optimizing NNI: done in 0.00359069 secs using 110% CPU
WARNING: GTRX multistate model will estimate 5 substitution rates that might be overfitting for the length of your alignment/partition!
WARNING: Please only use GTRX with large data and always test for model fit!
Optimizing NNI: done in 0.00973207 secs using 110% CPU
WARNING: GTRX multistate model will estimate 5 substitution rates that might be overfitting for the length of your alignment/partition!
WARNING: Please only use GTRX with large data and always test for model fit!
Optimizing NNI: done in 0.0124951 secs using 110% CPU
WARNING: GTRX multistate model will estimate 5 substitution rates that might be overfitting for the length of your alignment/partition!
WARNING: Please only use GTRX with large data and always test for model fit!
Optimizing NNI: done in 0.00561443 secs using 105.1% CPU
WARNING: GTRX multistate model will estimate 5 substitution rates that might be overfitting for the length of your alignment/partition!
WARNING: Please only use GTRX with large data and always test for model fit!
Optimizing NNI: done in 0.00898394 secs using 109% CPU
WARNING: GTRX multistate model will estimate 5 substitution rates that might be overfitting for the length of your alignment/partition!
WARNING: Please only use GTRX with large data and always test for model fit!
Optimizing NNI: done in 0.00205782 secs using 109.5% CPU
WARNING: GTRX multistate model will estimate 5 substitution rates that might be overfitting for the length of your alignment/partition!
WARNING: Please only use GTRX with large data and always test for model fit!
Optimizing NNI: done in 0.00708233 secs using 108.8% CPU
WARNING: GTRX multistate model will estimate 5 substitution rates that might be overfitting for the length of your alignment/partition!
WARNING: Please only use GTRX with large data and always test for model fit!
Optimizing NNI: done in 0.00301212 secs using 109.8% CPU
WARNING: GTRX multistate model will estimate 5 substitution rates that might be overfitting for the length of your alignment/partition!
WARNING: Please only use GTRX with large data and always test for model fit!
Optimizing NNI: done in 0.0065691 secs using 110% CPU
WARNING: GTRX multistate model will estimate 5 substitution rates that might be overfitting for the length of your alignment/partition!
WARNING: Please only use GTRX with large data and always test for model fit!
Optimizing NNI: done in 0.00509339 secs using 109.9% CPU
WARNING: GTRX multistate model will estimate 5 substitution rates that might be overfitting for the length of your alignment/partition!
WARNING: Please only use GTRX with large data and always test for model fit!
Optimizing NNI: done in 0.0068368 secs using 110% CPU
WARNING: GTRX multistate model will estimate 5 substitution rates that might be overfitting for the length of your alignment/partition!
WARNING: Please only use GTRX with large data and always test for model fit!
Optimizing NNI: done in 0.00608504 secs using 110% CPU
WARNING: GTRX multistate model will estimate 5 substitution rates that might be overfitting for the length of your alignment/partition!
WARNING: Please only use GTRX with large data and always test for model fit!
Optimizing NNI: done in 0.00449283 secs using 109.9% CPU
WARNING: GTRX multistate model will estimate 5 substitution rates that might be overfitting for the length of your alignment/partition!
WARNING: Please only use GTRX with large data and always test for model fit!
Optimizing NNI: done in 0.00577409 secs using 109.9% CPU
WARNING: GTRX multistate model will estimate 5 substitution rates that might be overfitting for the length of your alignment/partition!
WARNING: Please only use GTRX with large data and always test for model fit!
Optimizing NNI: done in 0.00581071 secs using 109.9% CPU
WARNING: GTRX multistate model will estimate 5 substitution rates that might be overfitting for the length of your alignment/partition!
WARNING: Please only use GTRX with large data and always test for model fit!
Optimizing NNI: done in 0.00653148 secs using 110% CPU
WARNING: GTRX multistate model will estimate 5 substitution rates that might be overfitting for the length of your alignment/partition!
WARNING: Please only use GTRX with large data and always test for model fit!
Optimizing NNI: done in 0.00304048 secs using 109.9% CPU
WARNING: GTRX multistate model will estimate 5 substitution rates that might be overfitting for the length of your alignment/partition!
WARNING: Please only use GTRX with large data and always test for model fit!
Optimizing NNI: done in 0.0040016 secs using 110% CPU
WARNING: GTRX multistate model will estimate 5 substitution rates that might be overfitting for the length of your alignment/partition!
WARNING: Please only use GTRX with large data and always test for model fit!
Optimizing NNI: done in 0.00443986 secs using 109.9% CPU
WARNING: GTRX multistate model will estimate 5 substitution rates that might be overfitting for the length of your alignment/partition!
WARNING: Please only use GTRX with large data and always test for model fit!
Optimizing NNI: done in 0.00405848 secs using 109.9% CPU
WARNING: GTRX multistate model will estimate 5 substitution rates that might be overfitting for the length of your alignment/partition!
WARNING: Please only use GTRX with large data and always test for model fit!
Optimizing NNI: done in 0.0030492 secs using 110% CPU
WARNING: GTRX multistate model will estimate 5 substitution rates that might be overfitting for the length of your alignment/partition!
WARNING: Please only use GTRX with large data and always test for model fit!
Optimizing NNI: done in 0.00822546 secs using 110% CPU
WARNING: GTRX multistate model will estimate 5 substitution rates that might be overfitting for the length of your alignment/partition!
WARNING: Please only use GTRX with large data and always test for model fit!
Optimizing NNI: done in 0.00239167 secs using 110% CPU
WARNING: GTRX multistate model will estimate 5 substitution rates that might be overfitting for the length of your alignment/partition!
WARNING: Please only use GTRX with large data and always test for model fit!
Optimizing NNI: done in 0.00320413 secs using 109.9% CPU
WARNING: GTRX multistate model will estimate 5 substitution rates that might be overfitting for the length of your alignment/partition!
WARNING: Please only use GTRX with large data and always test for model fit!
Optimizing NNI: done in 0.00512274 secs using 110% CPU
WARNING: GTRX multistate model will estimate 5 substitution rates that might be overfitting for the length of your alignment/partition!
WARNING: Please only use GTRX with large data and always test for model fit!
Optimizing NNI: done in 0.00464686 secs using 110% CPU
WARNING: GTRX multistate model will estimate 5 substitution rates that might be overfitting for the length of your alignment/partition!
WARNING: Please only use GTRX with large data and always test for model fit!
Optimizing NNI: done in 0.0061302 secs using 110% CPU
300 samples done
WARNING: GTRX multistate model will estimate 5 substitution rates that might be overfitting for the length of your alignment/partition!
WARNING: Please only use GTRX with large data and always test for model fit!
Optimizing NNI: done in 0.00574764 secs using 110% CPU
WARNING: GTRX multistate model will estimate 5 substitution rates that might be overfitting for the length of your alignment/partition!
WARNING: Please only use GTRX with large data and always test for model fit!
Optimizing NNI: done in 0.00673303 secs using 110% CPU
WARNING: GTRX multistate model will estimate 5 substitution rates that might be overfitting for the length of your alignment/partition!
WARNING: Please only use GTRX with large data and always test for model fit!
Optimizing NNI: done in 0.00521888 secs using 110% CPU
WARNING: GTRX multistate model will estimate 5 substitution rates that might be overfitting for the length of your alignment/partition!
WARNING: Please only use GTRX with large data and always test for model fit!
Optimizing NNI: done in 0.00826253 secs using 61.37% CPU
WARNING: GTRX multistate model will estimate 5 substitution rates that might be overfitting for the length of your alignment/partition!
WARNING: Please only use GTRX with large data and always test for model fit!
Optimizing NNI: done in 0.0053779 secs using 110% CPU
WARNING: GTRX multistate model will estimate 5 substitution rates that might be overfitting for the length of your alignment/partition!
WARNING: Please only use GTRX with large data and always test for model fit!
Optimizing NNI: done in 0.00516408 secs using 109.9% CPU
WARNING: GTRX multistate model will estimate 5 substitution rates that might be overfitting for the length of your alignment/partition!
WARNING: Please only use GTRX with large data and always test for model fit!
Optimizing NNI: done in 0.00550984 secs using 105.1% CPU
WARNING: GTRX multistate model will estimate 5 substitution rates that might be overfitting for the length of your alignment/partition!
WARNING: Please only use GTRX with large data and always test for model fit!
Optimizing NNI: done in 0.00262666 secs using 110% CPU
WARNING: GTRX multistate model will estimate 5 substitution rates that might be overfitting for the length of your alignment/partition!
WARNING: Please only use GTRX with large data and always test for model fit!
Optimizing NNI: done in 0.00537145 secs using 105.1% CPU
WARNING: GTRX multistate model will estimate 5 substitution rates that might be overfitting for the length of your alignment/partition!
WARNING: Please only use GTRX with large data and always test for model fit!
Optimizing NNI: done in 0.00519135 secs using 109.3% CPU
WARNING: GTRX multistate model will estimate 5 substitution rates that might be overfitting for the length of your alignment/partition!
WARNING: Please only use GTRX with large data and always test for model fit!
Optimizing NNI: done in 0.00796966 secs using 108% CPU
WARNING: GTRX multistate model will estimate 5 substitution rates that might be overfitting for the length of your alignment/partition!
WARNING: Please only use GTRX with large data and always test for model fit!
Optimizing NNI: done in 0.00749442 secs
WARNING: GTRX multistate model will estimate 5 substitution rates that might be overfitting for the length of your alignment/partition!
WARNING: Please only use GTRX with large data and always test for model fit!
Optimizing NNI: done in 0.00556609 secs using 105.2% CPU
WARNING: GTRX multistate model will estimate 5 substitution rates that might be overfitting for the length of your alignment/partition!
WARNING: Please only use GTRX with large data and always test for model fit!
Optimizing NNI: done in 0.00870488 secs using 110% CPU
WARNING: GTRX multistate model will estimate 5 substitution rates that might be overfitting for the length of your alignment/partition!
WARNING: Please only use GTRX with large data and always test for model fit!
Optimizing NNI: done in 0.00525859 secs using 37.52% CPU
WARNING: GTRX multistate model will estimate 5 substitution rates that might be overfitting for the length of your alignment/partition!
WARNING: Please only use GTRX with large data and always test for model fit!
Optimizing NNI: done in 0.00345938 secs using 109.3% CPU
WARNING: GTRX multistate model will estimate 5 substitution rates that might be overfitting for the length of your alignment/partition!
WARNING: Please only use GTRX with large data and always test for model fit!
Optimizing NNI: done in 0.00743045 secs using 109.4% CPU
WARNING: GTRX multistate model will estimate 5 substitution rates that might be overfitting for the length of your alignment/partition!
WARNING: Please only use GTRX with large data and always test for model fit!
Optimizing NNI: done in 0.00510066 secs using 109.9% CPU
WARNING: GTRX multistate model will estimate 5 substitution rates that might be overfitting for the length of your alignment/partition!
WARNING: Please only use GTRX with large data and always test for model fit!
Optimizing NNI: done in 0.0054018 secs using 110% CPU
WARNING: GTRX multistate model will estimate 5 substitution rates that might be overfitting for the length of your alignment/partition!
WARNING: Please only use GTRX with large data and always test for model fit!
Optimizing NNI: done in 0.00798084 secs using 110% CPU
WARNING: GTRX multistate model will estimate 5 substitution rates that might be overfitting for the length of your alignment/partition!
WARNING: Please only use GTRX with large data and always test for model fit!
Optimizing NNI: done in 0.00731677 secs using 110% CPU
WARNING: GTRX multistate model will estimate 5 substitution rates that might be overfitting for the length of your alignment/partition!
WARNING: Please only use GTRX with large data and always test for model fit!
Optimizing NNI: done in 0.00434735 secs using 107.9% CPU
WARNING: GTRX multistate model will estimate 5 substitution rates that might be overfitting for the length of your alignment/partition!
WARNING: Please only use GTRX with large data and always test for model fit!
Optimizing NNI: done in 0.00648813 secs using 109.9% CPU
WARNING: GTRX multistate model will estimate 5 substitution rates that might be overfitting for the length of your alignment/partition!
WARNING: Please only use GTRX with large data and always test for model fit!
Optimizing NNI: done in 0.00556754 secs using 110% CPU
WARNING: GTRX multistate model will estimate 5 substitution rates that might be overfitting for the length of your alignment/partition!
WARNING: Please only use GTRX with large data and always test for model fit!
Optimizing NNI: done in 0.00608404 secs using 110% CPU
WARNING: GTRX multistate model will estimate 5 substitution rates that might be overfitting for the length of your alignment/partition!
WARNING: Please only use GTRX with large data and always test for model fit!
Optimizing NNI: done in 0.00868408 secs using 109.7% CPU
WARNING: GTRX multistate model will estimate 5 substitution rates that might be overfitting for the length of your alignment/partition!
WARNING: Please only use GTRX with large data and always test for model fit!
Optimizing NNI: done in 0.0025655 secs using 110% CPU
WARNING: GTRX multistate model will estimate 5 substitution rates that might be overfitting for the length of your alignment/partition!
WARNING: Please only use GTRX with large data and always test for model fit!
Optimizing NNI: done in 0.00355207 secs using 109.9% CPU
WARNING: GTRX multistate model will estimate 5 substitution rates that might be overfitting for the length of your alignment/partition!
WARNING: Please only use GTRX with large data and always test for model fit!
Optimizing NNI: done in 0.0055491 secs using 110% CPU
WARNING: GTRX multistate model will estimate 5 substitution rates that might be overfitting for the length of your alignment/partition!
WARNING: Please only use GTRX with large data and always test for model fit!
Optimizing NNI: done in 0.0100289 secs using 110% CPU
WARNING: GTRX multistate model will estimate 5 substitution rates that might be overfitting for the length of your alignment/partition!
WARNING: Please only use GTRX with large data and always test for model fit!
Optimizing NNI: done in 0.00438888 secs using 110% CPU
WARNING: GTRX multistate model will estimate 5 substitution rates that might be overfitting for the length of your alignment/partition!
WARNING: Please only use GTRX with large data and always test for model fit!
Optimizing NNI: done in 0.00704353 secs using 108.2% CPU
WARNING: GTRX multistate model will estimate 5 substitution rates that might be overfitting for the length of your alignment/partition!
WARNING: Please only use GTRX with large data and always test for model fit!
Optimizing NNI: done in 0.00407893 secs using 109.9% CPU
WARNING: GTRX multistate model will estimate 5 substitution rates that might be overfitting for the length of your alignment/partition!
WARNING: Please only use GTRX with large data and always test for model fit!
Optimizing NNI: done in 0.0086659 secs using 110% CPU
WARNING: GTRX multistate model will estimate 5 substitution rates that might be overfitting for the length of your alignment/partition!
WARNING: Please only use GTRX with large data and always test for model fit!
Optimizing NNI: done in 0.00306265 secs using 110% CPU
WARNING: GTRX multistate model will estimate 5 substitution rates that might be overfitting for the length of your alignment/partition!
WARNING: Please only use GTRX with large data and always test for model fit!
Optimizing NNI: done in 0.00245019 secs using 110% CPU
WARNING: GTRX multistate model will estimate 5 substitution rates that might be overfitting for the length of your alignment/partition!
WARNING: Please only use GTRX with large data and always test for model fit!
Optimizing NNI: done in 0.00593247 secs using 105.2% CPU
WARNING: GTRX multistate model will estimate 5 substitution rates that might be overfitting for the length of your alignment/partition!
WARNING: Please only use GTRX with large data and always test for model fit!
Optimizing NNI: done in 0.00566241 secs using 109.1% CPU
WARNING: GTRX multistate model will estimate 5 substitution rates that might be overfitting for the length of your alignment/partition!
WARNING: Please only use GTRX with large data and always test for model fit!
Optimizing NNI: done in 0.00440751 secs using 105.1% CPU
WARNING: GTRX multistate model will estimate 5 substitution rates that might be overfitting for the length of your alignment/partition!
WARNING: Please only use GTRX with large data and always test for model fit!
Optimizing NNI: done in 0.00887299 secs using 108.2% CPU
WARNING: GTRX multistate model will estimate 5 substitution rates that might be overfitting for the length of your alignment/partition!
WARNING: Please only use GTRX with large data and always test for model fit!
Optimizing NNI: done in 0.00311962 secs using 110% CPU
WARNING: GTRX multistate model will estimate 5 substitution rates that might be overfitting for the length of your alignment/partition!
WARNING: Please only use GTRX with large data and always test for model fit!
Optimizing NNI: done in 0.00472691 secs using 110% CPU
WARNING: GTRX multistate model will estimate 5 substitution rates that might be overfitting for the length of your alignment/partition!
WARNING: Please only use GTRX with large data and always test for model fit!
Optimizing NNI: done in 0.00659463 secs using 110% CPU
WARNING: GTRX multistate model will estimate 5 substitution rates that might be overfitting for the length of your alignment/partition!
WARNING: Please only use GTRX with large data and always test for model fit!
Optimizing NNI: done in 0.00638091 secs using 105.2% CPU
WARNING: GTRX multistate model will estimate 5 substitution rates that might be overfitting for the length of your alignment/partition!
WARNING: Please only use GTRX with large data and always test for model fit!
Optimizing NNI: done in 0.00661872 secs using 77.79% CPU
WARNING: GTRX multistate model will estimate 5 substitution rates that might be overfitting for the length of your alignment/partition!
WARNING: Please only use GTRX with large data and always test for model fit!
Optimizing NNI: done in 0.00709705 secs using 68.63% CPU
WARNING: GTRX multistate model will estimate 5 substitution rates that might be overfitting for the length of your alignment/partition!
WARNING: Please only use GTRX with large data and always test for model fit!
Optimizing NNI: done in 0.00901429 secs using 110% CPU
WARNING: GTRX multistate model will estimate 5 substitution rates that might be overfitting for the length of your alignment/partition!
WARNING: Please only use GTRX with large data and always test for model fit!
Optimizing NNI: done in 0.00360332 secs using 110% CPU
WARNING: GTRX multistate model will estimate 5 substitution rates that might be overfitting for the length of your alignment/partition!
WARNING: Please only use GTRX with large data and always test for model fit!
Optimizing NNI: done in 0.00293634 secs using 110% CPU
WARNING: GTRX multistate model will estimate 5 substitution rates that might be overfitting for the length of your alignment/partition!
WARNING: Please only use GTRX with large data and always test for model fit!
Optimizing NNI: done in 0.00665134 secs using 110% CPU
WARNING: GTRX multistate model will estimate 5 substitution rates that might be overfitting for the length of your alignment/partition!
WARNING: Please only use GTRX with large data and always test for model fit!
Optimizing NNI: done in 0.00909816 secs using 110% CPU
WARNING: GTRX multistate model will estimate 5 substitution rates that might be overfitting for the length of your alignment/partition!
WARNING: Please only use GTRX with large data and always test for model fit!
Optimizing NNI: done in 0.00328619 secs using 110% CPU
WARNING: GTRX multistate model will estimate 5 substitution rates that might be overfitting for the length of your alignment/partition!
WARNING: Please only use GTRX with large data and always test for model fit!
Optimizing NNI: done in 0.00243456 secs using 110% CPU
WARNING: GTRX multistate model will estimate 5 substitution rates that might be overfitting for the length of your alignment/partition!
WARNING: Please only use GTRX with large data and always test for model fit!
Optimizing NNI: done in 0.00510593 secs using 63.2% CPU
WARNING: GTRX multistate model will estimate 5 substitution rates that might be overfitting for the length of your alignment/partition!
WARNING: Please only use GTRX with large data and always test for model fit!
Optimizing NNI: done in 0.00545268 secs using 65.78% CPU
WARNING: GTRX multistate model will estimate 5 substitution rates that might be overfitting for the length of your alignment/partition!
WARNING: Please only use GTRX with large data and always test for model fit!
Optimizing NNI: done in 0.00609904 secs using 110% CPU
WARNING: GTRX multistate model will estimate 5 substitution rates that might be overfitting for the length of your alignment/partition!
WARNING: Please only use GTRX with large data and always test for model fit!
Optimizing NNI: done in 0.0066427 secs using 110% CPU
WARNING: GTRX multistate model will estimate 5 substitution rates that might be overfitting for the length of your alignment/partition!
WARNING: Please only use GTRX with large data and always test for model fit!
Optimizing NNI: done in 0.00213061 secs using 109.9% CPU
WARNING: GTRX multistate model will estimate 5 substitution rates that might be overfitting for the length of your alignment/partition!
WARNING: Please only use GTRX with large data and always test for model fit!
Optimizing NNI: done in 0.00301213 secs using 105.1% CPU
WARNING: GTRX multistate model will estimate 5 substitution rates that might be overfitting for the length of your alignment/partition!
WARNING: Please only use GTRX with large data and always test for model fit!
Optimizing NNI: done in 0.00368201 secs using 110% CPU
WARNING: GTRX multistate model will estimate 5 substitution rates that might be overfitting for the length of your alignment/partition!
WARNING: Please only use GTRX with large data and always test for model fit!
Optimizing NNI: done in 0.00170334 secs using 109.8% CPU
WARNING: GTRX multistate model will estimate 5 substitution rates that might be overfitting for the length of your alignment/partition!
WARNING: Please only use GTRX with large data and always test for model fit!
Optimizing NNI: done in 0.0045599 secs using 105.1% CPU
WARNING: GTRX multistate model will estimate 5 substitution rates that might be overfitting for the length of your alignment/partition!
WARNING: Please only use GTRX with large data and always test for model fit!
Optimizing NNI: done in 0.00416444 secs using 110% CPU
WARNING: GTRX multistate model will estimate 5 substitution rates that might be overfitting for the length of your alignment/partition!
WARNING: Please only use GTRX with large data and always test for model fit!
Optimizing NNI: done in 0.00599644 secs using 86.25% CPU
WARNING: GTRX multistate model will estimate 5 substitution rates that might be overfitting for the length of your alignment/partition!
WARNING: Please only use GTRX with large data and always test for model fit!
Optimizing NNI: done in 0.00554273 secs using 36.37% CPU
WARNING: GTRX multistate model will estimate 5 substitution rates that might be overfitting for the length of your alignment/partition!
WARNING: Please only use GTRX with large data and always test for model fit!
Optimizing NNI: done in 0.00407484 secs using 110% CPU
WARNING: GTRX multistate model will estimate 5 substitution rates that might be overfitting for the length of your alignment/partition!
WARNING: Please only use GTRX with large data and always test for model fit!
Optimizing NNI: done in 0.00436171 secs using 110% CPU
WARNING: GTRX multistate model will estimate 5 substitution rates that might be overfitting for the length of your alignment/partition!
WARNING: Please only use GTRX with large data and always test for model fit!
Optimizing NNI: done in 0.00470956 secs using 110% CPU
WARNING: GTRX multistate model will estimate 5 substitution rates that might be overfitting for the length of your alignment/partition!
WARNING: Please only use GTRX with large data and always test for model fit!
Optimizing NNI: done in 0.00509684 secs using 110% CPU
WARNING: GTRX multistate model will estimate 5 substitution rates that might be overfitting for the length of your alignment/partition!
WARNING: Please only use GTRX with large data and always test for model fit!
Optimizing NNI: done in 0.00244465 secs using 110% CPU
WARNING: GTRX multistate model will estimate 5 substitution rates that might be overfitting for the length of your alignment/partition!
WARNING: Please only use GTRX with large data and always test for model fit!
Optimizing NNI: done in 0.00834323 secs using 110% CPU
WARNING: GTRX multistate model will estimate 5 substitution rates that might be overfitting for the length of your alignment/partition!
WARNING: Please only use GTRX with large data and always test for model fit!
Optimizing NNI: done in 0.00166372 secs using 109.9% CPU
WARNING: GTRX multistate model will estimate 5 substitution rates that might be overfitting for the length of your alignment/partition!
WARNING: Please only use GTRX with large data and always test for model fit!
Optimizing NNI: done in 0.00500643 secs using 110% CPU
WARNING: GTRX multistate model will estimate 5 substitution rates that might be overfitting for the length of your alignment/partition!
WARNING: Please only use GTRX with large data and always test for model fit!
Optimizing NNI: done in 0.00769042 secs using 110% CPU
WARNING: GTRX multistate model will estimate 5 substitution rates that might be overfitting for the length of your alignment/partition!
WARNING: Please only use GTRX with large data and always test for model fit!
Optimizing NNI: done in 0.00596173 secs using 110% CPU
WARNING: GTRX multistate model will estimate 5 substitution rates that might be overfitting for the length of your alignment/partition!
WARNING: Please only use GTRX with large data and always test for model fit!
Optimizing NNI: done in 0.0101198 secs using 110% CPU
WARNING: GTRX multistate model will estimate 5 substitution rates that might be overfitting for the length of your alignment/partition!
WARNING: Please only use GTRX with large data and always test for model fit!
Optimizing NNI: done in 0.00364421 secs using 110% CPU
WARNING: GTRX multistate model will estimate 5 substitution rates that might be overfitting for the length of your alignment/partition!
WARNING: Please only use GTRX with large data and always test for model fit!
Optimizing NNI: done in 0.00320877 secs using 110% CPU
WARNING: GTRX multistate model will estimate 5 substitution rates that might be overfitting for the length of your alignment/partition!
WARNING: Please only use GTRX with large data and always test for model fit!
Optimizing NNI: done in 0.00783272 secs using 110% CPU
WARNING: GTRX multistate model will estimate 5 substitution rates that might be overfitting for the length of your alignment/partition!
WARNING: Please only use GTRX with large data and always test for model fit!
Optimizing NNI: done in 0.00542242 secs using 110% CPU
WARNING: GTRX multistate model will estimate 5 substitution rates that might be overfitting for the length of your alignment/partition!
WARNING: Please only use GTRX with large data and always test for model fit!
Optimizing NNI: done in 0.0047868 secs using 110% CPU
WARNING: GTRX multistate model will estimate 5 substitution rates that might be overfitting for the length of your alignment/partition!
WARNING: Please only use GTRX with large data and always test for model fit!
Optimizing NNI: done in 0.00337169 secs using 110% CPU
WARNING: GTRX multistate model will estimate 5 substitution rates that might be overfitting for the length of your alignment/partition!
WARNING: Please only use GTRX with large data and always test for model fit!
Optimizing NNI: done in 0.00299077 secs using 110% CPU
WARNING: GTRX multistate model will estimate 5 substitution rates that might be overfitting for the length of your alignment/partition!
WARNING: Please only use GTRX with large data and always test for model fit!
Optimizing NNI: done in 0.00293471 secs using 109.9% CPU
WARNING: GTRX multistate model will estimate 5 substitution rates that might be overfitting for the length of your alignment/partition!
WARNING: Please only use GTRX with large data and always test for model fit!
Optimizing NNI: done in 0.00554564 secs using 110% CPU
WARNING: GTRX multistate model will estimate 5 substitution rates that might be overfitting for the length of your alignment/partition!
WARNING: Please only use GTRX with large data and always test for model fit!
Optimizing NNI: done in 0.00400778 secs using 110% CPU
WARNING: GTRX multistate model will estimate 5 substitution rates that might be overfitting for the length of your alignment/partition!
WARNING: Please only use GTRX with large data and always test for model fit!
Optimizing NNI: done in 0.00252125 secs using 109.8% CPU
WARNING: GTRX multistate model will estimate 5 substitution rates that might be overfitting for the length of your alignment/partition!
WARNING: Please only use GTRX with large data and always test for model fit!
Optimizing NNI: done in 0.0023844 secs using 109.8% CPU
WARNING: GTRX multistate model will estimate 5 substitution rates that might be overfitting for the length of your alignment/partition!
WARNING: Please only use GTRX with large data and always test for model fit!
Optimizing NNI: done in 0.00377315 secs using 109.9% CPU
WARNING: GTRX multistate model will estimate 5 substitution rates that might be overfitting for the length of your alignment/partition!
WARNING: Please only use GTRX with large data and always test for model fit!
Optimizing NNI: done in 0.00587813 secs using 105.1% CPU
WARNING: GTRX multistate model will estimate 5 substitution rates that might be overfitting for the length of your alignment/partition!
WARNING: Please only use GTRX with large data and always test for model fit!
Optimizing NNI: done in 0.00201593 secs using 109.9% CPU
WARNING: GTRX multistate model will estimate 5 substitution rates that might be overfitting for the length of your alignment/partition!
WARNING: Please only use GTRX with large data and always test for model fit!
Optimizing NNI: done in 0.00298704 secs using 109.9% CPU
WARNING: GTRX multistate model will estimate 5 substitution rates that might be overfitting for the length of your alignment/partition!
WARNING: Please only use GTRX with large data and always test for model fit!
Optimizing NNI: done in 0.00687805 secs using 110% CPU
WARNING: GTRX multistate model will estimate 5 substitution rates that might be overfitting for the length of your alignment/partition!
WARNING: Please only use GTRX with large data and always test for model fit!
Optimizing NNI: done in 0.00698764 secs using 109.9% CPU
WARNING: GTRX multistate model will estimate 5 substitution rates that might be overfitting for the length of your alignment/partition!
WARNING: Please only use GTRX with large data and always test for model fit!
Optimizing NNI: done in 0.00809434 secs using 110% CPU
WARNING: GTRX multistate model will estimate 5 substitution rates that might be overfitting for the length of your alignment/partition!
WARNING: Please only use GTRX with large data and always test for model fit!
Optimizing NNI: done in 0.00237468 secs using 110% CPU
WARNING: GTRX multistate model will estimate 5 substitution rates that might be overfitting for the length of your alignment/partition!
WARNING: Please only use GTRX with large data and always test for model fit!
Optimizing NNI: done in 0.00567831 secs using 110% CPU
WARNING: GTRX multistate model will estimate 5 substitution rates that might be overfitting for the length of your alignment/partition!
WARNING: Please only use GTRX with large data and always test for model fit!
Optimizing NNI: done in 0.0108635 secs using 110% CPU
WARNING: GTRX multistate model will estimate 5 substitution rates that might be overfitting for the length of your alignment/partition!
WARNING: Please only use GTRX with large data and always test for model fit!
Optimizing NNI: done in 0.00509475 secs using 110% CPU
WARNING: GTRX multistate model will estimate 5 substitution rates that might be overfitting for the length of your alignment/partition!
WARNING: Please only use GTRX with large data and always test for model fit!
Optimizing NNI: done in 0.00594547 secs using 110% CPU
400 samples done
WARNING: GTRX multistate model will estimate 5 substitution rates that might be overfitting for the length of your alignment/partition!
WARNING: Please only use GTRX with large data and always test for model fit!
Optimizing NNI: done in 0.00382477 secs using 109.9% CPU
WARNING: GTRX multistate model will estimate 5 substitution rates that might be overfitting for the length of your alignment/partition!
WARNING: Please only use GTRX with large data and always test for model fit!
Optimizing NNI: done in 0.00426566 secs using 110% CPU
WARNING: GTRX multistate model will estimate 5 substitution rates that might be overfitting for the length of your alignment/partition!
WARNING: Please only use GTRX with large data and always test for model fit!
Optimizing NNI: done in 0.00756548 secs using 110% CPU
WARNING: GTRX multistate model will estimate 5 substitution rates that might be overfitting for the length of your alignment/partition!
WARNING: Please only use GTRX with large data and always test for model fit!
Optimizing NNI: done in 0.00317723 secs using 110% CPU
WARNING: GTRX multistate model will estimate 5 substitution rates that might be overfitting for the length of your alignment/partition!
WARNING: Please only use GTRX with large data and always test for model fit!
Optimizing NNI: done in 0.00431173 secs using 110% CPU
WARNING: GTRX multistate model will estimate 5 substitution rates that might be overfitting for the length of your alignment/partition!
WARNING: Please only use GTRX with large data and always test for model fit!
Optimizing NNI: done in 0.0058556 secs using 110% CPU
WARNING: GTRX multistate model will estimate 5 substitution rates that might be overfitting for the length of your alignment/partition!
WARNING: Please only use GTRX with large data and always test for model fit!
Optimizing NNI: done in 0.00508076 secs using 110% CPU
WARNING: GTRX multistate model will estimate 5 substitution rates that might be overfitting for the length of your alignment/partition!
WARNING: Please only use GTRX with large data and always test for model fit!
Optimizing NNI: done in 0.0020291 secs using 110% CPU
WARNING: GTRX multistate model will estimate 5 substitution rates that might be overfitting for the length of your alignment/partition!
WARNING: Please only use GTRX with large data and always test for model fit!
Optimizing NNI: done in 0.00490801 secs using 110% CPU
WARNING: GTRX multistate model will estimate 5 substitution rates that might be overfitting for the length of your alignment/partition!
WARNING: Please only use GTRX with large data and always test for model fit!
Optimizing NNI: done in 0.00301694 secs using 110% CPU
WARNING: GTRX multistate model will estimate 5 substitution rates that might be overfitting for the length of your alignment/partition!
WARNING: Please only use GTRX with large data and always test for model fit!
Optimizing NNI: done in 0.00373462 secs using 109.9% CPU
WARNING: GTRX multistate model will estimate 5 substitution rates that might be overfitting for the length of your alignment/partition!
WARNING: Please only use GTRX with large data and always test for model fit!
Optimizing NNI: done in 0.00409865 secs using 110% CPU
WARNING: GTRX multistate model will estimate 5 substitution rates that might be overfitting for the length of your alignment/partition!
WARNING: Please only use GTRX with large data and always test for model fit!
Optimizing NNI: done in 0.00959186 secs using 110% CPU
WARNING: GTRX multistate model will estimate 5 substitution rates that might be overfitting for the length of your alignment/partition!
WARNING: Please only use GTRX with large data and always test for model fit!
Optimizing NNI: done in 0.00325929 secs using 110% CPU
WARNING: GTRX multistate model will estimate 5 substitution rates that might be overfitting for the length of your alignment/partition!
WARNING: Please only use GTRX with large data and always test for model fit!
Optimizing NNI: done in 0.00690195 secs using 110% CPU
WARNING: GTRX multistate model will estimate 5 substitution rates that might be overfitting for the length of your alignment/partition!
WARNING: Please only use GTRX with large data and always test for model fit!
Optimizing NNI: done in 0.00562642 secs using 54.32% CPU
WARNING: GTRX multistate model will estimate 5 substitution rates that might be overfitting for the length of your alignment/partition!
WARNING: Please only use GTRX with large data and always test for model fit!
Optimizing NNI: done in 0.00538589 secs using 70.57% CPU
WARNING: GTRX multistate model will estimate 5 substitution rates that might be overfitting for the length of your alignment/partition!
WARNING: Please only use GTRX with large data and always test for model fit!
Optimizing NNI: done in 0.00375153 secs using 110% CPU
WARNING: GTRX multistate model will estimate 5 substitution rates that might be overfitting for the length of your alignment/partition!
WARNING: Please only use GTRX with large data and always test for model fit!
Optimizing NNI: done in 0.00361159 secs using 109.9% CPU
WARNING: GTRX multistate model will estimate 5 substitution rates that might be overfitting for the length of your alignment/partition!
WARNING: Please only use GTRX with large data and always test for model fit!
Optimizing NNI: done in 0.00541425 secs using 110% CPU
WARNING: GTRX multistate model will estimate 5 substitution rates that might be overfitting for the length of your alignment/partition!
WARNING: Please only use GTRX with large data and always test for model fit!
Optimizing NNI: done in 0.00752095 secs using 110% CPU
WARNING: GTRX multistate model will estimate 5 substitution rates that might be overfitting for the length of your alignment/partition!
WARNING: Please only use GTRX with large data and always test for model fit!
Optimizing NNI: done in 0.00372926 secs using 110% CPU
WARNING: GTRX multistate model will estimate 5 substitution rates that might be overfitting for the length of your alignment/partition!
WARNING: Please only use GTRX with large data and always test for model fit!
Optimizing NNI: done in 0.00546277 secs using 110% CPU
WARNING: GTRX multistate model will estimate 5 substitution rates that might be overfitting for the length of your alignment/partition!
WARNING: Please only use GTRX with large data and always test for model fit!
Optimizing NNI: done in 0.00425112 secs using 110% CPU
WARNING: GTRX multistate model will estimate 5 substitution rates that might be overfitting for the length of your alignment/partition!
WARNING: Please only use GTRX with large data and always test for model fit!
Optimizing NNI: done in 0.00595028 secs using 110% CPU
WARNING: GTRX multistate model will estimate 5 substitution rates that might be overfitting for the length of your alignment/partition!
WARNING: Please only use GTRX with large data and always test for model fit!
Optimizing NNI: done in 0.00448729 secs using 110% CPU
WARNING: GTRX multistate model will estimate 5 substitution rates that might be overfitting for the length of your alignment/partition!
WARNING: Please only use GTRX with large data and always test for model fit!
Optimizing NNI: done in 0.00718964 secs using 105.7% CPU
WARNING: GTRX multistate model will estimate 5 substitution rates that might be overfitting for the length of your alignment/partition!
WARNING: Please only use GTRX with large data and always test for model fit!
Optimizing NNI: done in 0.00328282 secs using 109.9% CPU
WARNING: GTRX multistate model will estimate 5 substitution rates that might be overfitting for the length of your alignment/partition!
WARNING: Please only use GTRX with large data and always test for model fit!
Optimizing NNI: done in 0.00194923 secs using 110% CPU
WARNING: GTRX multistate model will estimate 5 substitution rates that might be overfitting for the length of your alignment/partition!
WARNING: Please only use GTRX with large data and always test for model fit!
Optimizing NNI: done in 0.00241757 secs using 110% CPU
WARNING: GTRX multistate model will estimate 5 substitution rates that might be overfitting for the length of your alignment/partition!
WARNING: Please only use GTRX with large data and always test for model fit!
Optimizing NNI: done in 0.00306774 secs using 109.9% CPU
WARNING: GTRX multistate model will estimate 5 substitution rates that might be overfitting for the length of your alignment/partition!
WARNING: Please only use GTRX with large data and always test for model fit!
Optimizing NNI: done in 0.00395934 secs using 110% CPU
WARNING: GTRX multistate model will estimate 5 substitution rates that might be overfitting for the length of your alignment/partition!
WARNING: Please only use GTRX with large data and always test for model fit!
Optimizing NNI: done in 0.00489202 secs using 110% CPU
WARNING: GTRX multistate model will estimate 5 substitution rates that might be overfitting for the length of your alignment/partition!
WARNING: Please only use GTRX with large data and always test for model fit!
Optimizing NNI: done in 0.00414817 secs using 110% CPU
WARNING: GTRX multistate model will estimate 5 substitution rates that might be overfitting for the length of your alignment/partition!
WARNING: Please only use GTRX with large data and always test for model fit!
Optimizing NNI: done in 0.00547749 secs using 110% CPU
WARNING: GTRX multistate model will estimate 5 substitution rates that might be overfitting for the length of your alignment/partition!
WARNING: Please only use GTRX with large data and always test for model fit!
Optimizing NNI: done in 0.00530729 secs using 110% CPU
WARNING: GTRX multistate model will estimate 5 substitution rates that might be overfitting for the length of your alignment/partition!
WARNING: Please only use GTRX with large data and always test for model fit!
Optimizing NNI: done in 0.00578208 secs using 110% CPU
WARNING: GTRX multistate model will estimate 5 substitution rates that might be overfitting for the length of your alignment/partition!
WARNING: Please only use GTRX with large data and always test for model fit!
Optimizing NNI: done in 0.00208108 secs using 109.9% CPU
WARNING: GTRX multistate model will estimate 5 substitution rates that might be overfitting for the length of your alignment/partition!
WARNING: Please only use GTRX with large data and always test for model fit!
Optimizing NNI: done in 0.00351881 secs using 110% CPU
WARNING: GTRX multistate model will estimate 5 substitution rates that might be overfitting for the length of your alignment/partition!
WARNING: Please only use GTRX with large data and always test for model fit!
Optimizing NNI: done in 0.00443477 secs using 110% CPU
WARNING: GTRX multistate model will estimate 5 substitution rates that might be overfitting for the length of your alignment/partition!
WARNING: Please only use GTRX with large data and always test for model fit!
Optimizing NNI: done in 0.00265437 secs using 110% CPU
WARNING: GTRX multistate model will estimate 5 substitution rates that might be overfitting for the length of your alignment/partition!
WARNING: Please only use GTRX with large data and always test for model fit!
Optimizing NNI: done in 0.00669841 secs using 110% CPU
WARNING: GTRX multistate model will estimate 5 substitution rates that might be overfitting for the length of your alignment/partition!
WARNING: Please only use GTRX with large data and always test for model fit!
Optimizing NNI: done in 0.00560025 secs using 110% CPU
WARNING: GTRX multistate model will estimate 5 substitution rates that might be overfitting for the length of your alignment/partition!
WARNING: Please only use GTRX with large data and always test for model fit!
Optimizing NNI: done in 0.00436326 secs using 110% CPU
WARNING: GTRX multistate model will estimate 5 substitution rates that might be overfitting for the length of your alignment/partition!
WARNING: Please only use GTRX with large data and always test for model fit!
Optimizing NNI: done in 0.00686997 secs using 108% CPU
WARNING: GTRX multistate model will estimate 5 substitution rates that might be overfitting for the length of your alignment/partition!
WARNING: Please only use GTRX with large data and always test for model fit!
Optimizing NNI: done in 0.00393136 secs using 109.9% CPU
WARNING: GTRX multistate model will estimate 5 substitution rates that might be overfitting for the length of your alignment/partition!
WARNING: Please only use GTRX with large data and always test for model fit!
Optimizing NNI: done in 0.00754876 secs using 110% CPU
WARNING: GTRX multistate model will estimate 5 substitution rates that might be overfitting for the length of your alignment/partition!
WARNING: Please only use GTRX with large data and always test for model fit!
Optimizing NNI: done in 0.00337869 secs using 110% CPU
WARNING: GTRX multistate model will estimate 5 substitution rates that might be overfitting for the length of your alignment/partition!
WARNING: Please only use GTRX with large data and always test for model fit!
Optimizing NNI: done in 0.006581 secs using 110% CPU
WARNING: GTRX multistate model will estimate 5 substitution rates that might be overfitting for the length of your alignment/partition!
WARNING: Please only use GTRX with large data and always test for model fit!
Optimizing NNI: done in 0.00311163 secs using 110% CPU
WARNING: GTRX multistate model will estimate 5 substitution rates that might be overfitting for the length of your alignment/partition!
WARNING: Please only use GTRX with large data and always test for model fit!
Optimizing NNI: done in 0.00283157 secs using 110% CPU
WARNING: GTRX multistate model will estimate 5 substitution rates that might be overfitting for the length of your alignment/partition!
WARNING: Please only use GTRX with large data and always test for model fit!
Optimizing NNI: done in 0.00299622 secs using 109.9% CPU
WARNING: GTRX multistate model will estimate 5 substitution rates that might be overfitting for the length of your alignment/partition!
WARNING: Please only use GTRX with large data and always test for model fit!
Optimizing NNI: done in 0.00775403 secs using 110% CPU
WARNING: GTRX multistate model will estimate 5 substitution rates that might be overfitting for the length of your alignment/partition!
WARNING: Please only use GTRX with large data and always test for model fit!
Optimizing NNI: done in 0.00345911 secs using 110% CPU
WARNING: GTRX multistate model will estimate 5 substitution rates that might be overfitting for the length of your alignment/partition!
WARNING: Please only use GTRX with large data and always test for model fit!
Optimizing NNI: done in 0.00213124 secs using 109.9% CPU
WARNING: GTRX multistate model will estimate 5 substitution rates that might be overfitting for the length of your alignment/partition!
WARNING: Please only use GTRX with large data and always test for model fit!
Optimizing NNI: done in 0.00306719 secs using 110% CPU
WARNING: GTRX multistate model will estimate 5 substitution rates that might be overfitting for the length of your alignment/partition!
WARNING: Please only use GTRX with large data and always test for model fit!
Optimizing NNI: done in 0.00303339 secs using 109.6% CPU
WARNING: GTRX multistate model will estimate 5 substitution rates that might be overfitting for the length of your alignment/partition!
WARNING: Please only use GTRX with large data and always test for model fit!
Optimizing NNI: done in 0.00384458 secs using 110% CPU
WARNING: GTRX multistate model will estimate 5 substitution rates that might be overfitting for the length of your alignment/partition!
WARNING: Please only use GTRX with large data and always test for model fit!
Optimizing NNI: done in 0.00326265 secs using 110% CPU
WARNING: GTRX multistate model will estimate 5 substitution rates that might be overfitting for the length of your alignment/partition!
WARNING: Please only use GTRX with large data and always test for model fit!
Optimizing NNI: done in 0.00689141 secs using 110% CPU
WARNING: GTRX multistate model will estimate 5 substitution rates that might be overfitting for the length of your alignment/partition!
WARNING: Please only use GTRX with large data and always test for model fit!
Optimizing NNI: done in 0.00626424 secs using 110% CPU
WARNING: GTRX multistate model will estimate 5 substitution rates that might be overfitting for the length of your alignment/partition!
WARNING: Please only use GTRX with large data and always test for model fit!
Optimizing NNI: done in 0.00523387 secs using 110% CPU
WARNING: GTRX multistate model will estimate 5 substitution rates that might be overfitting for the length of your alignment/partition!
WARNING: Please only use GTRX with large data and always test for model fit!
Optimizing NNI: done in 0.00269835 secs using 110% CPU
WARNING: GTRX multistate model will estimate 5 substitution rates that might be overfitting for the length of your alignment/partition!
WARNING: Please only use GTRX with large data and always test for model fit!
Optimizing NNI: done in 0.00627423 secs using 105.2% CPU
WARNING: GTRX multistate model will estimate 5 substitution rates that might be overfitting for the length of your alignment/partition!
WARNING: Please only use GTRX with large data and always test for model fit!
Optimizing NNI: done in 0.00571384 secs using 109.6% CPU
WARNING: GTRX multistate model will estimate 5 substitution rates that might be overfitting for the length of your alignment/partition!
WARNING: Please only use GTRX with large data and always test for model fit!
Optimizing NNI: done in 0.0052594 secs using 110% CPU
WARNING: GTRX multistate model will estimate 5 substitution rates that might be overfitting for the length of your alignment/partition!
WARNING: Please only use GTRX with large data and always test for model fit!
Optimizing NNI: done in 0.00587759 secs using 109.9% CPU
WARNING: GTRX multistate model will estimate 5 substitution rates that might be overfitting for the length of your alignment/partition!
WARNING: Please only use GTRX with large data and always test for model fit!
Optimizing NNI: done in 0.00344157 secs using 109.9% CPU
WARNING: GTRX multistate model will estimate 5 substitution rates that might be overfitting for the length of your alignment/partition!
WARNING: Please only use GTRX with large data and always test for model fit!
Optimizing NNI: done in 0.00909262 secs using 110% CPU
WARNING: GTRX multistate model will estimate 5 substitution rates that might be overfitting for the length of your alignment/partition!
WARNING: Please only use GTRX with large data and always test for model fit!
Optimizing NNI: done in 0.00482914 secs using 105.2% CPU
WARNING: GTRX multistate model will estimate 5 substitution rates that might be overfitting for the length of your alignment/partition!
WARNING: Please only use GTRX with large data and always test for model fit!
Optimizing NNI: done in 0.00240367 secs
WARNING: GTRX multistate model will estimate 5 substitution rates that might be overfitting for the length of your alignment/partition!
WARNING: Please only use GTRX with large data and always test for model fit!
Optimizing NNI: done in 0.00198358 secs using 105.2% CPU
WARNING: GTRX multistate model will estimate 5 substitution rates that might be overfitting for the length of your alignment/partition!
WARNING: Please only use GTRX with large data and always test for model fit!
Optimizing NNI: done in 0.00483387 secs using 108.4% CPU
WARNING: GTRX multistate model will estimate 5 substitution rates that might be overfitting for the length of your alignment/partition!
WARNING: Please only use GTRX with large data and always test for model fit!
Optimizing NNI: done in 0.0136722 secs using 109.8% CPU
WARNING: GTRX multistate model will estimate 5 substitution rates that might be overfitting for the length of your alignment/partition!
WARNING: Please only use GTRX with large data and always test for model fit!
Optimizing NNI: done in 0.00608868 secs using 109.9% CPU
WARNING: GTRX multistate model will estimate 5 substitution rates that might be overfitting for the length of your alignment/partition!
WARNING: Please only use GTRX with large data and always test for model fit!
Optimizing NNI: done in 0.00440088 secs
WARNING: GTRX multistate model will estimate 5 substitution rates that might be overfitting for the length of your alignment/partition!
WARNING: Please only use GTRX with large data and always test for model fit!
Optimizing NNI: done in 0.00378724 secs using 99.94% CPU
WARNING: GTRX multistate model will estimate 5 substitution rates that might be overfitting for the length of your alignment/partition!
WARNING: Please only use GTRX with large data and always test for model fit!
Optimizing NNI: done in 0.00533101 secs using 108.6% CPU
WARNING: GTRX multistate model will estimate 5 substitution rates that might be overfitting for the length of your alignment/partition!
WARNING: Please only use GTRX with large data and always test for model fit!
Optimizing NNI: done in 0.00527276 secs using 110% CPU
WARNING: GTRX multistate model will estimate 5 substitution rates that might be overfitting for the length of your alignment/partition!
WARNING: Please only use GTRX with large data and always test for model fit!
Optimizing NNI: done in 0.00227191 secs using 110% CPU
WARNING: GTRX multistate model will estimate 5 substitution rates that might be overfitting for the length of your alignment/partition!
WARNING: Please only use GTRX with large data and always test for model fit!
Optimizing NNI: done in 0.0035468 secs using 109.9% CPU
WARNING: GTRX multistate model will estimate 5 substitution rates that might be overfitting for the length of your alignment/partition!
WARNING: Please only use GTRX with large data and always test for model fit!
Optimizing NNI: done in 0.00329409 secs using 110% CPU
WARNING: GTRX multistate model will estimate 5 substitution rates that might be overfitting for the length of your alignment/partition!
WARNING: Please only use GTRX with large data and always test for model fit!
Optimizing NNI: done in 0.00444949 secs using 106.1% CPU
WARNING: GTRX multistate model will estimate 5 substitution rates that might be overfitting for the length of your alignment/partition!
WARNING: Please only use GTRX with large data and always test for model fit!
Optimizing NNI: done in 0.00539753 secs using 110% CPU
WARNING: GTRX multistate model will estimate 5 substitution rates that might be overfitting for the length of your alignment/partition!
WARNING: Please only use GTRX with large data and always test for model fit!
Optimizing NNI: done in 0.00699319 secs using 110% CPU
WARNING: GTRX multistate model will estimate 5 substitution rates that might be overfitting for the length of your alignment/partition!
WARNING: Please only use GTRX with large data and always test for model fit!
Optimizing NNI: done in 0.00388265 secs using 105.1% CPU
WARNING: GTRX multistate model will estimate 5 substitution rates that might be overfitting for the length of your alignment/partition!
WARNING: Please only use GTRX with large data and always test for model fit!
Optimizing NNI: done in 0.00468166 secs using 109.6% CPU
WARNING: GTRX multistate model will estimate 5 substitution rates that might be overfitting for the length of your alignment/partition!
WARNING: Please only use GTRX with large data and always test for model fit!
Optimizing NNI: done in 0.0060038 secs using 109% CPU
WARNING: GTRX multistate model will estimate 5 substitution rates that might be overfitting for the length of your alignment/partition!
WARNING: Please only use GTRX with large data and always test for model fit!
Optimizing NNI: done in 0.0045161 secs using 109.4% CPU
WARNING: GTRX multistate model will estimate 5 substitution rates that might be overfitting for the length of your alignment/partition!
WARNING: Please only use GTRX with large data and always test for model fit!
Optimizing NNI: done in 0.00421914 secs using 110% CPU
WARNING: GTRX multistate model will estimate 5 substitution rates that might be overfitting for the length of your alignment/partition!
WARNING: Please only use GTRX with large data and always test for model fit!
Optimizing NNI: done in 0.00395943 secs using 109.9% CPU
WARNING: GTRX multistate model will estimate 5 substitution rates that might be overfitting for the length of your alignment/partition!
WARNING: Please only use GTRX with large data and always test for model fit!
Optimizing NNI: done in 0.00737665 secs using 110% CPU
WARNING: GTRX multistate model will estimate 5 substitution rates that might be overfitting for the length of your alignment/partition!
WARNING: Please only use GTRX with large data and always test for model fit!
Optimizing NNI: done in 0.00861938 secs using 110% CPU
WARNING: GTRX multistate model will estimate 5 substitution rates that might be overfitting for the length of your alignment/partition!
WARNING: Please only use GTRX with large data and always test for model fit!
Optimizing NNI: done in 0.00195505 secs using 110% CPU
WARNING: GTRX multistate model will estimate 5 substitution rates that might be overfitting for the length of your alignment/partition!
WARNING: Please only use GTRX with large data and always test for model fit!
Optimizing NNI: done in 0.00307328 secs using 105.1% CPU
WARNING: GTRX multistate model will estimate 5 substitution rates that might be overfitting for the length of your alignment/partition!
WARNING: Please only use GTRX with large data and always test for model fit!
Optimizing NNI: done in 0.00951698 secs using 51.32% CPU
WARNING: GTRX multistate model will estimate 5 substitution rates that might be overfitting for the length of your alignment/partition!
WARNING: Please only use GTRX with large data and always test for model fit!
Optimizing NNI: done in 0.00501678 secs using 110% CPU
WARNING: GTRX multistate model will estimate 5 substitution rates that might be overfitting for the length of your alignment/partition!
WARNING: Please only use GTRX with large data and always test for model fit!
Optimizing NNI: done in 0.00389592 secs using 110% CPU
WARNING: GTRX multistate model will estimate 5 substitution rates that might be overfitting for the length of your alignment/partition!
WARNING: Please only use GTRX with large data and always test for model fit!
Optimizing NNI: done in 0.0020709 secs using 109.9% CPU
WARNING: GTRX multistate model will estimate 5 substitution rates that might be overfitting for the length of your alignment/partition!
WARNING: Please only use GTRX with large data and always test for model fit!
Optimizing NNI: done in 0.00244347 secs using 110% CPU
500 samples done
WARNING: GTRX multistate model will estimate 5 substitution rates that might be overfitting for the length of your alignment/partition!
WARNING: Please only use GTRX with large data and always test for model fit!
Optimizing NNI: done in 0.00489438 secs using 110% CPU
WARNING: GTRX multistate model will estimate 5 substitution rates that might be overfitting for the length of your alignment/partition!
WARNING: Please only use GTRX with large data and always test for model fit!
Optimizing NNI: done in 0.00660027 secs using 110% CPU
WARNING: GTRX multistate model will estimate 5 substitution rates that might be overfitting for the length of your alignment/partition!
WARNING: Please only use GTRX with large data and always test for model fit!
Optimizing NNI: done in 0.00451246 secs using 110% CPU
WARNING: GTRX multistate model will estimate 5 substitution rates that might be overfitting for the length of your alignment/partition!
WARNING: Please only use GTRX with large data and always test for model fit!
Optimizing NNI: done in 0.00550821 secs using 110% CPU
WARNING: GTRX multistate model will estimate 5 substitution rates that might be overfitting for the length of your alignment/partition!
WARNING: Please only use GTRX with large data and always test for model fit!
Optimizing NNI: done in 0.00297859 secs
WARNING: GTRX multistate model will estimate 5 substitution rates that might be overfitting for the length of your alignment/partition!
WARNING: Please only use GTRX with large data and always test for model fit!
Optimizing NNI: done in 0.00732031 secs using 61.65% CPU
WARNING: GTRX multistate model will estimate 5 substitution rates that might be overfitting for the length of your alignment/partition!
WARNING: Please only use GTRX with large data and always test for model fit!
Optimizing NNI: done in 0.00402322 secs using 110% CPU
WARNING: GTRX multistate model will estimate 5 substitution rates that might be overfitting for the length of your alignment/partition!
WARNING: Please only use GTRX with large data and always test for model fit!
Optimizing NNI: done in 0.00312453 secs using 110% CPU
WARNING: GTRX multistate model will estimate 5 substitution rates that might be overfitting for the length of your alignment/partition!
WARNING: Please only use GTRX with large data and always test for model fit!
Optimizing NNI: done in 0.00647405 secs using 110% CPU
WARNING: GTRX multistate model will estimate 5 substitution rates that might be overfitting for the length of your alignment/partition!
WARNING: Please only use GTRX with large data and always test for model fit!
Optimizing NNI: done in 0.00176077 secs using 110% CPU
WARNING: GTRX multistate model will estimate 5 substitution rates that might be overfitting for the length of your alignment/partition!
WARNING: Please only use GTRX with large data and always test for model fit!
Optimizing NNI: done in 0.00500288 secs using 63.42% CPU
WARNING: GTRX multistate model will estimate 5 substitution rates that might be overfitting for the length of your alignment/partition!
WARNING: Please only use GTRX with large data and always test for model fit!
Optimizing NNI: done in 0.00772922 secs using 71.17% CPU
WARNING: GTRX multistate model will estimate 5 substitution rates that might be overfitting for the length of your alignment/partition!
WARNING: Please only use GTRX with large data and always test for model fit!
Optimizing NNI: done in 0.0035318 secs using 110% CPU
WARNING: GTRX multistate model will estimate 5 substitution rates that might be overfitting for the length of your alignment/partition!
WARNING: Please only use GTRX with large data and always test for model fit!
Optimizing NNI: done in 0.0024212 secs using 109.9% CPU
WARNING: GTRX multistate model will estimate 5 substitution rates that might be overfitting for the length of your alignment/partition!
WARNING: Please only use GTRX with large data and always test for model fit!
Optimizing NNI: done in 0.0040901 secs using 110% CPU
WARNING: GTRX multistate model will estimate 5 substitution rates that might be overfitting for the length of your alignment/partition!
WARNING: Please only use GTRX with large data and always test for model fit!
Optimizing NNI: done in 0.00635338 secs using 110% CPU
WARNING: GTRX multistate model will estimate 5 substitution rates that might be overfitting for the length of your alignment/partition!
WARNING: Please only use GTRX with large data and always test for model fit!
Optimizing NNI: done in 0.00746834 secs using 110% CPU
WARNING: GTRX multistate model will estimate 5 substitution rates that might be overfitting for the length of your alignment/partition!
WARNING: Please only use GTRX with large data and always test for model fit!
Optimizing NNI: done in 0.00298541 secs using 109.9% CPU
WARNING: GTRX multistate model will estimate 5 substitution rates that might be overfitting for the length of your alignment/partition!
WARNING: Please only use GTRX with large data and always test for model fit!
Optimizing NNI: done in 0.00870952 secs using 110% CPU
WARNING: GTRX multistate model will estimate 5 substitution rates that might be overfitting for the length of your alignment/partition!
WARNING: Please only use GTRX with large data and always test for model fit!
Optimizing NNI: done in 0.00553374 secs using 110% CPU
WARNING: GTRX multistate model will estimate 5 substitution rates that might be overfitting for the length of your alignment/partition!
WARNING: Please only use GTRX with large data and always test for model fit!
Optimizing NNI: done in 0.00471874 secs using 109.9% CPU
WARNING: GTRX multistate model will estimate 5 substitution rates that might be overfitting for the length of your alignment/partition!
WARNING: Please only use GTRX with large data and always test for model fit!
Optimizing NNI: done in 0.00407811 secs using 110% CPU
WARNING: GTRX multistate model will estimate 5 substitution rates that might be overfitting for the length of your alignment/partition!
WARNING: Please only use GTRX with large data and always test for model fit!
Optimizing NNI: done in 0.00403976 secs using 110% CPU
WARNING: GTRX multistate model will estimate 5 substitution rates that might be overfitting for the length of your alignment/partition!
WARNING: Please only use GTRX with large data and always test for model fit!
Optimizing NNI: done in 0.00474309 secs using 109.9% CPU
WARNING: GTRX multistate model will estimate 5 substitution rates that might be overfitting for the length of your alignment/partition!
WARNING: Please only use GTRX with large data and always test for model fit!
Optimizing NNI: done in 0.0043569 secs using 110% CPU
WARNING: GTRX multistate model will estimate 5 substitution rates that might be overfitting for the length of your alignment/partition!
WARNING: Please only use GTRX with large data and always test for model fit!
Optimizing NNI: done in 0.00544987 secs using 110% CPU
WARNING: GTRX multistate model will estimate 5 substitution rates that might be overfitting for the length of your alignment/partition!
WARNING: Please only use GTRX with large data and always test for model fit!
Optimizing NNI: done in 0.00328573 secs using 110% CPU
WARNING: GTRX multistate model will estimate 5 substitution rates that might be overfitting for the length of your alignment/partition!
WARNING: Please only use GTRX with large data and always test for model fit!
Optimizing NNI: done in 0.00578654 secs using 110% CPU
WARNING: GTRX multistate model will estimate 5 substitution rates that might be overfitting for the length of your alignment/partition!
WARNING: Please only use GTRX with large data and always test for model fit!
Optimizing NNI: done in 0.00607068 secs using 109.9% CPU
WARNING: GTRX multistate model will estimate 5 substitution rates that might be overfitting for the length of your alignment/partition!
WARNING: Please only use GTRX with large data and always test for model fit!
Optimizing NNI: done in 0.00495263 secs using 109.5% CPU
WARNING: GTRX multistate model will estimate 5 substitution rates that might be overfitting for the length of your alignment/partition!
WARNING: Please only use GTRX with large data and always test for model fit!
Optimizing NNI: done in 0.00285047 secs using 109.9% CPU
WARNING: GTRX multistate model will estimate 5 substitution rates that might be overfitting for the length of your alignment/partition!
WARNING: Please only use GTRX with large data and always test for model fit!
Optimizing NNI: done in 0.00262938 secs using 109.9% CPU
WARNING: GTRX multistate model will estimate 5 substitution rates that might be overfitting for the length of your alignment/partition!
WARNING: Please only use GTRX with large data and always test for model fit!
Optimizing NNI: done in 0.00545505 secs using 110% CPU
WARNING: GTRX multistate model will estimate 5 substitution rates that might be overfitting for the length of your alignment/partition!
WARNING: Please only use GTRX with large data and always test for model fit!
Optimizing NNI: done in 0.00908344 secs using 110% CPU
WARNING: GTRX multistate model will estimate 5 substitution rates that might be overfitting for the length of your alignment/partition!
WARNING: Please only use GTRX with large data and always test for model fit!
Optimizing NNI: done in 0.00605333 secs using 110% CPU
WARNING: GTRX multistate model will estimate 5 substitution rates that might be overfitting for the length of your alignment/partition!
WARNING: Please only use GTRX with large data and always test for model fit!
Optimizing NNI: done in 0.00533374 secs using 110% CPU
WARNING: GTRX multistate model will estimate 5 substitution rates that might be overfitting for the length of your alignment/partition!
WARNING: Please only use GTRX with large data and always test for model fit!
Optimizing NNI: done in 0.00559326 secs using 110% CPU
WARNING: GTRX multistate model will estimate 5 substitution rates that might be overfitting for the length of your alignment/partition!
WARNING: Please only use GTRX with large data and always test for model fit!
Optimizing NNI: done in 0.00522424 secs using 110% CPU
WARNING: GTRX multistate model will estimate 5 substitution rates that might be overfitting for the length of your alignment/partition!
WARNING: Please only use GTRX with large data and always test for model fit!
Optimizing NNI: done in 0.00524896 secs using 110% CPU
WARNING: GTRX multistate model will estimate 5 substitution rates that might be overfitting for the length of your alignment/partition!
WARNING: Please only use GTRX with large data and always test for model fit!
Optimizing NNI: done in 0.00541152 secs using 110% CPU
WARNING: GTRX multistate model will estimate 5 substitution rates that might be overfitting for the length of your alignment/partition!
WARNING: Please only use GTRX with large data and always test for model fit!
Optimizing NNI: done in 0.00769606 secs using 110% CPU
WARNING: GTRX multistate model will estimate 5 substitution rates that might be overfitting for the length of your alignment/partition!
WARNING: Please only use GTRX with large data and always test for model fit!
Optimizing NNI: done in 0.00647096 secs using 110% CPU
WARNING: GTRX multistate model will estimate 5 substitution rates that might be overfitting for the length of your alignment/partition!
WARNING: Please only use GTRX with large data and always test for model fit!
Optimizing NNI: done in 0.00707778 secs using 110% CPU
WARNING: GTRX multistate model will estimate 5 substitution rates that might be overfitting for the length of your alignment/partition!
WARNING: Please only use GTRX with large data and always test for model fit!
Optimizing NNI: done in 0.00837585 secs using 110% CPU
WARNING: GTRX multistate model will estimate 5 substitution rates that might be overfitting for the length of your alignment/partition!
WARNING: Please only use GTRX with large data and always test for model fit!
Optimizing NNI: done in 0.00367002 secs using 110% CPU
WARNING: GTRX multistate model will estimate 5 substitution rates that might be overfitting for the length of your alignment/partition!
WARNING: Please only use GTRX with large data and always test for model fit!
Optimizing NNI: done in 0.00534809 secs using 110% CPU
WARNING: GTRX multistate model will estimate 5 substitution rates that might be overfitting for the length of your alignment/partition!
WARNING: Please only use GTRX with large data and always test for model fit!
Optimizing NNI: done in 0.00577536 secs using 110% CPU
WARNING: GTRX multistate model will estimate 5 substitution rates that might be overfitting for the length of your alignment/partition!
WARNING: Please only use GTRX with large data and always test for model fit!
Optimizing NNI: done in 0.00743544 secs using 109.9% CPU
WARNING: GTRX multistate model will estimate 5 substitution rates that might be overfitting for the length of your alignment/partition!
WARNING: Please only use GTRX with large data and always test for model fit!
Optimizing NNI: done in 0.00730059 secs using 109.9% CPU
WARNING: GTRX multistate model will estimate 5 substitution rates that might be overfitting for the length of your alignment/partition!
WARNING: Please only use GTRX with large data and always test for model fit!
Optimizing NNI: done in 0.0103131 secs using 110% CPU
WARNING: GTRX multistate model will estimate 5 substitution rates that might be overfitting for the length of your alignment/partition!
WARNING: Please only use GTRX with large data and always test for model fit!
Optimizing NNI: done in 0.00696338 secs using 109.9% CPU
WARNING: GTRX multistate model will estimate 5 substitution rates that might be overfitting for the length of your alignment/partition!
WARNING: Please only use GTRX with large data and always test for model fit!
Optimizing NNI: done in 0.00942084 secs using 110% CPU
WARNING: GTRX multistate model will estimate 5 substitution rates that might be overfitting for the length of your alignment/partition!
WARNING: Please only use GTRX with large data and always test for model fit!
Optimizing NNI: done in 0.00755594 secs using 110% CPU
WARNING: GTRX multistate model will estimate 5 substitution rates that might be overfitting for the length of your alignment/partition!
WARNING: Please only use GTRX with large data and always test for model fit!
Optimizing NNI: done in 0.00452073 secs using 109.9% CPU
WARNING: GTRX multistate model will estimate 5 substitution rates that might be overfitting for the length of your alignment/partition!
WARNING: Please only use GTRX with large data and always test for model fit!
Optimizing NNI: done in 0.00236832 secs using 109.9% CPU
WARNING: GTRX multistate model will estimate 5 substitution rates that might be overfitting for the length of your alignment/partition!
WARNING: Please only use GTRX with large data and always test for model fit!
Optimizing NNI: done in 0.00558835 secs using 110% CPU
WARNING: GTRX multistate model will estimate 5 substitution rates that might be overfitting for the length of your alignment/partition!
WARNING: Please only use GTRX with large data and always test for model fit!
Optimizing NNI: done in 0.00904192 secs using 110% CPU
WARNING: GTRX multistate model will estimate 5 substitution rates that might be overfitting for the length of your alignment/partition!
WARNING: Please only use GTRX with large data and always test for model fit!
Optimizing NNI: done in 0.00657392 secs using 110% CPU
WARNING: GTRX multistate model will estimate 5 substitution rates that might be overfitting for the length of your alignment/partition!
WARNING: Please only use GTRX with large data and always test for model fit!
Optimizing NNI: done in 0.00769061 secs using 110% CPU
WARNING: GTRX multistate model will estimate 5 substitution rates that might be overfitting for the length of your alignment/partition!
WARNING: Please only use GTRX with large data and always test for model fit!
Optimizing NNI: done in 0.00525768 secs using 110% CPU
WARNING: GTRX multistate model will estimate 5 substitution rates that might be overfitting for the length of your alignment/partition!
WARNING: Please only use GTRX with large data and always test for model fit!
Optimizing NNI: done in 0.00611094 secs
WARNING: GTRX multistate model will estimate 5 substitution rates that might be overfitting for the length of your alignment/partition!
WARNING: Please only use GTRX with large data and always test for model fit!
Optimizing NNI: done in 0.0102875 secs using 106.3% CPU
WARNING: GTRX multistate model will estimate 5 substitution rates that might be overfitting for the length of your alignment/partition!
WARNING: Please only use GTRX with large data and always test for model fit!
Optimizing NNI: done in 0.00318196 secs using 109.9% CPU
WARNING: GTRX multistate model will estimate 5 substitution rates that might be overfitting for the length of your alignment/partition!
WARNING: Please only use GTRX with large data and always test for model fit!
Optimizing NNI: done in 0.00770551 secs using 110% CPU
WARNING: GTRX multistate model will estimate 5 substitution rates that might be overfitting for the length of your alignment/partition!
WARNING: Please only use GTRX with large data and always test for model fit!
Optimizing NNI: done in 0.00512874 secs using 110% CPU
WARNING: GTRX multistate model will estimate 5 substitution rates that might be overfitting for the length of your alignment/partition!
WARNING: Please only use GTRX with large data and always test for model fit!
Optimizing NNI: done in 0.00376924 secs using 109.9% CPU
WARNING: GTRX multistate model will estimate 5 substitution rates that might be overfitting for the length of your alignment/partition!
WARNING: Please only use GTRX with large data and always test for model fit!
Optimizing NNI: done in 0.00250126 secs using 109.9% CPU
WARNING: GTRX multistate model will estimate 5 substitution rates that might be overfitting for the length of your alignment/partition!
WARNING: Please only use GTRX with large data and always test for model fit!
Optimizing NNI: done in 0.00459079 secs using 110% CPU
WARNING: GTRX multistate model will estimate 5 substitution rates that might be overfitting for the length of your alignment/partition!
WARNING: Please only use GTRX with large data and always test for model fit!
Optimizing NNI: done in 0.00366102 secs using 110% CPU
WARNING: GTRX multistate model will estimate 5 substitution rates that might be overfitting for the length of your alignment/partition!
WARNING: Please only use GTRX with large data and always test for model fit!
Optimizing NNI: done in 0.00430783 secs using 109.9% CPU
WARNING: GTRX multistate model will estimate 5 substitution rates that might be overfitting for the length of your alignment/partition!
WARNING: Please only use GTRX with large data and always test for model fit!
Optimizing NNI: done in 0.00545586 secs using 110% CPU
WARNING: GTRX multistate model will estimate 5 substitution rates that might be overfitting for the length of your alignment/partition!
WARNING: Please only use GTRX with large data and always test for model fit!
Optimizing NNI: done in 0.0064397 secs using 110% CPU
WARNING: GTRX multistate model will estimate 5 substitution rates that might be overfitting for the length of your alignment/partition!
WARNING: Please only use GTRX with large data and always test for model fit!
Optimizing NNI: done in 0.0052923 secs using 110% CPU
WARNING: GTRX multistate model will estimate 5 substitution rates that might be overfitting for the length of your alignment/partition!
WARNING: Please only use GTRX with large data and always test for model fit!
Optimizing NNI: done in 0.0102672 secs using 106.7% CPU
WARNING: GTRX multistate model will estimate 5 substitution rates that might be overfitting for the length of your alignment/partition!
WARNING: Please only use GTRX with large data and always test for model fit!
Optimizing NNI: done in 0.00635519 secs using 110% CPU
WARNING: GTRX multistate model will estimate 5 substitution rates that might be overfitting for the length of your alignment/partition!
WARNING: Please only use GTRX with large data and always test for model fit!
Optimizing NNI: done in 0.00714366 secs using 105.1% CPU
WARNING: GTRX multistate model will estimate 5 substitution rates that might be overfitting for the length of your alignment/partition!
WARNING: Please only use GTRX with large data and always test for model fit!
Optimizing NNI: done in 0.00465504 secs using 11.43% CPU
WARNING: GTRX multistate model will estimate 5 substitution rates that might be overfitting for the length of your alignment/partition!
WARNING: Please only use GTRX with large data and always test for model fit!
Optimizing NNI: done in 0.00390073 secs using 105.6% CPU
WARNING: GTRX multistate model will estimate 5 substitution rates that might be overfitting for the length of your alignment/partition!
WARNING: Please only use GTRX with large data and always test for model fit!
Optimizing NNI: done in 0.00282057 secs using 110% CPU
WARNING: GTRX multistate model will estimate 5 substitution rates that might be overfitting for the length of your alignment/partition!
WARNING: Please only use GTRX with large data and always test for model fit!
Optimizing NNI: done in 0.00376806 secs using 110% CPU
WARNING: GTRX multistate model will estimate 5 substitution rates that might be overfitting for the length of your alignment/partition!
WARNING: Please only use GTRX with large data and always test for model fit!
Optimizing NNI: done in 0.00578236 secs using 110% CPU
WARNING: GTRX multistate model will estimate 5 substitution rates that might be overfitting for the length of your alignment/partition!
WARNING: Please only use GTRX with large data and always test for model fit!
Optimizing NNI: done in 0.00466158 secs using 110% CPU
WARNING: GTRX multistate model will estimate 5 substitution rates that might be overfitting for the length of your alignment/partition!
WARNING: Please only use GTRX with large data and always test for model fit!
Optimizing NNI: done in 0.00327255 secs using 109.9% CPU
WARNING: GTRX multistate model will estimate 5 substitution rates that might be overfitting for the length of your alignment/partition!
WARNING: Please only use GTRX with large data and always test for model fit!
Optimizing NNI: done in 0.00960948 secs using 110% CPU
WARNING: GTRX multistate model will estimate 5 substitution rates that might be overfitting for the length of your alignment/partition!
WARNING: Please only use GTRX with large data and always test for model fit!
Optimizing NNI: done in 0.00412463 secs
WARNING: GTRX multistate model will estimate 5 substitution rates that might be overfitting for the length of your alignment/partition!
WARNING: Please only use GTRX with large data and always test for model fit!
Optimizing NNI: done in 0.00410237 secs using 30.62% CPU
WARNING: GTRX multistate model will estimate 5 substitution rates that might be overfitting for the length of your alignment/partition!
WARNING: Please only use GTRX with large data and always test for model fit!
Optimizing NNI: done in 0.00352735 secs using 107.7% CPU
WARNING: GTRX multistate model will estimate 5 substitution rates that might be overfitting for the length of your alignment/partition!
WARNING: Please only use GTRX with large data and always test for model fit!
Optimizing NNI: done in 0.00485349 secs using 110% CPU
WARNING: GTRX multistate model will estimate 5 substitution rates that might be overfitting for the length of your alignment/partition!
WARNING: Please only use GTRX with large data and always test for model fit!
Optimizing NNI: done in 0.00540098 secs using 110% CPU
WARNING: GTRX multistate model will estimate 5 substitution rates that might be overfitting for the length of your alignment/partition!
WARNING: Please only use GTRX with large data and always test for model fit!
Optimizing NNI: done in 0.00484104 secs using 47.16% CPU
WARNING: GTRX multistate model will estimate 5 substitution rates that might be overfitting for the length of your alignment/partition!
WARNING: Please only use GTRX with large data and always test for model fit!
Optimizing NNI: done in 0.0124786 secs using 108.7% CPU
WARNING: GTRX multistate model will estimate 5 substitution rates that might be overfitting for the length of your alignment/partition!
WARNING: Please only use GTRX with large data and always test for model fit!
Optimizing NNI: done in 0.00302003 secs using 109.9% CPU
WARNING: GTRX multistate model will estimate 5 substitution rates that might be overfitting for the length of your alignment/partition!
WARNING: Please only use GTRX with large data and always test for model fit!
Optimizing NNI: done in 0.00327646 secs using 110% CPU
WARNING: GTRX multistate model will estimate 5 substitution rates that might be overfitting for the length of your alignment/partition!
WARNING: Please only use GTRX with large data and always test for model fit!
Optimizing NNI: done in 0.00839657 secs using 110% CPU
WARNING: GTRX multistate model will estimate 5 substitution rates that might be overfitting for the length of your alignment/partition!
WARNING: Please only use GTRX with large data and always test for model fit!
Optimizing NNI: done in 0.00377279 secs using 109.7% CPU
WARNING: GTRX multistate model will estimate 5 substitution rates that might be overfitting for the length of your alignment/partition!
WARNING: Please only use GTRX with large data and always test for model fit!
Optimizing NNI: done in 0.00257768 secs using 109.9% CPU
WARNING: GTRX multistate model will estimate 5 substitution rates that might be overfitting for the length of your alignment/partition!
WARNING: Please only use GTRX with large data and always test for model fit!
Optimizing NNI: done in 0.00502605 secs using 109.9% CPU
WARNING: GTRX multistate model will estimate 5 substitution rates that might be overfitting for the length of your alignment/partition!
WARNING: Please only use GTRX with large data and always test for model fit!
Optimizing NNI: done in 0.0064875 secs using 110% CPU
WARNING: GTRX multistate model will estimate 5 substitution rates that might be overfitting for the length of your alignment/partition!
WARNING: Please only use GTRX with large data and always test for model fit!
Optimizing NNI: done in 0.00662099 secs using 110% CPU
WARNING: GTRX multistate model will estimate 5 substitution rates that might be overfitting for the length of your alignment/partition!
WARNING: Please only use GTRX with large data and always test for model fit!
Optimizing NNI: done in 0.00266691 secs using 110% CPU
600 samples done
WARNING: GTRX multistate model will estimate 5 substitution rates that might be overfitting for the length of your alignment/partition!
WARNING: Please only use GTRX with large data and always test for model fit!
Optimizing NNI: done in 0.00744753 secs using 110% CPU
WARNING: GTRX multistate model will estimate 5 substitution rates that might be overfitting for the length of your alignment/partition!
WARNING: Please only use GTRX with large data and always test for model fit!
Optimizing NNI: done in 0.00384803 secs using 110% CPU
WARNING: GTRX multistate model will estimate 5 substitution rates that might be overfitting for the length of your alignment/partition!
WARNING: Please only use GTRX with large data and always test for model fit!
Optimizing NNI: done in 0.00957241 secs using 110% CPU
WARNING: GTRX multistate model will estimate 5 substitution rates that might be overfitting for the length of your alignment/partition!
WARNING: Please only use GTRX with large data and always test for model fit!
Optimizing NNI: done in 0.00536463 secs using 110% CPU
WARNING: GTRX multistate model will estimate 5 substitution rates that might be overfitting for the length of your alignment/partition!
WARNING: Please only use GTRX with large data and always test for model fit!
Optimizing NNI: done in 0.00258904 secs using 110% CPU
WARNING: GTRX multistate model will estimate 5 substitution rates that might be overfitting for the length of your alignment/partition!
WARNING: Please only use GTRX with large data and always test for model fit!
Optimizing NNI: done in 0.00278023 secs using 110% CPU
WARNING: GTRX multistate model will estimate 5 substitution rates that might be overfitting for the length of your alignment/partition!
WARNING: Please only use GTRX with large data and always test for model fit!
Optimizing NNI: done in 0.00965374 secs using 110% CPU
WARNING: GTRX multistate model will estimate 5 substitution rates that might be overfitting for the length of your alignment/partition!
WARNING: Please only use GTRX with large data and always test for model fit!
Optimizing NNI: done in 0.00445485 secs using 110% CPU
WARNING: GTRX multistate model will estimate 5 substitution rates that might be overfitting for the length of your alignment/partition!
WARNING: Please only use GTRX with large data and always test for model fit!
Optimizing NNI: done in 0.00483005 secs using 110% CPU
WARNING: GTRX multistate model will estimate 5 substitution rates that might be overfitting for the length of your alignment/partition!
WARNING: Please only use GTRX with large data and always test for model fit!
Optimizing NNI: done in 0.00302585 secs using 110% CPU
WARNING: GTRX multistate model will estimate 5 substitution rates that might be overfitting for the length of your alignment/partition!
WARNING: Please only use GTRX with large data and always test for model fit!
Optimizing NNI: done in 0.00387511 secs using 110% CPU
WARNING: GTRX multistate model will estimate 5 substitution rates that might be overfitting for the length of your alignment/partition!
WARNING: Please only use GTRX with large data and always test for model fit!
Optimizing NNI: done in 0.0034861 secs using 110% CPU
WARNING: GTRX multistate model will estimate 5 substitution rates that might be overfitting for the length of your alignment/partition!
WARNING: Please only use GTRX with large data and always test for model fit!
Optimizing NNI: done in 0.00985747 secs using 110% CPU
WARNING: GTRX multistate model will estimate 5 substitution rates that might be overfitting for the length of your alignment/partition!
WARNING: Please only use GTRX with large data and always test for model fit!
Optimizing NNI: done in 0.0058247 secs using 108.7% CPU
WARNING: GTRX multistate model will estimate 5 substitution rates that might be overfitting for the length of your alignment/partition!
WARNING: Please only use GTRX with large data and always test for model fit!
Optimizing NNI: done in 0.0037448 secs using 110% CPU
WARNING: GTRX multistate model will estimate 5 substitution rates that might be overfitting for the length of your alignment/partition!
WARNING: Please only use GTRX with large data and always test for model fit!
Optimizing NNI: done in 0.00484332 secs
WARNING: GTRX multistate model will estimate 5 substitution rates that might be overfitting for the length of your alignment/partition!
WARNING: Please only use GTRX with large data and always test for model fit!
Optimizing NNI: done in 0.0073981 secs using 105.1% CPU
WARNING: GTRX multistate model will estimate 5 substitution rates that might be overfitting for the length of your alignment/partition!
WARNING: Please only use GTRX with large data and always test for model fit!
Optimizing NNI: done in 0.00307046 secs using 110% CPU
WARNING: GTRX multistate model will estimate 5 substitution rates that might be overfitting for the length of your alignment/partition!
WARNING: Please only use GTRX with large data and always test for model fit!
Optimizing NNI: done in 0.0052147 secs using 109.4% CPU
WARNING: GTRX multistate model will estimate 5 substitution rates that might be overfitting for the length of your alignment/partition!
WARNING: Please only use GTRX with large data and always test for model fit!
Optimizing NNI: done in 0.00773913 secs using 109.7% CPU
WARNING: GTRX multistate model will estimate 5 substitution rates that might be overfitting for the length of your alignment/partition!
WARNING: Please only use GTRX with large data and always test for model fit!
Optimizing NNI: done in 0.0044892 secs using 109.8% CPU
WARNING: GTRX multistate model will estimate 5 substitution rates that might be overfitting for the length of your alignment/partition!
WARNING: Please only use GTRX with large data and always test for model fit!
Optimizing NNI: done in 0.0045937 secs using 110% CPU
WARNING: GTRX multistate model will estimate 5 substitution rates that might be overfitting for the length of your alignment/partition!
WARNING: Please only use GTRX with large data and always test for model fit!
Optimizing NNI: done in 0.00258259 secs using 110% CPU
WARNING: GTRX multistate model will estimate 5 substitution rates that might be overfitting for the length of your alignment/partition!
WARNING: Please only use GTRX with large data and always test for model fit!
Optimizing NNI: done in 0.0090769 secs using 110% CPU
WARNING: GTRX multistate model will estimate 5 substitution rates that might be overfitting for the length of your alignment/partition!
WARNING: Please only use GTRX with large data and always test for model fit!
Optimizing NNI: done in 0.00462387 secs using 110% CPU
WARNING: GTRX multistate model will estimate 5 substitution rates that might be overfitting for the length of your alignment/partition!
WARNING: Please only use GTRX with large data and always test for model fit!
Optimizing NNI: done in 0.0037747 secs using 110% CPU
WARNING: GTRX multistate model will estimate 5 substitution rates that might be overfitting for the length of your alignment/partition!
WARNING: Please only use GTRX with large data and always test for model fit!
Optimizing NNI: done in 0.0048276 secs using 110% CPU
WARNING: GTRX multistate model will estimate 5 substitution rates that might be overfitting for the length of your alignment/partition!
WARNING: Please only use GTRX with large data and always test for model fit!
Optimizing NNI: done in 0.00562588 secs using 109.8% CPU
WARNING: GTRX multistate model will estimate 5 substitution rates that might be overfitting for the length of your alignment/partition!
WARNING: Please only use GTRX with large data and always test for model fit!
Optimizing NNI: done in 0.00550902 secs using 110% CPU
WARNING: GTRX multistate model will estimate 5 substitution rates that might be overfitting for the length of your alignment/partition!
WARNING: Please only use GTRX with large data and always test for model fit!
Optimizing NNI: done in 0.00301858 secs using 110% CPU
WARNING: GTRX multistate model will estimate 5 substitution rates that might be overfitting for the length of your alignment/partition!
WARNING: Please only use GTRX with large data and always test for model fit!
Optimizing NNI: done in 0.00616419 secs using 110% CPU
WARNING: GTRX multistate model will estimate 5 substitution rates that might be overfitting for the length of your alignment/partition!
WARNING: Please only use GTRX with large data and always test for model fit!
Optimizing NNI: done in 0.00369355 secs using 110% CPU
WARNING: GTRX multistate model will estimate 5 substitution rates that might be overfitting for the length of your alignment/partition!
WARNING: Please only use GTRX with large data and always test for model fit!
Optimizing NNI: done in 0.00314452 secs using 110% CPU
WARNING: GTRX multistate model will estimate 5 substitution rates that might be overfitting for the length of your alignment/partition!
WARNING: Please only use GTRX with large data and always test for model fit!
Optimizing NNI: done in 0.00435362 secs using 109.9% CPU
WARNING: GTRX multistate model will estimate 5 substitution rates that might be overfitting for the length of your alignment/partition!
WARNING: Please only use GTRX with large data and always test for model fit!
Optimizing NNI: done in 0.00872606 secs using 107.5% CPU
WARNING: GTRX multistate model will estimate 5 substitution rates that might be overfitting for the length of your alignment/partition!
WARNING: Please only use GTRX with large data and always test for model fit!
Optimizing NNI: done in 0.00536781 secs using 110% CPU
WARNING: GTRX multistate model will estimate 5 substitution rates that might be overfitting for the length of your alignment/partition!
WARNING: Please only use GTRX with large data and always test for model fit!
Optimizing NNI: done in 0.00501806 secs using 110% CPU
WARNING: GTRX multistate model will estimate 5 substitution rates that might be overfitting for the length of your alignment/partition!
WARNING: Please only use GTRX with large data and always test for model fit!
Optimizing NNI: done in 0.00437852 secs using 105.1% CPU
WARNING: GTRX multistate model will estimate 5 substitution rates that might be overfitting for the length of your alignment/partition!
WARNING: Please only use GTRX with large data and always test for model fit!
Optimizing NNI: done in 0.00391491 secs using 105.1% CPU
WARNING: GTRX multistate model will estimate 5 substitution rates that might be overfitting for the length of your alignment/partition!
WARNING: Please only use GTRX with large data and always test for model fit!
Optimizing NNI: done in 0.00785056 secs using 101.3% CPU
WARNING: GTRX multistate model will estimate 5 substitution rates that might be overfitting for the length of your alignment/partition!
WARNING: Please only use GTRX with large data and always test for model fit!
Optimizing NNI: done in 0.00360805 secs using 103.2% CPU
WARNING: GTRX multistate model will estimate 5 substitution rates that might be overfitting for the length of your alignment/partition!
WARNING: Please only use GTRX with large data and always test for model fit!
Optimizing NNI: done in 0.00604852 secs using 103.3% CPU
WARNING: GTRX multistate model will estimate 5 substitution rates that might be overfitting for the length of your alignment/partition!
WARNING: Please only use GTRX with large data and always test for model fit!
Optimizing NNI: done in 0.00565703 secs using 103.3% CPU
WARNING: GTRX multistate model will estimate 5 substitution rates that might be overfitting for the length of your alignment/partition!
WARNING: Please only use GTRX with large data and always test for model fit!
Optimizing NNI: done in 0.00282072 secs using 103.2% CPU
WARNING: GTRX multistate model will estimate 5 substitution rates that might be overfitting for the length of your alignment/partition!
WARNING: Please only use GTRX with large data and always test for model fit!
Optimizing NNI: done in 0.00827359 secs using 39.58% CPU
WARNING: GTRX multistate model will estimate 5 substitution rates that might be overfitting for the length of your alignment/partition!
WARNING: Please only use GTRX with large data and always test for model fit!
Optimizing NNI: done in 0.0107631 secs using 100.2% CPU
WARNING: GTRX multistate model will estimate 5 substitution rates that might be overfitting for the length of your alignment/partition!
WARNING: Please only use GTRX with large data and always test for model fit!
Optimizing NNI: done in 0.00568383 secs using 103.3% CPU
WARNING: GTRX multistate model will estimate 5 substitution rates that might be overfitting for the length of your alignment/partition!
WARNING: Please only use GTRX with large data and always test for model fit!
Optimizing NNI: done in 0.00509999 secs using 103.2% CPU
WARNING: GTRX multistate model will estimate 5 substitution rates that might be overfitting for the length of your alignment/partition!
WARNING: Please only use GTRX with large data and always test for model fit!
Optimizing NNI: done in 0.00678679 secs using 103.3% CPU
WARNING: GTRX multistate model will estimate 5 substitution rates that might be overfitting for the length of your alignment/partition!
WARNING: Please only use GTRX with large data and always test for model fit!
Optimizing NNI: done in 0.00740595 secs using 103.3% CPU
WARNING: GTRX multistate model will estimate 5 substitution rates that might be overfitting for the length of your alignment/partition!
WARNING: Please only use GTRX with large data and always test for model fit!
Optimizing NNI: done in 0.00651267 secs using 103.3% CPU
WARNING: GTRX multistate model will estimate 5 substitution rates that might be overfitting for the length of your alignment/partition!
WARNING: Please only use GTRX with large data and always test for model fit!
Optimizing NNI: done in 0.00321947 secs using 103.3% CPU
WARNING: GTRX multistate model will estimate 5 substitution rates that might be overfitting for the length of your alignment/partition!
WARNING: Please only use GTRX with large data and always test for model fit!
Optimizing NNI: done in 0.00307539 secs using 103% CPU
WARNING: GTRX multistate model will estimate 5 substitution rates that might be overfitting for the length of your alignment/partition!
WARNING: Please only use GTRX with large data and always test for model fit!
Optimizing NNI: done in 0.00256615 secs using 103.2% CPU
WARNING: GTRX multistate model will estimate 5 substitution rates that might be overfitting for the length of your alignment/partition!
WARNING: Please only use GTRX with large data and always test for model fit!
Optimizing NNI: done in 0.00383582 secs using 103.3% CPU
WARNING: GTRX multistate model will estimate 5 substitution rates that might be overfitting for the length of your alignment/partition!
WARNING: Please only use GTRX with large data and always test for model fit!
Optimizing NNI: done in 0.00250597 secs using 103.3% CPU
WARNING: GTRX multistate model will estimate 5 substitution rates that might be overfitting for the length of your alignment/partition!
WARNING: Please only use GTRX with large data and always test for model fit!
Optimizing NNI: done in 0.00246823 secs using 103.3% CPU
WARNING: GTRX multistate model will estimate 5 substitution rates that might be overfitting for the length of your alignment/partition!
WARNING: Please only use GTRX with large data and always test for model fit!
Optimizing NNI: done in 0.0064372 secs using 103.3% CPU
WARNING: GTRX multistate model will estimate 5 substitution rates that might be overfitting for the length of your alignment/partition!
WARNING: Please only use GTRX with large data and always test for model fit!
Optimizing NNI: done in 0.00370114 secs using 103.3% CPU
WARNING: GTRX multistate model will estimate 5 substitution rates that might be overfitting for the length of your alignment/partition!
WARNING: Please only use GTRX with large data and always test for model fit!
Optimizing NNI: done in 0.00377942 secs using 103.3% CPU
WARNING: GTRX multistate model will estimate 5 substitution rates that might be overfitting for the length of your alignment/partition!
WARNING: Please only use GTRX with large data and always test for model fit!
Optimizing NNI: done in 0.00403389 secs using 103.3% CPU
WARNING: GTRX multistate model will estimate 5 substitution rates that might be overfitting for the length of your alignment/partition!
WARNING: Please only use GTRX with large data and always test for model fit!
Optimizing NNI: done in 0.0061444 secs using 102.7% CPU
WARNING: GTRX multistate model will estimate 5 substitution rates that might be overfitting for the length of your alignment/partition!
WARNING: Please only use GTRX with large data and always test for model fit!
Optimizing NNI: done in 0.00679888 secs using 103.3% CPU
WARNING: GTRX multistate model will estimate 5 substitution rates that might be overfitting for the length of your alignment/partition!
WARNING: Please only use GTRX with large data and always test for model fit!
Optimizing NNI: done in 0.00577691 secs using 103.3% CPU
WARNING: GTRX multistate model will estimate 5 substitution rates that might be overfitting for the length of your alignment/partition!
WARNING: Please only use GTRX with large data and always test for model fit!
Optimizing NNI: done in 0.00553637 secs using 103.3% CPU
WARNING: GTRX multistate model will estimate 5 substitution rates that might be overfitting for the length of your alignment/partition!
WARNING: Please only use GTRX with large data and always test for model fit!
Optimizing NNI: done in 0.00425934 secs using 103.3% CPU
WARNING: GTRX multistate model will estimate 5 substitution rates that might be overfitting for the length of your alignment/partition!
WARNING: Please only use GTRX with large data and always test for model fit!
Optimizing NNI: done in 0.00293993 secs using 103.2% CPU
WARNING: GTRX multistate model will estimate 5 substitution rates that might be overfitting for the length of your alignment/partition!
WARNING: Please only use GTRX with large data and always test for model fit!
Optimizing NNI: done in 0.00230055 secs using 103.3% CPU
WARNING: GTRX multistate model will estimate 5 substitution rates that might be overfitting for the length of your alignment/partition!
WARNING: Please only use GTRX with large data and always test for model fit!
Optimizing NNI: done in 0.00425334 secs using 103.3% CPU
WARNING: GTRX multistate model will estimate 5 substitution rates that might be overfitting for the length of your alignment/partition!
WARNING: Please only use GTRX with large data and always test for model fit!
Optimizing NNI: done in 0.0093301 secs using 103.1% CPU
WARNING: GTRX multistate model will estimate 5 substitution rates that might be overfitting for the length of your alignment/partition!
WARNING: Please only use GTRX with large data and always test for model fit!
Optimizing NNI: done in 0.00315822 secs using 103.1% CPU
WARNING: GTRX multistate model will estimate 5 substitution rates that might be overfitting for the length of your alignment/partition!
WARNING: Please only use GTRX with large data and always test for model fit!
Optimizing NNI: done in 0.00452059 secs using 3.915% CPU
WARNING: GTRX multistate model will estimate 5 substitution rates that might be overfitting for the length of your alignment/partition!
WARNING: Please only use GTRX with large data and always test for model fit!
Optimizing NNI: done in 0.00510956 secs
WARNING: GTRX multistate model will estimate 5 substitution rates that might be overfitting for the length of your alignment/partition!
WARNING: Please only use GTRX with large data and always test for model fit!
Optimizing NNI: done in 0.0138004 secs using 89.84% CPU
WARNING: GTRX multistate model will estimate 5 substitution rates that might be overfitting for the length of your alignment/partition!
WARNING: Please only use GTRX with large data and always test for model fit!
Optimizing NNI: done in 0.00302731 secs using 103.2% CPU
WARNING: GTRX multistate model will estimate 5 substitution rates that might be overfitting for the length of your alignment/partition!
WARNING: Please only use GTRX with large data and always test for model fit!
Optimizing NNI: done in 0.00399296 secs using 103.3% CPU
WARNING: GTRX multistate model will estimate 5 substitution rates that might be overfitting for the length of your alignment/partition!
WARNING: Please only use GTRX with large data and always test for model fit!
Optimizing NNI: done in 0.00442315 secs using 103.3% CPU
WARNING: GTRX multistate model will estimate 5 substitution rates that might be overfitting for the length of your alignment/partition!
WARNING: Please only use GTRX with large data and always test for model fit!
Optimizing NNI: done in 0.00644765 secs using 103.3% CPU
WARNING: GTRX multistate model will estimate 5 substitution rates that might be overfitting for the length of your alignment/partition!
WARNING: Please only use GTRX with large data and always test for model fit!
Optimizing NNI: done in 0.00705723 secs using 103.3% CPU
WARNING: GTRX multistate model will estimate 5 substitution rates that might be overfitting for the length of your alignment/partition!
WARNING: Please only use GTRX with large data and always test for model fit!
Optimizing NNI: done in 0.00744814 secs using 103.3% CPU
WARNING: GTRX multistate model will estimate 5 substitution rates that might be overfitting for the length of your alignment/partition!
WARNING: Please only use GTRX with large data and always test for model fit!
Optimizing NNI: done in 0.00523371 secs using 103.3% CPU
WARNING: GTRX multistate model will estimate 5 substitution rates that might be overfitting for the length of your alignment/partition!
WARNING: Please only use GTRX with large data and always test for model fit!
Optimizing NNI: done in 0.00539675 secs
WARNING: GTRX multistate model will estimate 5 substitution rates that might be overfitting for the length of your alignment/partition!
WARNING: Please only use GTRX with large data and always test for model fit!
Optimizing NNI: done in 0.00520371 secs using 98.66% CPU
WARNING: GTRX multistate model will estimate 5 substitution rates that might be overfitting for the length of your alignment/partition!
WARNING: Please only use GTRX with large data and always test for model fit!
Optimizing NNI: done in 0.00997162 secs using 101.9% CPU
WARNING: GTRX multistate model will estimate 5 substitution rates that might be overfitting for the length of your alignment/partition!
WARNING: Please only use GTRX with large data and always test for model fit!
Optimizing NNI: done in 0.00541029 secs using 103.3% CPU
WARNING: GTRX multistate model will estimate 5 substitution rates that might be overfitting for the length of your alignment/partition!
WARNING: Please only use GTRX with large data and always test for model fit!
Optimizing NNI: done in 0.00200572 secs using 103.2% CPU
WARNING: GTRX multistate model will estimate 5 substitution rates that might be overfitting for the length of your alignment/partition!
WARNING: Please only use GTRX with large data and always test for model fit!
Optimizing NNI: done in 0.00814916 secs using 103.3% CPU
WARNING: GTRX multistate model will estimate 5 substitution rates that might be overfitting for the length of your alignment/partition!
WARNING: Please only use GTRX with large data and always test for model fit!
Optimizing NNI: done in 0.00704339 secs using 103.3% CPU
WARNING: GTRX multistate model will estimate 5 substitution rates that might be overfitting for the length of your alignment/partition!
WARNING: Please only use GTRX with large data and always test for model fit!
Optimizing NNI: done in 0.0050399 secs using 103.3% CPU
WARNING: GTRX multistate model will estimate 5 substitution rates that might be overfitting for the length of your alignment/partition!
WARNING: Please only use GTRX with large data and always test for model fit!
Optimizing NNI: done in 0.00645877 secs using 103.3% CPU
WARNING: GTRX multistate model will estimate 5 substitution rates that might be overfitting for the length of your alignment/partition!
WARNING: Please only use GTRX with large data and always test for model fit!
Optimizing NNI: done in 0.00448498 secs using 103.3% CPU
WARNING: GTRX multistate model will estimate 5 substitution rates that might be overfitting for the length of your alignment/partition!
WARNING: Please only use GTRX with large data and always test for model fit!
Optimizing NNI: done in 0.00478145 secs using 103.3% CPU
WARNING: GTRX multistate model will estimate 5 substitution rates that might be overfitting for the length of your alignment/partition!
WARNING: Please only use GTRX with large data and always test for model fit!
Optimizing NNI: done in 0.0068311 secs
WARNING: GTRX multistate model will estimate 5 substitution rates that might be overfitting for the length of your alignment/partition!
WARNING: Please only use GTRX with large data and always test for model fit!
Optimizing NNI: done in 0.00554817 secs using 103.3% CPU
WARNING: GTRX multistate model will estimate 5 substitution rates that might be overfitting for the length of your alignment/partition!
WARNING: Please only use GTRX with large data and always test for model fit!
Optimizing NNI: done in 0.00568635 secs using 103.3% CPU
WARNING: GTRX multistate model will estimate 5 substitution rates that might be overfitting for the length of your alignment/partition!
WARNING: Please only use GTRX with large data and always test for model fit!
Optimizing NNI: done in 0.00294216 secs using 98.67% CPU
WARNING: GTRX multistate model will estimate 5 substitution rates that might be overfitting for the length of your alignment/partition!
WARNING: Please only use GTRX with large data and always test for model fit!
Optimizing NNI: done in 0.00850881 secs using 101.9% CPU
WARNING: GTRX multistate model will estimate 5 substitution rates that might be overfitting for the length of your alignment/partition!
WARNING: Please only use GTRX with large data and always test for model fit!
Optimizing NNI: done in 0.00364163 secs using 103.3% CPU
WARNING: GTRX multistate model will estimate 5 substitution rates that might be overfitting for the length of your alignment/partition!
WARNING: Please only use GTRX with large data and always test for model fit!
Optimizing NNI: done in 0.00326572 secs using 103.3% CPU
WARNING: GTRX multistate model will estimate 5 substitution rates that might be overfitting for the length of your alignment/partition!
WARNING: Please only use GTRX with large data and always test for model fit!
Optimizing NNI: done in 0.00343447 secs using 103.3% CPU
700 samples done
WARNING: GTRX multistate model will estimate 5 substitution rates that might be overfitting for the length of your alignment/partition!
WARNING: Please only use GTRX with large data and always test for model fit!
Optimizing NNI: done in 0.00244656 secs using 103.3% CPU
WARNING: GTRX multistate model will estimate 5 substitution rates that might be overfitting for the length of your alignment/partition!
WARNING: Please only use GTRX with large data and always test for model fit!
Optimizing NNI: done in 0.00424802 secs using 103.3% CPU
WARNING: GTRX multistate model will estimate 5 substitution rates that might be overfitting for the length of your alignment/partition!
WARNING: Please only use GTRX with large data and always test for model fit!
Optimizing NNI: done in 0.00196228 secs using 103.3% CPU
WARNING: GTRX multistate model will estimate 5 substitution rates that might be overfitting for the length of your alignment/partition!
WARNING: Please only use GTRX with large data and always test for model fit!
Optimizing NNI: done in 0.00464435 secs using 103.3% CPU
WARNING: GTRX multistate model will estimate 5 substitution rates that might be overfitting for the length of your alignment/partition!
WARNING: Please only use GTRX with large data and always test for model fit!
Optimizing NNI: done in 0.00361328 secs using 103.3% CPU
WARNING: GTRX multistate model will estimate 5 substitution rates that might be overfitting for the length of your alignment/partition!
WARNING: Please only use GTRX with large data and always test for model fit!
Optimizing NNI: done in 0.00238221 secs using 102.6% CPU
WARNING: GTRX multistate model will estimate 5 substitution rates that might be overfitting for the length of your alignment/partition!
WARNING: Please only use GTRX with large data and always test for model fit!
Optimizing NNI: done in 0.00380196 secs using 103.3% CPU
WARNING: GTRX multistate model will estimate 5 substitution rates that might be overfitting for the length of your alignment/partition!
WARNING: Please only use GTRX with large data and always test for model fit!
Optimizing NNI: done in 0.00558862 secs using 103.3% CPU
WARNING: GTRX multistate model will estimate 5 substitution rates that might be overfitting for the length of your alignment/partition!
WARNING: Please only use GTRX with large data and always test for model fit!
Optimizing NNI: done in 0.00392136 secs using 103.3% CPU
WARNING: GTRX multistate model will estimate 5 substitution rates that might be overfitting for the length of your alignment/partition!
WARNING: Please only use GTRX with large data and always test for model fit!
Optimizing NNI: done in 0.0035917 secs using 103.3% CPU
WARNING: GTRX multistate model will estimate 5 substitution rates that might be overfitting for the length of your alignment/partition!
WARNING: Please only use GTRX with large data and always test for model fit!
Optimizing NNI: done in 0.00227945 secs using 103.3% CPU
WARNING: GTRX multistate model will estimate 5 substitution rates that might be overfitting for the length of your alignment/partition!
WARNING: Please only use GTRX with large data and always test for model fit!
Optimizing NNI: done in 0.00398164 secs using 103.3% CPU
WARNING: GTRX multistate model will estimate 5 substitution rates that might be overfitting for the length of your alignment/partition!
WARNING: Please only use GTRX with large data and always test for model fit!
Optimizing NNI: done in 0.00445373 secs using 103.3% CPU
WARNING: GTRX multistate model will estimate 5 substitution rates that might be overfitting for the length of your alignment/partition!
WARNING: Please only use GTRX with large data and always test for model fit!
Optimizing NNI: done in 0.00378174 secs using 103.3% CPU
WARNING: GTRX multistate model will estimate 5 substitution rates that might be overfitting for the length of your alignment/partition!
WARNING: Please only use GTRX with large data and always test for model fit!
Optimizing NNI: done in 0.00446099 secs using 103.3% CPU
WARNING: GTRX multistate model will estimate 5 substitution rates that might be overfitting for the length of your alignment/partition!
WARNING: Please only use GTRX with large data and always test for model fit!
Optimizing NNI: done in 0.00403834 secs using 103.3% CPU
WARNING: GTRX multistate model will estimate 5 substitution rates that might be overfitting for the length of your alignment/partition!
WARNING: Please only use GTRX with large data and always test for model fit!
Optimizing NNI: done in 0.00445199 secs using 103.3% CPU
WARNING: GTRX multistate model will estimate 5 substitution rates that might be overfitting for the length of your alignment/partition!
WARNING: Please only use GTRX with large data and always test for model fit!
Optimizing NNI: done in 0.00530037 secs using 103.3% CPU
WARNING: GTRX multistate model will estimate 5 substitution rates that might be overfitting for the length of your alignment/partition!
WARNING: Please only use GTRX with large data and always test for model fit!
Optimizing NNI: done in 0.00730087 secs using 103.3% CPU
WARNING: GTRX multistate model will estimate 5 substitution rates that might be overfitting for the length of your alignment/partition!
WARNING: Please only use GTRX with large data and always test for model fit!
Optimizing NNI: done in 0.00223736 secs using 103.2% CPU
WARNING: GTRX multistate model will estimate 5 substitution rates that might be overfitting for the length of your alignment/partition!
WARNING: Please only use GTRX with large data and always test for model fit!
Optimizing NNI: done in 0.00371826 secs using 103.3% CPU
WARNING: GTRX multistate model will estimate 5 substitution rates that might be overfitting for the length of your alignment/partition!
WARNING: Please only use GTRX with large data and always test for model fit!
Optimizing NNI: done in 0.00467879 secs using 103.3% CPU
WARNING: GTRX multistate model will estimate 5 substitution rates that might be overfitting for the length of your alignment/partition!
WARNING: Please only use GTRX with large data and always test for model fit!
Optimizing NNI: done in 0.00432688 secs using 103.3% CPU
WARNING: GTRX multistate model will estimate 5 substitution rates that might be overfitting for the length of your alignment/partition!
WARNING: Please only use GTRX with large data and always test for model fit!
Optimizing NNI: done in 0.00418416 secs using 103.3% CPU
WARNING: GTRX multistate model will estimate 5 substitution rates that might be overfitting for the length of your alignment/partition!
WARNING: Please only use GTRX with large data and always test for model fit!
Optimizing NNI: done in 0.00408982 secs using 103.3% CPU
WARNING: GTRX multistate model will estimate 5 substitution rates that might be overfitting for the length of your alignment/partition!
WARNING: Please only use GTRX with large data and always test for model fit!
Optimizing NNI: done in 0.00646845 secs using 103.3% CPU
WARNING: GTRX multistate model will estimate 5 substitution rates that might be overfitting for the length of your alignment/partition!
WARNING: Please only use GTRX with large data and always test for model fit!
Optimizing NNI: done in 0.00406689 secs using 103.3% CPU
WARNING: GTRX multistate model will estimate 5 substitution rates that might be overfitting for the length of your alignment/partition!
WARNING: Please only use GTRX with large data and always test for model fit!
Optimizing NNI: done in 0.00592689 secs using 103.3% CPU
WARNING: GTRX multistate model will estimate 5 substitution rates that might be overfitting for the length of your alignment/partition!
WARNING: Please only use GTRX with large data and always test for model fit!
Optimizing NNI: done in 0.0116163 secs using 103.3% CPU
WARNING: GTRX multistate model will estimate 5 substitution rates that might be overfitting for the length of your alignment/partition!
WARNING: Please only use GTRX with large data and always test for model fit!
Optimizing NNI: done in 0.0088227 secs using 103.3% CPU
WARNING: GTRX multistate model will estimate 5 substitution rates that might be overfitting for the length of your alignment/partition!
WARNING: Please only use GTRX with large data and always test for model fit!
Optimizing NNI: done in 0.00742704 secs using 103.3% CPU
WARNING: GTRX multistate model will estimate 5 substitution rates that might be overfitting for the length of your alignment/partition!
WARNING: Please only use GTRX with large data and always test for model fit!
Optimizing NNI: done in 0.00470753 secs using 103.3% CPU
WARNING: GTRX multistate model will estimate 5 substitution rates that might be overfitting for the length of your alignment/partition!
WARNING: Please only use GTRX with large data and always test for model fit!
Optimizing NNI: done in 0.00441125 secs using 103.3% CPU
WARNING: GTRX multistate model will estimate 5 substitution rates that might be overfitting for the length of your alignment/partition!
WARNING: Please only use GTRX with large data and always test for model fit!
Optimizing NNI: done in 0.0061953 secs using 103.3% CPU
WARNING: GTRX multistate model will estimate 5 substitution rates that might be overfitting for the length of your alignment/partition!
WARNING: Please only use GTRX with large data and always test for model fit!
Optimizing NNI: done in 0.00399877 secs using 103.3% CPU
WARNING: GTRX multistate model will estimate 5 substitution rates that might be overfitting for the length of your alignment/partition!
WARNING: Please only use GTRX with large data and always test for model fit!
Optimizing NNI: done in 0.00530908 secs using 103.3% CPU
WARNING: GTRX multistate model will estimate 5 substitution rates that might be overfitting for the length of your alignment/partition!
WARNING: Please only use GTRX with large data and always test for model fit!
Optimizing NNI: done in 0.0026692 secs using 103.1% CPU
WARNING: GTRX multistate model will estimate 5 substitution rates that might be overfitting for the length of your alignment/partition!
WARNING: Please only use GTRX with large data and always test for model fit!
Optimizing NNI: done in 0.00288265 secs using 103.3% CPU
WARNING: GTRX multistate model will estimate 5 substitution rates that might be overfitting for the length of your alignment/partition!
WARNING: Please only use GTRX with large data and always test for model fit!
Optimizing NNI: done in 0.00867069 secs using 103.3% CPU
WARNING: GTRX multistate model will estimate 5 substitution rates that might be overfitting for the length of your alignment/partition!
WARNING: Please only use GTRX with large data and always test for model fit!
Optimizing NNI: done in 0.00634189 secs using 103.3% CPU
WARNING: GTRX multistate model will estimate 5 substitution rates that might be overfitting for the length of your alignment/partition!
WARNING: Please only use GTRX with large data and always test for model fit!
Optimizing NNI: done in 0.00432862 secs using 103.3% CPU
WARNING: GTRX multistate model will estimate 5 substitution rates that might be overfitting for the length of your alignment/partition!
WARNING: Please only use GTRX with large data and always test for model fit!
Optimizing NNI: done in 0.00530782 secs using 103.3% CPU
WARNING: GTRX multistate model will estimate 5 substitution rates that might be overfitting for the length of your alignment/partition!
WARNING: Please only use GTRX with large data and always test for model fit!
Optimizing NNI: done in 0.0039291 secs using 103.2% CPU
WARNING: GTRX multistate model will estimate 5 substitution rates that might be overfitting for the length of your alignment/partition!
WARNING: Please only use GTRX with large data and always test for model fit!
Optimizing NNI: done in 0.003308 secs using 103.3% CPU
WARNING: GTRX multistate model will estimate 5 substitution rates that might be overfitting for the length of your alignment/partition!
WARNING: Please only use GTRX with large data and always test for model fit!
Optimizing NNI: done in 0.00674479 secs using 103.3% CPU
WARNING: GTRX multistate model will estimate 5 substitution rates that might be overfitting for the length of your alignment/partition!
WARNING: Please only use GTRX with large data and always test for model fit!
Optimizing NNI: done in 0.0092407 secs using 29.75% CPU
WARNING: GTRX multistate model will estimate 5 substitution rates that might be overfitting for the length of your alignment/partition!
WARNING: Please only use GTRX with large data and always test for model fit!
Optimizing NNI: done in 0.0021199 secs using 98.54% CPU
WARNING: GTRX multistate model will estimate 5 substitution rates that might be overfitting for the length of your alignment/partition!
WARNING: Please only use GTRX with large data and always test for model fit!
Optimizing NNI: done in 0.00322005 secs using 103.3% CPU
WARNING: GTRX multistate model will estimate 5 substitution rates that might be overfitting for the length of your alignment/partition!
WARNING: Please only use GTRX with large data and always test for model fit!
Optimizing NNI: done in 0.00333365 secs using 103.3% CPU
WARNING: GTRX multistate model will estimate 5 substitution rates that might be overfitting for the length of your alignment/partition!
WARNING: Please only use GTRX with large data and always test for model fit!
Optimizing NNI: done in 0.00575011 secs using 103.3% CPU
WARNING: GTRX multistate model will estimate 5 substitution rates that might be overfitting for the length of your alignment/partition!
WARNING: Please only use GTRX with large data and always test for model fit!
Optimizing NNI: done in 0.0093302 secs using 103.3% CPU
WARNING: GTRX multistate model will estimate 5 substitution rates that might be overfitting for the length of your alignment/partition!
WARNING: Please only use GTRX with large data and always test for model fit!
Optimizing NNI: done in 0.00514837 secs using 99.49% CPU
WARNING: GTRX multistate model will estimate 5 substitution rates that might be overfitting for the length of your alignment/partition!
WARNING: Please only use GTRX with large data and always test for model fit!
Optimizing NNI: done in 0.00288236 secs using 103.2% CPU
WARNING: GTRX multistate model will estimate 5 substitution rates that might be overfitting for the length of your alignment/partition!
WARNING: Please only use GTRX with large data and always test for model fit!
Optimizing NNI: done in 0.00400931 secs using 103.3% CPU
WARNING: GTRX multistate model will estimate 5 substitution rates that might be overfitting for the length of your alignment/partition!
WARNING: Please only use GTRX with large data and always test for model fit!
Optimizing NNI: done in 0.00406031 secs using 98.71% CPU
WARNING: GTRX multistate model will estimate 5 substitution rates that might be overfitting for the length of your alignment/partition!
WARNING: Please only use GTRX with large data and always test for model fit!
Optimizing NNI: done in 0.00897926 secs using 101.2% CPU
WARNING: GTRX multistate model will estimate 5 substitution rates that might be overfitting for the length of your alignment/partition!
WARNING: Please only use GTRX with large data and always test for model fit!
Optimizing NNI: done in 0.00641117 secs using 103.3% CPU
WARNING: GTRX multistate model will estimate 5 substitution rates that might be overfitting for the length of your alignment/partition!
WARNING: Please only use GTRX with large data and always test for model fit!
Optimizing NNI: done in 0.00506931 secs using 98.75% CPU
WARNING: GTRX multistate model will estimate 5 substitution rates that might be overfitting for the length of your alignment/partition!
WARNING: Please only use GTRX with large data and always test for model fit!
Optimizing NNI: done in 0.00831055 secs using 102.8% CPU
WARNING: GTRX multistate model will estimate 5 substitution rates that might be overfitting for the length of your alignment/partition!
WARNING: Please only use GTRX with large data and always test for model fit!
Optimizing NNI: done in 0.00420999 secs using 103.3% CPU
WARNING: GTRX multistate model will estimate 5 substitution rates that might be overfitting for the length of your alignment/partition!
WARNING: Please only use GTRX with large data and always test for model fit!
Optimizing NNI: done in 0.00278386 secs using 103.3% CPU
WARNING: GTRX multistate model will estimate 5 substitution rates that might be overfitting for the length of your alignment/partition!
WARNING: Please only use GTRX with large data and always test for model fit!
Optimizing NNI: done in 0.0059924 secs using 103.3% CPU
WARNING: GTRX multistate model will estimate 5 substitution rates that might be overfitting for the length of your alignment/partition!
WARNING: Please only use GTRX with large data and always test for model fit!
Optimizing NNI: done in 0.00451459 secs using 103.2% CPU
WARNING: GTRX multistate model will estimate 5 substitution rates that might be overfitting for the length of your alignment/partition!
WARNING: Please only use GTRX with large data and always test for model fit!
Optimizing NNI: done in 0.00443264 secs using 103.2% CPU
WARNING: GTRX multistate model will estimate 5 substitution rates that might be overfitting for the length of your alignment/partition!
WARNING: Please only use GTRX with large data and always test for model fit!
Optimizing NNI: done in 0.00571266 secs using 103.3% CPU
WARNING: GTRX multistate model will estimate 5 substitution rates that might be overfitting for the length of your alignment/partition!
WARNING: Please only use GTRX with large data and always test for model fit!
Optimizing NNI: done in 0.00497613 secs using 102.7% CPU
WARNING: GTRX multistate model will estimate 5 substitution rates that might be overfitting for the length of your alignment/partition!
WARNING: Please only use GTRX with large data and always test for model fit!
Optimizing NNI: done in 0.00676066 secs using 102.4% CPU
WARNING: GTRX multistate model will estimate 5 substitution rates that might be overfitting for the length of your alignment/partition!
WARNING: Please only use GTRX with large data and always test for model fit!
Optimizing NNI: done in 0.00574111 secs using 99.68% CPU
WARNING: GTRX multistate model will estimate 5 substitution rates that might be overfitting for the length of your alignment/partition!
WARNING: Please only use GTRX with large data and always test for model fit!
Optimizing NNI: done in 0.00427027 secs using 103.3% CPU
WARNING: GTRX multistate model will estimate 5 substitution rates that might be overfitting for the length of your alignment/partition!
WARNING: Please only use GTRX with large data and always test for model fit!
Optimizing NNI: done in 0.00489321 secs using 103.3% CPU
WARNING: GTRX multistate model will estimate 5 substitution rates that might be overfitting for the length of your alignment/partition!
WARNING: Please only use GTRX with large data and always test for model fit!
Optimizing NNI: done in 0.00394787 secs using 103.3% CPU
WARNING: GTRX multistate model will estimate 5 substitution rates that might be overfitting for the length of your alignment/partition!
WARNING: Please only use GTRX with large data and always test for model fit!
Optimizing NNI: done in 0.0056281 secs using 103.3% CPU
WARNING: GTRX multistate model will estimate 5 substitution rates that might be overfitting for the length of your alignment/partition!
WARNING: Please only use GTRX with large data and always test for model fit!
Optimizing NNI: done in 0.00437371 secs using 103.3% CPU
WARNING: GTRX multistate model will estimate 5 substitution rates that might be overfitting for the length of your alignment/partition!
WARNING: Please only use GTRX with large data and always test for model fit!
Optimizing NNI: done in 0.00432436 secs using 103.3% CPU
WARNING: GTRX multistate model will estimate 5 substitution rates that might be overfitting for the length of your alignment/partition!
WARNING: Please only use GTRX with large data and always test for model fit!
Optimizing NNI: done in 0.00661185 secs using 103.3% CPU
WARNING: GTRX multistate model will estimate 5 substitution rates that might be overfitting for the length of your alignment/partition!
WARNING: Please only use GTRX with large data and always test for model fit!
Optimizing NNI: done in 0.00612273 secs using 103.3% CPU
WARNING: GTRX multistate model will estimate 5 substitution rates that might be overfitting for the length of your alignment/partition!
WARNING: Please only use GTRX with large data and always test for model fit!
Optimizing NNI: done in 0.00502819 secs using 103.3% CPU
WARNING: GTRX multistate model will estimate 5 substitution rates that might be overfitting for the length of your alignment/partition!
WARNING: Please only use GTRX with large data and always test for model fit!
Optimizing NNI: done in 0.00255009 secs using 103.3% CPU
WARNING: GTRX multistate model will estimate 5 substitution rates that might be overfitting for the length of your alignment/partition!
WARNING: Please only use GTRX with large data and always test for model fit!
Optimizing NNI: done in 0.00864553 secs using 103.3% CPU
WARNING: GTRX multistate model will estimate 5 substitution rates that might be overfitting for the length of your alignment/partition!
WARNING: Please only use GTRX with large data and always test for model fit!
Optimizing NNI: done in 0.00860557 secs using 103.3% CPU
WARNING: GTRX multistate model will estimate 5 substitution rates that might be overfitting for the length of your alignment/partition!
WARNING: Please only use GTRX with large data and always test for model fit!
Optimizing NNI: done in 0.00226871 secs using 103.3% CPU
WARNING: GTRX multistate model will estimate 5 substitution rates that might be overfitting for the length of your alignment/partition!
WARNING: Please only use GTRX with large data and always test for model fit!
Optimizing NNI: done in 0.00653367 secs using 103.3% CPU
WARNING: GTRX multistate model will estimate 5 substitution rates that might be overfitting for the length of your alignment/partition!
WARNING: Please only use GTRX with large data and always test for model fit!
Optimizing NNI: done in 0.00501116 secs using 103.3% CPU
WARNING: GTRX multistate model will estimate 5 substitution rates that might be overfitting for the length of your alignment/partition!
WARNING: Please only use GTRX with large data and always test for model fit!
Optimizing NNI: done in 0.00356945 secs using 98.75% CPU
WARNING: GTRX multistate model will estimate 5 substitution rates that might be overfitting for the length of your alignment/partition!
WARNING: Please only use GTRX with large data and always test for model fit!
Optimizing NNI: done in 0.00385585 secs using 103.3% CPU
WARNING: GTRX multistate model will estimate 5 substitution rates that might be overfitting for the length of your alignment/partition!
WARNING: Please only use GTRX with large data and always test for model fit!
Optimizing NNI: done in 0.00456326 secs using 98.72% CPU
WARNING: GTRX multistate model will estimate 5 substitution rates that might be overfitting for the length of your alignment/partition!
WARNING: Please only use GTRX with large data and always test for model fit!
Optimizing NNI: done in 0.00527086 secs using 103.3% CPU
WARNING: GTRX multistate model will estimate 5 substitution rates that might be overfitting for the length of your alignment/partition!
WARNING: Please only use GTRX with large data and always test for model fit!
Optimizing NNI: done in 0.00336587 secs using 103.2% CPU
WARNING: GTRX multistate model will estimate 5 substitution rates that might be overfitting for the length of your alignment/partition!
WARNING: Please only use GTRX with large data and always test for model fit!
Optimizing NNI: done in 0.00532708 secs using 103.3% CPU
WARNING: GTRX multistate model will estimate 5 substitution rates that might be overfitting for the length of your alignment/partition!
WARNING: Please only use GTRX with large data and always test for model fit!
Optimizing NNI: done in 0.0065176 secs using 103.3% CPU
WARNING: GTRX multistate model will estimate 5 substitution rates that might be overfitting for the length of your alignment/partition!
WARNING: Please only use GTRX with large data and always test for model fit!
Optimizing NNI: done in 0.00405344 secs using 103.3% CPU
WARNING: GTRX multistate model will estimate 5 substitution rates that might be overfitting for the length of your alignment/partition!
WARNING: Please only use GTRX with large data and always test for model fit!
Optimizing NNI: done in 0.0052159 secs using 103.3% CPU
WARNING: GTRX multistate model will estimate 5 substitution rates that might be overfitting for the length of your alignment/partition!
WARNING: Please only use GTRX with large data and always test for model fit!
Optimizing NNI: done in 0.00426321 secs using 103.3% CPU
WARNING: GTRX multistate model will estimate 5 substitution rates that might be overfitting for the length of your alignment/partition!
WARNING: Please only use GTRX with large data and always test for model fit!
Optimizing NNI: done in 0.00534062 secs using 103.3% CPU
WARNING: GTRX multistate model will estimate 5 substitution rates that might be overfitting for the length of your alignment/partition!
WARNING: Please only use GTRX with large data and always test for model fit!
Optimizing NNI: done in 0.00225701 secs using 103.3% CPU
WARNING: GTRX multistate model will estimate 5 substitution rates that might be overfitting for the length of your alignment/partition!
WARNING: Please only use GTRX with large data and always test for model fit!
Optimizing NNI: done in 0.00520197 secs using 103.3% CPU
WARNING: GTRX multistate model will estimate 5 substitution rates that might be overfitting for the length of your alignment/partition!
WARNING: Please only use GTRX with large data and always test for model fit!
Optimizing NNI: done in 0.00580981 secs using 102.9% CPU
WARNING: GTRX multistate model will estimate 5 substitution rates that might be overfitting for the length of your alignment/partition!
WARNING: Please only use GTRX with large data and always test for model fit!
Optimizing NNI: done in 0.00255638 secs using 103.3% CPU
WARNING: GTRX multistate model will estimate 5 substitution rates that might be overfitting for the length of your alignment/partition!
WARNING: Please only use GTRX with large data and always test for model fit!
Optimizing NNI: done in 0.00537478 secs using 103.3% CPU
WARNING: GTRX multistate model will estimate 5 substitution rates that might be overfitting for the length of your alignment/partition!
WARNING: Please only use GTRX with large data and always test for model fit!
Optimizing NNI: done in 0.00531431 secs using 17.37% CPU
800 samples done
WARNING: GTRX multistate model will estimate 5 substitution rates that might be overfitting for the length of your alignment/partition!
WARNING: Please only use GTRX with large data and always test for model fit!
Optimizing NNI: done in 0.00329388 secs using 103.3% CPU
WARNING: GTRX multistate model will estimate 5 substitution rates that might be overfitting for the length of your alignment/partition!
WARNING: Please only use GTRX with large data and always test for model fit!
Optimizing NNI: done in 0.00563787 secs using 98.74% CPU
WARNING: GTRX multistate model will estimate 5 substitution rates that might be overfitting for the length of your alignment/partition!
WARNING: Please only use GTRX with large data and always test for model fit!
Optimizing NNI: done in 0.00291758 secs using 103.2% CPU
WARNING: GTRX multistate model will estimate 5 substitution rates that might be overfitting for the length of your alignment/partition!
WARNING: Please only use GTRX with large data and always test for model fit!
Optimizing NNI: done in 0.00728529 secs using 98.76% CPU
WARNING: GTRX multistate model will estimate 5 substitution rates that might be overfitting for the length of your alignment/partition!
WARNING: Please only use GTRX with large data and always test for model fit!
Optimizing NNI: done in 0.0040128 secs using 98.73% CPU
WARNING: GTRX multistate model will estimate 5 substitution rates that might be overfitting for the length of your alignment/partition!
WARNING: Please only use GTRX with large data and always test for model fit!
Optimizing NNI: done in 0.00743991 secs using 101% CPU
WARNING: GTRX multistate model will estimate 5 substitution rates that might be overfitting for the length of your alignment/partition!
WARNING: Please only use GTRX with large data and always test for model fit!
Optimizing NNI: done in 0.00711258 secs using 103.3% CPU
WARNING: GTRX multistate model will estimate 5 substitution rates that might be overfitting for the length of your alignment/partition!
WARNING: Please only use GTRX with large data and always test for model fit!
Optimizing NNI: done in 0.00312048 secs using 103.3% CPU
WARNING: GTRX multistate model will estimate 5 substitution rates that might be overfitting for the length of your alignment/partition!
WARNING: Please only use GTRX with large data and always test for model fit!
Optimizing NNI: done in 0.00469795 secs using 103.3% CPU
WARNING: GTRX multistate model will estimate 5 substitution rates that might be overfitting for the length of your alignment/partition!
WARNING: Please only use GTRX with large data and always test for model fit!
Optimizing NNI: done in 0.00542964 secs using 103.3% CPU
WARNING: GTRX multistate model will estimate 5 substitution rates that might be overfitting for the length of your alignment/partition!
WARNING: Please only use GTRX with large data and always test for model fit!
Optimizing NNI: done in 0.00350994 secs using 103.3% CPU
WARNING: GTRX multistate model will estimate 5 substitution rates that might be overfitting for the length of your alignment/partition!
WARNING: Please only use GTRX with large data and always test for model fit!
Optimizing NNI: done in 0.00477671 secs using 103.3% CPU
WARNING: GTRX multistate model will estimate 5 substitution rates that might be overfitting for the length of your alignment/partition!
WARNING: Please only use GTRX with large data and always test for model fit!
Optimizing NNI: done in 0.00834055 secs using 103.3% CPU
WARNING: GTRX multistate model will estimate 5 substitution rates that might be overfitting for the length of your alignment/partition!
WARNING: Please only use GTRX with large data and always test for model fit!
Optimizing NNI: done in 0.00401715 secs using 103.3% CPU
WARNING: GTRX multistate model will estimate 5 substitution rates that might be overfitting for the length of your alignment/partition!
WARNING: Please only use GTRX with large data and always test for model fit!
Optimizing NNI: done in 0.00358493 secs using 103.2% CPU
WARNING: GTRX multistate model will estimate 5 substitution rates that might be overfitting for the length of your alignment/partition!
WARNING: Please only use GTRX with large data and always test for model fit!
Optimizing NNI: done in 0.00461019 secs using 103.2% CPU
WARNING: GTRX multistate model will estimate 5 substitution rates that might be overfitting for the length of your alignment/partition!
WARNING: Please only use GTRX with large data and always test for model fit!
Optimizing NNI: done in 0.00382383 secs using 103.3% CPU
WARNING: GTRX multistate model will estimate 5 substitution rates that might be overfitting for the length of your alignment/partition!
WARNING: Please only use GTRX with large data and always test for model fit!
Optimizing NNI: done in 0.00441135 secs using 103.3% CPU
WARNING: GTRX multistate model will estimate 5 substitution rates that might be overfitting for the length of your alignment/partition!
WARNING: Please only use GTRX with large data and always test for model fit!
Optimizing NNI: done in 0.00388711 secs using 103.3% CPU
WARNING: GTRX multistate model will estimate 5 substitution rates that might be overfitting for the length of your alignment/partition!
WARNING: Please only use GTRX with large data and always test for model fit!
Optimizing NNI: done in 0.00439858 secs using 103.3% CPU
WARNING: GTRX multistate model will estimate 5 substitution rates that might be overfitting for the length of your alignment/partition!
WARNING: Please only use GTRX with large data and always test for model fit!
Optimizing NNI: done in 0.00251061 secs using 103.3% CPU
WARNING: GTRX multistate model will estimate 5 substitution rates that might be overfitting for the length of your alignment/partition!
WARNING: Please only use GTRX with large data and always test for model fit!
Optimizing NNI: done in 0.00514072 secs using 103.1% CPU
WARNING: GTRX multistate model will estimate 5 substitution rates that might be overfitting for the length of your alignment/partition!
WARNING: Please only use GTRX with large data and always test for model fit!
Optimizing NNI: done in 0.00417081 secs
WARNING: GTRX multistate model will estimate 5 substitution rates that might be overfitting for the length of your alignment/partition!
WARNING: Please only use GTRX with large data and always test for model fit!
Optimizing NNI: done in 0.00370239 secs using 103.3% CPU
WARNING: GTRX multistate model will estimate 5 substitution rates that might be overfitting for the length of your alignment/partition!
WARNING: Please only use GTRX with large data and always test for model fit!
Optimizing NNI: done in 0.00501755 secs using 103.3% CPU
WARNING: GTRX multistate model will estimate 5 substitution rates that might be overfitting for the length of your alignment/partition!
WARNING: Please only use GTRX with large data and always test for model fit!
Optimizing NNI: done in 0.00694915 secs using 103.3% CPU
WARNING: GTRX multistate model will estimate 5 substitution rates that might be overfitting for the length of your alignment/partition!
WARNING: Please only use GTRX with large data and always test for model fit!
Optimizing NNI: done in 0.00247994 secs using 103.3% CPU
WARNING: GTRX multistate model will estimate 5 substitution rates that might be overfitting for the length of your alignment/partition!
WARNING: Please only use GTRX with large data and always test for model fit!
Optimizing NNI: done in 0.00481948 secs using 101.4% CPU
WARNING: GTRX multistate model will estimate 5 substitution rates that might be overfitting for the length of your alignment/partition!
WARNING: Please only use GTRX with large data and always test for model fit!
Optimizing NNI: done in 0.00372029 secs using 103.3% CPU
WARNING: GTRX multistate model will estimate 5 substitution rates that might be overfitting for the length of your alignment/partition!
WARNING: Please only use GTRX with large data and always test for model fit!
Optimizing NNI: done in 0.00433568 secs using 103.2% CPU
WARNING: GTRX multistate model will estimate 5 substitution rates that might be overfitting for the length of your alignment/partition!
WARNING: Please only use GTRX with large data and always test for model fit!
Optimizing NNI: done in 0.00255773 secs using 103.3% CPU
WARNING: GTRX multistate model will estimate 5 substitution rates that might be overfitting for the length of your alignment/partition!
WARNING: Please only use GTRX with large data and always test for model fit!
Optimizing NNI: done in 0.0076284 secs using 103.3% CPU
WARNING: GTRX multistate model will estimate 5 substitution rates that might be overfitting for the length of your alignment/partition!
WARNING: Please only use GTRX with large data and always test for model fit!
Optimizing NNI: done in 0.00689003 secs using 103.3% CPU
WARNING: GTRX multistate model will estimate 5 substitution rates that might be overfitting for the length of your alignment/partition!
WARNING: Please only use GTRX with large data and always test for model fit!
Optimizing NNI: done in 0.00558523 secs using 103.3% CPU
WARNING: GTRX multistate model will estimate 5 substitution rates that might be overfitting for the length of your alignment/partition!
WARNING: Please only use GTRX with large data and always test for model fit!
Optimizing NNI: done in 0.00406602 secs using 103.3% CPU
WARNING: GTRX multistate model will estimate 5 substitution rates that might be overfitting for the length of your alignment/partition!
WARNING: Please only use GTRX with large data and always test for model fit!
Optimizing NNI: done in 0.00310152 secs using 103.3% CPU
WARNING: GTRX multistate model will estimate 5 substitution rates that might be overfitting for the length of your alignment/partition!
WARNING: Please only use GTRX with large data and always test for model fit!
Optimizing NNI: done in 0.00398551 secs using 103.3% CPU
WARNING: GTRX multistate model will estimate 5 substitution rates that might be overfitting for the length of your alignment/partition!
WARNING: Please only use GTRX with large data and always test for model fit!
Optimizing NNI: done in 0.00686449 secs using 103.3% CPU
WARNING: GTRX multistate model will estimate 5 substitution rates that might be overfitting for the length of your alignment/partition!
WARNING: Please only use GTRX with large data and always test for model fit!
Optimizing NNI: done in 0.00422431 secs using 103.3% CPU
WARNING: GTRX multistate model will estimate 5 substitution rates that might be overfitting for the length of your alignment/partition!
WARNING: Please only use GTRX with large data and always test for model fit!
Optimizing NNI: done in 0.00436607 secs using 103.3% CPU
WARNING: GTRX multistate model will estimate 5 substitution rates that might be overfitting for the length of your alignment/partition!
WARNING: Please only use GTRX with large data and always test for model fit!
Optimizing NNI: done in 0.00336248 secs using 103.3% CPU
WARNING: GTRX multistate model will estimate 5 substitution rates that might be overfitting for the length of your alignment/partition!
WARNING: Please only use GTRX with large data and always test for model fit!
Optimizing NNI: done in 0.00379141 secs using 103.2% CPU
WARNING: GTRX multistate model will estimate 5 substitution rates that might be overfitting for the length of your alignment/partition!
WARNING: Please only use GTRX with large data and always test for model fit!
Optimizing NNI: done in 0.00508876 secs using 103.3% CPU
WARNING: GTRX multistate model will estimate 5 substitution rates that might be overfitting for the length of your alignment/partition!
WARNING: Please only use GTRX with large data and always test for model fit!
Optimizing NNI: done in 0.00350917 secs using 103.3% CPU
WARNING: GTRX multistate model will estimate 5 substitution rates that might be overfitting for the length of your alignment/partition!
WARNING: Please only use GTRX with large data and always test for model fit!
Optimizing NNI: done in 0.00346853 secs using 103.2% CPU
WARNING: GTRX multistate model will estimate 5 substitution rates that might be overfitting for the length of your alignment/partition!
WARNING: Please only use GTRX with large data and always test for model fit!
Optimizing NNI: done in 0.00492969 secs using 103.3% CPU
WARNING: GTRX multistate model will estimate 5 substitution rates that might be overfitting for the length of your alignment/partition!
WARNING: Please only use GTRX with large data and always test for model fit!
Optimizing NNI: done in 0.00284317 secs using 103.3% CPU
WARNING: GTRX multistate model will estimate 5 substitution rates that might be overfitting for the length of your alignment/partition!
WARNING: Please only use GTRX with large data and always test for model fit!
Optimizing NNI: done in 0.00838303 secs using 103.3% CPU
WARNING: GTRX multistate model will estimate 5 substitution rates that might be overfitting for the length of your alignment/partition!
WARNING: Please only use GTRX with large data and always test for model fit!
Optimizing NNI: done in 0.00682607 secs using 103.3% CPU
WARNING: GTRX multistate model will estimate 5 substitution rates that might be overfitting for the length of your alignment/partition!
WARNING: Please only use GTRX with large data and always test for model fit!
Optimizing NNI: done in 0.00476307 secs using 103.3% CPU
WARNING: GTRX multistate model will estimate 5 substitution rates that might be overfitting for the length of your alignment/partition!
WARNING: Please only use GTRX with large data and always test for model fit!
Optimizing NNI: done in 0.00382334 secs using 103.3% CPU
WARNING: GTRX multistate model will estimate 5 substitution rates that might be overfitting for the length of your alignment/partition!
WARNING: Please only use GTRX with large data and always test for model fit!
Optimizing NNI: done in 0.00895071 secs using 52.34% CPU
WARNING: GTRX multistate model will estimate 5 substitution rates that might be overfitting for the length of your alignment/partition!
WARNING: Please only use GTRX with large data and always test for model fit!
Optimizing NNI: done in 0.00688819 secs using 103.3% CPU
WARNING: GTRX multistate model will estimate 5 substitution rates that might be overfitting for the length of your alignment/partition!
WARNING: Please only use GTRX with large data and always test for model fit!
Optimizing NNI: done in 0.0134212 secs using 103.3% CPU
WARNING: GTRX multistate model will estimate 5 substitution rates that might be overfitting for the length of your alignment/partition!
WARNING: Please only use GTRX with large data and always test for model fit!
Optimizing NNI: done in 0.00926963 secs using 103.3% CPU
WARNING: GTRX multistate model will estimate 5 substitution rates that might be overfitting for the length of your alignment/partition!
WARNING: Please only use GTRX with large data and always test for model fit!
Optimizing NNI: done in 0.0061446 secs using 103.3% CPU
WARNING: GTRX multistate model will estimate 5 substitution rates that might be overfitting for the length of your alignment/partition!
WARNING: Please only use GTRX with large data and always test for model fit!
Optimizing NNI: done in 0.00441028 secs using 103.3% CPU
WARNING: GTRX multistate model will estimate 5 substitution rates that might be overfitting for the length of your alignment/partition!
WARNING: Please only use GTRX with large data and always test for model fit!
Optimizing NNI: done in 0.00661136 secs using 103.3% CPU
WARNING: GTRX multistate model will estimate 5 substitution rates that might be overfitting for the length of your alignment/partition!
WARNING: Please only use GTRX with large data and always test for model fit!
Optimizing NNI: done in 0.00555253 secs using 103.3% CPU
WARNING: GTRX multistate model will estimate 5 substitution rates that might be overfitting for the length of your alignment/partition!
WARNING: Please only use GTRX with large data and always test for model fit!
Optimizing NNI: done in 0.00281376 secs using 103.3% CPU
WARNING: GTRX multistate model will estimate 5 substitution rates that might be overfitting for the length of your alignment/partition!
WARNING: Please only use GTRX with large data and always test for model fit!
Optimizing NNI: done in 0.00574837 secs using 103.3% CPU
WARNING: GTRX multistate model will estimate 5 substitution rates that might be overfitting for the length of your alignment/partition!
WARNING: Please only use GTRX with large data and always test for model fit!
Optimizing NNI: done in 0.00623033 secs using 103.3% CPU
WARNING: GTRX multistate model will estimate 5 substitution rates that might be overfitting for the length of your alignment/partition!
WARNING: Please only use GTRX with large data and always test for model fit!
Optimizing NNI: done in 0.0107185 secs using 103.3% CPU
WARNING: GTRX multistate model will estimate 5 substitution rates that might be overfitting for the length of your alignment/partition!
WARNING: Please only use GTRX with large data and always test for model fit!
Optimizing NNI: done in 0.00915932 secs using 103.3% CPU
WARNING: GTRX multistate model will estimate 5 substitution rates that might be overfitting for the length of your alignment/partition!
WARNING: Please only use GTRX with large data and always test for model fit!
Optimizing NNI: done in 0.00904389 secs using 103.3% CPU
WARNING: GTRX multistate model will estimate 5 substitution rates that might be overfitting for the length of your alignment/partition!
WARNING: Please only use GTRX with large data and always test for model fit!
Optimizing NNI: done in 0.00607841 secs using 103.3% CPU
WARNING: GTRX multistate model will estimate 5 substitution rates that might be overfitting for the length of your alignment/partition!
WARNING: Please only use GTRX with large data and always test for model fit!
Optimizing NNI: done in 0.0142451 secs using 103.3% CPU
WARNING: GTRX multistate model will estimate 5 substitution rates that might be overfitting for the length of your alignment/partition!
WARNING: Please only use GTRX with large data and always test for model fit!
Optimizing NNI: done in 0.00520855 secs using 103.3% CPU
WARNING: GTRX multistate model will estimate 5 substitution rates that might be overfitting for the length of your alignment/partition!
WARNING: Please only use GTRX with large data and always test for model fit!
Optimizing NNI: done in 0.00262846 secs using 103.2% CPU
WARNING: GTRX multistate model will estimate 5 substitution rates that might be overfitting for the length of your alignment/partition!
WARNING: Please only use GTRX with large data and always test for model fit!
Optimizing NNI: done in 0.00399112 secs using 103.3% CPU
WARNING: GTRX multistate model will estimate 5 substitution rates that might be overfitting for the length of your alignment/partition!
WARNING: Please only use GTRX with large data and always test for model fit!
Optimizing NNI: done in 0.00938497 secs using 103.3% CPU
WARNING: GTRX multistate model will estimate 5 substitution rates that might be overfitting for the length of your alignment/partition!
WARNING: Please only use GTRX with large data and always test for model fit!
Optimizing NNI: done in 0.00457981 secs using 103.3% CPU
WARNING: GTRX multistate model will estimate 5 substitution rates that might be overfitting for the length of your alignment/partition!
WARNING: Please only use GTRX with large data and always test for model fit!
Optimizing NNI: done in 0.00254457 secs using 103.2% CPU
WARNING: GTRX multistate model will estimate 5 substitution rates that might be overfitting for the length of your alignment/partition!
WARNING: Please only use GTRX with large data and always test for model fit!
Optimizing NNI: done in 0.0101684 secs using 103.3% CPU
WARNING: GTRX multistate model will estimate 5 substitution rates that might be overfitting for the length of your alignment/partition!
WARNING: Please only use GTRX with large data and always test for model fit!
Optimizing NNI: done in 0.00690764 secs using 103.3% CPU
WARNING: GTRX multistate model will estimate 5 substitution rates that might be overfitting for the length of your alignment/partition!
WARNING: Please only use GTRX with large data and always test for model fit!
Optimizing NNI: done in 0.0024333 secs using 103.3% CPU
WARNING: GTRX multistate model will estimate 5 substitution rates that might be overfitting for the length of your alignment/partition!
WARNING: Please only use GTRX with large data and always test for model fit!
Optimizing NNI: done in 0.00400012 secs using 103.2% CPU
WARNING: GTRX multistate model will estimate 5 substitution rates that might be overfitting for the length of your alignment/partition!
WARNING: Please only use GTRX with large data and always test for model fit!
Optimizing NNI: done in 0.00554324 secs using 103.3% CPU
WARNING: GTRX multistate model will estimate 5 substitution rates that might be overfitting for the length of your alignment/partition!
WARNING: Please only use GTRX with large data and always test for model fit!
Optimizing NNI: done in 0.00625868 secs using 103.3% CPU
WARNING: GTRX multistate model will estimate 5 substitution rates that might be overfitting for the length of your alignment/partition!
WARNING: Please only use GTRX with large data and always test for model fit!
Optimizing NNI: done in 0.00647222 secs using 103.3% CPU
WARNING: GTRX multistate model will estimate 5 substitution rates that might be overfitting for the length of your alignment/partition!
WARNING: Please only use GTRX with large data and always test for model fit!
Optimizing NNI: done in 0.00401831 secs using 103.3% CPU
WARNING: GTRX multistate model will estimate 5 substitution rates that might be overfitting for the length of your alignment/partition!
WARNING: Please only use GTRX with large data and always test for model fit!
Optimizing NNI: done in 0.00414139 secs using 103.3% CPU
WARNING: GTRX multistate model will estimate 5 substitution rates that might be overfitting for the length of your alignment/partition!
WARNING: Please only use GTRX with large data and always test for model fit!
Optimizing NNI: done in 0.00574972 secs using 103.3% CPU
WARNING: GTRX multistate model will estimate 5 substitution rates that might be overfitting for the length of your alignment/partition!
WARNING: Please only use GTRX with large data and always test for model fit!
Optimizing NNI: done in 0.0055921 secs using 103.3% CPU
WARNING: GTRX multistate model will estimate 5 substitution rates that might be overfitting for the length of your alignment/partition!
WARNING: Please only use GTRX with large data and always test for model fit!
Optimizing NNI: done in 0.00616656 secs using 103.1% CPU
WARNING: GTRX multistate model will estimate 5 substitution rates that might be overfitting for the length of your alignment/partition!
WARNING: Please only use GTRX with large data and always test for model fit!
Optimizing NNI: done in 0.00451749 secs using 91.42% CPU
WARNING: GTRX multistate model will estimate 5 substitution rates that might be overfitting for the length of your alignment/partition!
WARNING: Please only use GTRX with large data and always test for model fit!
Optimizing NNI: done in 0.00724127 secs
WARNING: GTRX multistate model will estimate 5 substitution rates that might be overfitting for the length of your alignment/partition!
WARNING: Please only use GTRX with large data and always test for model fit!
Optimizing NNI: done in 0.00243717 secs using 103.3% CPU
WARNING: GTRX multistate model will estimate 5 substitution rates that might be overfitting for the length of your alignment/partition!
WARNING: Please only use GTRX with large data and always test for model fit!
Optimizing NNI: done in 0.00589612 secs using 103.3% CPU
WARNING: GTRX multistate model will estimate 5 substitution rates that might be overfitting for the length of your alignment/partition!
WARNING: Please only use GTRX with large data and always test for model fit!
Optimizing NNI: done in 0.00469466 secs using 103.2% CPU
WARNING: GTRX multistate model will estimate 5 substitution rates that might be overfitting for the length of your alignment/partition!
WARNING: Please only use GTRX with large data and always test for model fit!
Optimizing NNI: done in 0.00897897 secs using 99.82% CPU
WARNING: GTRX multistate model will estimate 5 substitution rates that might be overfitting for the length of your alignment/partition!
WARNING: Please only use GTRX with large data and always test for model fit!
Optimizing NNI: done in 0.00332232 secs using 103.2% CPU
WARNING: GTRX multistate model will estimate 5 substitution rates that might be overfitting for the length of your alignment/partition!
WARNING: Please only use GTRX with large data and always test for model fit!
Optimizing NNI: done in 0.00688664 secs using 103.3% CPU
WARNING: GTRX multistate model will estimate 5 substitution rates that might be overfitting for the length of your alignment/partition!
WARNING: Please only use GTRX with large data and always test for model fit!
Optimizing NNI: done in 0.00525112 secs using 103.3% CPU
WARNING: GTRX multistate model will estimate 5 substitution rates that might be overfitting for the length of your alignment/partition!
WARNING: Please only use GTRX with large data and always test for model fit!
Optimizing NNI: done in 0.00613395 secs
WARNING: GTRX multistate model will estimate 5 substitution rates that might be overfitting for the length of your alignment/partition!
WARNING: Please only use GTRX with large data and always test for model fit!
Optimizing NNI: done in 0.018719 secs using 101.2% CPU
WARNING: GTRX multistate model will estimate 5 substitution rates that might be overfitting for the length of your alignment/partition!
WARNING: Please only use GTRX with large data and always test for model fit!
Optimizing NNI: done in 0.00909459 secs using 103.3% CPU
WARNING: GTRX multistate model will estimate 5 substitution rates that might be overfitting for the length of your alignment/partition!
WARNING: Please only use GTRX with large data and always test for model fit!
Optimizing NNI: done in 0.00432369 secs using 103.3% CPU
WARNING: GTRX multistate model will estimate 5 substitution rates that might be overfitting for the length of your alignment/partition!
WARNING: Please only use GTRX with large data and always test for model fit!
Optimizing NNI: done in 0.00790203 secs using 99.44% CPU
WARNING: GTRX multistate model will estimate 5 substitution rates that might be overfitting for the length of your alignment/partition!
WARNING: Please only use GTRX with large data and always test for model fit!
Optimizing NNI: done in 0.00631596 secs using 103.3% CPU
900 samples done
WARNING: GTRX multistate model will estimate 5 substitution rates that might be overfitting for the length of your alignment/partition!
WARNING: Please only use GTRX with large data and always test for model fit!
Optimizing NNI: done in 0.00752109 secs using 103.3% CPU
WARNING: GTRX multistate model will estimate 5 substitution rates that might be overfitting for the length of your alignment/partition!
WARNING: Please only use GTRX with large data and always test for model fit!
Optimizing NNI: done in 0.00769052 secs using 103.3% CPU
WARNING: GTRX multistate model will estimate 5 substitution rates that might be overfitting for the length of your alignment/partition!
WARNING: Please only use GTRX with large data and always test for model fit!
Optimizing NNI: done in 0.00851549 secs using 103.3% CPU
WARNING: GTRX multistate model will estimate 5 substitution rates that might be overfitting for the length of your alignment/partition!
WARNING: Please only use GTRX with large data and always test for model fit!
Optimizing NNI: done in 0.00278279 secs using 103.3% CPU
WARNING: GTRX multistate model will estimate 5 substitution rates that might be overfitting for the length of your alignment/partition!
WARNING: Please only use GTRX with large data and always test for model fit!
Optimizing NNI: done in 0.00496694 secs using 103.3% CPU
WARNING: GTRX multistate model will estimate 5 substitution rates that might be overfitting for the length of your alignment/partition!
WARNING: Please only use GTRX with large data and always test for model fit!
Optimizing NNI: done in 0.00561203 secs using 103.3% CPU
WARNING: GTRX multistate model will estimate 5 substitution rates that might be overfitting for the length of your alignment/partition!
WARNING: Please only use GTRX with large data and always test for model fit!
Optimizing NNI: done in 0.0053743 secs using 103.3% CPU
WARNING: GTRX multistate model will estimate 5 substitution rates that might be overfitting for the length of your alignment/partition!
WARNING: Please only use GTRX with large data and always test for model fit!
Optimizing NNI: done in 0.00475968 secs using 103.3% CPU
WARNING: GTRX multistate model will estimate 5 substitution rates that might be overfitting for the length of your alignment/partition!
WARNING: Please only use GTRX with large data and always test for model fit!
Optimizing NNI: done in 0.00605858 secs using 103.3% CPU
WARNING: GTRX multistate model will estimate 5 substitution rates that might be overfitting for the length of your alignment/partition!
WARNING: Please only use GTRX with large data and always test for model fit!
Optimizing NNI: done in 0.00612621 secs using 103.3% CPU
WARNING: GTRX multistate model will estimate 5 substitution rates that might be overfitting for the length of your alignment/partition!
WARNING: Please only use GTRX with large data and always test for model fit!
Optimizing NNI: done in 0.00348478 secs using 103.3% CPU
WARNING: GTRX multistate model will estimate 5 substitution rates that might be overfitting for the length of your alignment/partition!
WARNING: Please only use GTRX with large data and always test for model fit!
Optimizing NNI: done in 0.00793938 secs using 103.3% CPU
WARNING: GTRX multistate model will estimate 5 substitution rates that might be overfitting for the length of your alignment/partition!
WARNING: Please only use GTRX with large data and always test for model fit!
Optimizing NNI: done in 0.00728549 secs using 103.3% CPU
WARNING: GTRX multistate model will estimate 5 substitution rates that might be overfitting for the length of your alignment/partition!
WARNING: Please only use GTRX with large data and always test for model fit!
Optimizing NNI: done in 0.00744746 secs using 103.3% CPU
WARNING: GTRX multistate model will estimate 5 substitution rates that might be overfitting for the length of your alignment/partition!
WARNING: Please only use GTRX with large data and always test for model fit!
Optimizing NNI: done in 0.00384715 secs using 103.3% CPU
WARNING: GTRX multistate model will estimate 5 substitution rates that might be overfitting for the length of your alignment/partition!
WARNING: Please only use GTRX with large data and always test for model fit!
Optimizing NNI: done in 0.0035051 secs
WARNING: GTRX multistate model will estimate 5 substitution rates that might be overfitting for the length of your alignment/partition!
WARNING: Please only use GTRX with large data and always test for model fit!
Optimizing NNI: done in 0.00626361 secs
WARNING: GTRX multistate model will estimate 5 substitution rates that might be overfitting for the length of your alignment/partition!
WARNING: Please only use GTRX with large data and always test for model fit!
Optimizing NNI: done in 0.00474372 secs using 98.72% CPU
WARNING: GTRX multistate model will estimate 5 substitution rates that might be overfitting for the length of your alignment/partition!
WARNING: Please only use GTRX with large data and always test for model fit!
Optimizing NNI: done in 0.00330026 secs using 103.3% CPU
WARNING: GTRX multistate model will estimate 5 substitution rates that might be overfitting for the length of your alignment/partition!
WARNING: Please only use GTRX with large data and always test for model fit!
Optimizing NNI: done in 0.00578465 secs using 103.2% CPU
WARNING: GTRX multistate model will estimate 5 substitution rates that might be overfitting for the length of your alignment/partition!
WARNING: Please only use GTRX with large data and always test for model fit!
Optimizing NNI: done in 0.00567106 secs using 103.3% CPU
WARNING: GTRX multistate model will estimate 5 substitution rates that might be overfitting for the length of your alignment/partition!
WARNING: Please only use GTRX with large data and always test for model fit!
Optimizing NNI: done in 0.00922502 secs using 103.3% CPU
WARNING: GTRX multistate model will estimate 5 substitution rates that might be overfitting for the length of your alignment/partition!
WARNING: Please only use GTRX with large data and always test for model fit!
Optimizing NNI: done in 0.00386814 secs using 103.3% CPU
WARNING: GTRX multistate model will estimate 5 substitution rates that might be overfitting for the length of your alignment/partition!
WARNING: Please only use GTRX with large data and always test for model fit!
Optimizing NNI: done in 0.00467811 secs using 103.3% CPU
WARNING: GTRX multistate model will estimate 5 substitution rates that might be overfitting for the length of your alignment/partition!
WARNING: Please only use GTRX with large data and always test for model fit!
Optimizing NNI: done in 0.00689235 secs using 103.3% CPU
WARNING: GTRX multistate model will estimate 5 substitution rates that might be overfitting for the length of your alignment/partition!
WARNING: Please only use GTRX with large data and always test for model fit!
Optimizing NNI: done in 0.00459529 secs
WARNING: GTRX multistate model will estimate 5 substitution rates that might be overfitting for the length of your alignment/partition!
WARNING: Please only use GTRX with large data and always test for model fit!
Optimizing NNI: done in 0.00580894 secs
WARNING: GTRX multistate model will estimate 5 substitution rates that might be overfitting for the length of your alignment/partition!
WARNING: Please only use GTRX with large data and always test for model fit!
Optimizing NNI: done in 0.00611876 secs using 98.68% CPU
WARNING: GTRX multistate model will estimate 5 substitution rates that might be overfitting for the length of your alignment/partition!
WARNING: Please only use GTRX with large data and always test for model fit!
Optimizing NNI: done in 0.00468847 secs using 103.3% CPU
WARNING: GTRX multistate model will estimate 5 substitution rates that might be overfitting for the length of your alignment/partition!
WARNING: Please only use GTRX with large data and always test for model fit!
Optimizing NNI: done in 0.00347095 secs using 103.3% CPU
WARNING: GTRX multistate model will estimate 5 substitution rates that might be overfitting for the length of your alignment/partition!
WARNING: Please only use GTRX with large data and always test for model fit!
Optimizing NNI: done in 0.00639143 secs using 103.3% CPU
WARNING: GTRX multistate model will estimate 5 substitution rates that might be overfitting for the length of your alignment/partition!
WARNING: Please only use GTRX with large data and always test for model fit!
Optimizing NNI: done in 0.00593057 secs using 103.3% CPU
WARNING: GTRX multistate model will estimate 5 substitution rates that might be overfitting for the length of your alignment/partition!
WARNING: Please only use GTRX with large data and always test for model fit!
Optimizing NNI: done in 0.00709487 secs using 103.3% CPU
WARNING: GTRX multistate model will estimate 5 substitution rates that might be overfitting for the length of your alignment/partition!
WARNING: Please only use GTRX with large data and always test for model fit!
Optimizing NNI: done in 0.00454855 secs using 103.3% CPU
WARNING: GTRX multistate model will estimate 5 substitution rates that might be overfitting for the length of your alignment/partition!
WARNING: Please only use GTRX with large data and always test for model fit!
Optimizing NNI: done in 0.0045742 secs using 103.3% CPU
WARNING: GTRX multistate model will estimate 5 substitution rates that might be overfitting for the length of your alignment/partition!
WARNING: Please only use GTRX with large data and always test for model fit!
Optimizing NNI: done in 0.00433336 secs using 103.3% CPU
WARNING: GTRX multistate model will estimate 5 substitution rates that might be overfitting for the length of your alignment/partition!
WARNING: Please only use GTRX with large data and always test for model fit!
Optimizing NNI: done in 0.00211496 secs using 103.3% CPU
WARNING: GTRX multistate model will estimate 5 substitution rates that might be overfitting for the length of your alignment/partition!
WARNING: Please only use GTRX with large data and always test for model fit!
Optimizing NNI: done in 0.0061208 secs using 103.3% CPU
WARNING: GTRX multistate model will estimate 5 substitution rates that might be overfitting for the length of your alignment/partition!
WARNING: Please only use GTRX with large data and always test for model fit!
Optimizing NNI: done in 0.00262469 secs using 103.2% CPU
WARNING: GTRX multistate model will estimate 5 substitution rates that might be overfitting for the length of your alignment/partition!
WARNING: Please only use GTRX with large data and always test for model fit!
Optimizing NNI: done in 0.00687513 secs using 103.3% CPU
WARNING: GTRX multistate model will estimate 5 substitution rates that might be overfitting for the length of your alignment/partition!
WARNING: Please only use GTRX with large data and always test for model fit!
Optimizing NNI: done in 0.00258802 secs using 103.2% CPU
WARNING: GTRX multistate model will estimate 5 substitution rates that might be overfitting for the length of your alignment/partition!
WARNING: Please only use GTRX with large data and always test for model fit!
Optimizing NNI: done in 0.00382847 secs using 103.3% CPU
WARNING: GTRX multistate model will estimate 5 substitution rates that might be overfitting for the length of your alignment/partition!
WARNING: Please only use GTRX with large data and always test for model fit!
Optimizing NNI: done in 0.00325392 secs using 103.3% CPU
WARNING: GTRX multistate model will estimate 5 substitution rates that might be overfitting for the length of your alignment/partition!
WARNING: Please only use GTRX with large data and always test for model fit!
Optimizing NNI: done in 0.00241966 secs using 103.2% CPU
WARNING: GTRX multistate model will estimate 5 substitution rates that might be overfitting for the length of your alignment/partition!
WARNING: Please only use GTRX with large data and always test for model fit!
Optimizing NNI: done in 0.00271961 secs using 103.3% CPU
WARNING: GTRX multistate model will estimate 5 substitution rates that might be overfitting for the length of your alignment/partition!
WARNING: Please only use GTRX with large data and always test for model fit!
Optimizing NNI: done in 0.00668355 secs using 31.44% CPU
WARNING: GTRX multistate model will estimate 5 substitution rates that might be overfitting for the length of your alignment/partition!
WARNING: Please only use GTRX with large data and always test for model fit!
Optimizing NNI: done in 0.00514169 secs using 103.3% CPU
WARNING: GTRX multistate model will estimate 5 substitution rates that might be overfitting for the length of your alignment/partition!
WARNING: Please only use GTRX with large data and always test for model fit!
Optimizing NNI: done in 0.00670535 secs using 103.3% CPU
WARNING: GTRX multistate model will estimate 5 substitution rates that might be overfitting for the length of your alignment/partition!
WARNING: Please only use GTRX with large data and always test for model fit!
Optimizing NNI: done in 0.00247367 secs using 103.3% CPU
WARNING: GTRX multistate model will estimate 5 substitution rates that might be overfitting for the length of your alignment/partition!
WARNING: Please only use GTRX with large data and always test for model fit!
Optimizing NNI: done in 0.00524654 secs using 103.3% CPU
WARNING: GTRX multistate model will estimate 5 substitution rates that might be overfitting for the length of your alignment/partition!
WARNING: Please only use GTRX with large data and always test for model fit!
Optimizing NNI: done in 0.0063928 secs using 103.3% CPU
WARNING: GTRX multistate model will estimate 5 substitution rates that might be overfitting for the length of your alignment/partition!
WARNING: Please only use GTRX with large data and always test for model fit!
Optimizing NNI: done in 0.00306741 secs using 103.3% CPU
WARNING: GTRX multistate model will estimate 5 substitution rates that might be overfitting for the length of your alignment/partition!
WARNING: Please only use GTRX with large data and always test for model fit!
Optimizing NNI: done in 0.00776414 secs using 103.3% CPU
WARNING: GTRX multistate model will estimate 5 substitution rates that might be overfitting for the length of your alignment/partition!
WARNING: Please only use GTRX with large data and always test for model fit!
Optimizing NNI: done in 0.00243951 secs using 103.3% CPU
WARNING: GTRX multistate model will estimate 5 substitution rates that might be overfitting for the length of your alignment/partition!
WARNING: Please only use GTRX with large data and always test for model fit!
Optimizing NNI: done in 0.00529782 secs using 103.3% CPU
WARNING: GTRX multistate model will estimate 5 substitution rates that might be overfitting for the length of your alignment/partition!
WARNING: Please only use GTRX with large data and always test for model fit!
Optimizing NNI: done in 0.00516168 secs using 103.3% CPU
WARNING: GTRX multistate model will estimate 5 substitution rates that might be overfitting for the length of your alignment/partition!
WARNING: Please only use GTRX with large data and always test for model fit!
Optimizing NNI: done in 0.00425461 secs using 103.3% CPU
WARNING: GTRX multistate model will estimate 5 substitution rates that might be overfitting for the length of your alignment/partition!
WARNING: Please only use GTRX with large data and always test for model fit!
Optimizing NNI: done in 0.00545477 secs using 103.3% CPU
WARNING: GTRX multistate model will estimate 5 substitution rates that might be overfitting for the length of your alignment/partition!
WARNING: Please only use GTRX with large data and always test for model fit!
Optimizing NNI: done in 0.00367925 secs using 103.3% CPU
WARNING: GTRX multistate model will estimate 5 substitution rates that might be overfitting for the length of your alignment/partition!
WARNING: Please only use GTRX with large data and always test for model fit!
Optimizing NNI: done in 0.00736944 secs using 103.3% CPU
WARNING: GTRX multistate model will estimate 5 substitution rates that might be overfitting for the length of your alignment/partition!
WARNING: Please only use GTRX with large data and always test for model fit!
Optimizing NNI: done in 0.00471008 secs using 103.3% CPU
WARNING: GTRX multistate model will estimate 5 substitution rates that might be overfitting for the length of your alignment/partition!
WARNING: Please only use GTRX with large data and always test for model fit!
Optimizing NNI: done in 0.0038602 secs using 103.3% CPU
WARNING: GTRX multistate model will estimate 5 substitution rates that might be overfitting for the length of your alignment/partition!
WARNING: Please only use GTRX with large data and always test for model fit!
Optimizing NNI: done in 0.00224086 secs using 103.3% CPU
WARNING: GTRX multistate model will estimate 5 substitution rates that might be overfitting for the length of your alignment/partition!
WARNING: Please only use GTRX with large data and always test for model fit!
Optimizing NNI: done in 0.00231498 secs using 103.2% CPU
WARNING: GTRX multistate model will estimate 5 substitution rates that might be overfitting for the length of your alignment/partition!
WARNING: Please only use GTRX with large data and always test for model fit!
Optimizing NNI: done in 0.00342196 secs using 103.3% CPU
WARNING: GTRX multistate model will estimate 5 substitution rates that might be overfitting for the length of your alignment/partition!
WARNING: Please only use GTRX with large data and always test for model fit!
Optimizing NNI: done in 0.00533827 secs using 103.3% CPU
WARNING: GTRX multistate model will estimate 5 substitution rates that might be overfitting for the length of your alignment/partition!
WARNING: Please only use GTRX with large data and always test for model fit!
Optimizing NNI: done in 0.00279106 secs using 103.3% CPU
WARNING: GTRX multistate model will estimate 5 substitution rates that might be overfitting for the length of your alignment/partition!
WARNING: Please only use GTRX with large data and always test for model fit!
Optimizing NNI: done in 0.00490583 secs using 103.3% CPU
WARNING: GTRX multistate model will estimate 5 substitution rates that might be overfitting for the length of your alignment/partition!
WARNING: Please only use GTRX with large data and always test for model fit!
Optimizing NNI: done in 0.00579577 secs using 103.3% CPU
WARNING: GTRX multistate model will estimate 5 substitution rates that might be overfitting for the length of your alignment/partition!
WARNING: Please only use GTRX with large data and always test for model fit!
Optimizing NNI: done in 0.00599694 secs using 103.3% CPU
WARNING: GTRX multistate model will estimate 5 substitution rates that might be overfitting for the length of your alignment/partition!
WARNING: Please only use GTRX with large data and always test for model fit!
Optimizing NNI: done in 0.00476417 secs using 103.3% CPU
WARNING: GTRX multistate model will estimate 5 substitution rates that might be overfitting for the length of your alignment/partition!
WARNING: Please only use GTRX with large data and always test for model fit!
Optimizing NNI: done in 0.0079477 secs using 103.3% CPU
WARNING: GTRX multistate model will estimate 5 substitution rates that might be overfitting for the length of your alignment/partition!
WARNING: Please only use GTRX with large data and always test for model fit!
Optimizing NNI: done in 0.00485813 secs using 103.3% CPU
WARNING: GTRX multistate model will estimate 5 substitution rates that might be overfitting for the length of your alignment/partition!
WARNING: Please only use GTRX with large data and always test for model fit!
Optimizing NNI: done in 0.00341335 secs using 103.3% CPU
WARNING: GTRX multistate model will estimate 5 substitution rates that might be overfitting for the length of your alignment/partition!
WARNING: Please only use GTRX with large data and always test for model fit!
Optimizing NNI: done in 0.00462831 secs using 103.3% CPU
WARNING: GTRX multistate model will estimate 5 substitution rates that might be overfitting for the length of your alignment/partition!
WARNING: Please only use GTRX with large data and always test for model fit!
Optimizing NNI: done in 0.003986 secs using 103.3% CPU
WARNING: GTRX multistate model will estimate 5 substitution rates that might be overfitting for the length of your alignment/partition!
WARNING: Please only use GTRX with large data and always test for model fit!
Optimizing NNI: done in 0.00720881 secs using 103.3% CPU
WARNING: GTRX multistate model will estimate 5 substitution rates that might be overfitting for the length of your alignment/partition!
WARNING: Please only use GTRX with large data and always test for model fit!
Optimizing NNI: done in 0.00192386 secs using 103.2% CPU
WARNING: GTRX multistate model will estimate 5 substitution rates that might be overfitting for the length of your alignment/partition!
WARNING: Please only use GTRX with large data and always test for model fit!
Optimizing NNI: done in 0.0029991 secs using 103.2% CPU
WARNING: GTRX multistate model will estimate 5 substitution rates that might be overfitting for the length of your alignment/partition!
WARNING: Please only use GTRX with large data and always test for model fit!
Optimizing NNI: done in 0.00911777 secs using 103.3% CPU
WARNING: GTRX multistate model will estimate 5 substitution rates that might be overfitting for the length of your alignment/partition!
WARNING: Please only use GTRX with large data and always test for model fit!
Optimizing NNI: done in 0.00480781 secs using 103.3% CPU
WARNING: GTRX multistate model will estimate 5 substitution rates that might be overfitting for the length of your alignment/partition!
WARNING: Please only use GTRX with large data and always test for model fit!
Optimizing NNI: done in 0.00255563 secs using 103.3% CPU
WARNING: GTRX multistate model will estimate 5 substitution rates that might be overfitting for the length of your alignment/partition!
WARNING: Please only use GTRX with large data and always test for model fit!
Optimizing NNI: done in 0.00422945 secs using 103.3% CPU
WARNING: GTRX multistate model will estimate 5 substitution rates that might be overfitting for the length of your alignment/partition!
WARNING: Please only use GTRX with large data and always test for model fit!
Optimizing NNI: done in 0.00368757 secs using 103.3% CPU
WARNING: GTRX multistate model will estimate 5 substitution rates that might be overfitting for the length of your alignment/partition!
WARNING: Please only use GTRX with large data and always test for model fit!
Optimizing NNI: done in 0.00401154 secs using 103.3% CPU
WARNING: GTRX multistate model will estimate 5 substitution rates that might be overfitting for the length of your alignment/partition!
WARNING: Please only use GTRX with large data and always test for model fit!
Optimizing NNI: done in 0.00608587 secs using 103.3% CPU
WARNING: GTRX multistate model will estimate 5 substitution rates that might be overfitting for the length of your alignment/partition!
WARNING: Please only use GTRX with large data and always test for model fit!
Optimizing NNI: done in 0.0061329 secs using 103.3% CPU
WARNING: GTRX multistate model will estimate 5 substitution rates that might be overfitting for the length of your alignment/partition!
WARNING: Please only use GTRX with large data and always test for model fit!
Optimizing NNI: done in 0.00684837 secs using 103.3% CPU
WARNING: GTRX multistate model will estimate 5 substitution rates that might be overfitting for the length of your alignment/partition!
WARNING: Please only use GTRX with large data and always test for model fit!
Optimizing NNI: done in 0.00228218 secs using 103.3% CPU
WARNING: GTRX multistate model will estimate 5 substitution rates that might be overfitting for the length of your alignment/partition!
WARNING: Please only use GTRX with large data and always test for model fit!
Optimizing NNI: done in 0.00638361 secs using 103.3% CPU
WARNING: GTRX multistate model will estimate 5 substitution rates that might be overfitting for the length of your alignment/partition!
WARNING: Please only use GTRX with large data and always test for model fit!
Optimizing NNI: done in 0.00396393 secs using 103.2% CPU
WARNING: GTRX multistate model will estimate 5 substitution rates that might be overfitting for the length of your alignment/partition!
WARNING: Please only use GTRX with large data and always test for model fit!
Optimizing NNI: done in 0.00527208 secs using 103.3% CPU
WARNING: GTRX multistate model will estimate 5 substitution rates that might be overfitting for the length of your alignment/partition!
WARNING: Please only use GTRX with large data and always test for model fit!
Optimizing NNI: done in 0.00215532 secs using 103.2% CPU
WARNING: GTRX multistate model will estimate 5 substitution rates that might be overfitting for the length of your alignment/partition!
WARNING: Please only use GTRX with large data and always test for model fit!
Optimizing NNI: done in 0.010031 secs using 58.13% CPU
WARNING: GTRX multistate model will estimate 5 substitution rates that might be overfitting for the length of your alignment/partition!
WARNING: Please only use GTRX with large data and always test for model fit!
Optimizing NNI: done in 0.00360852 secs using 103.3% CPU
WARNING: GTRX multistate model will estimate 5 substitution rates that might be overfitting for the length of your alignment/partition!
WARNING: Please only use GTRX with large data and always test for model fit!
Optimizing NNI: done in 0.0024011 secs
WARNING: GTRX multistate model will estimate 5 substitution rates that might be overfitting for the length of your alignment/partition!
WARNING: Please only use GTRX with large data and always test for model fit!
Optimizing NNI: done in 0.00334571 secs using 98.66% CPU
WARNING: GTRX multistate model will estimate 5 substitution rates that might be overfitting for the length of your alignment/partition!
WARNING: Please only use GTRX with large data and always test for model fit!
Optimizing NNI: done in 0.00680976 secs using 98.7% CPU
WARNING: GTRX multistate model will estimate 5 substitution rates that might be overfitting for the length of your alignment/partition!
WARNING: Please only use GTRX with large data and always test for model fit!
Optimizing NNI: done in 0.00457664 secs using 103.3% CPU
WARNING: GTRX multistate model will estimate 5 substitution rates that might be overfitting for the length of your alignment/partition!
WARNING: Please only use GTRX with large data and always test for model fit!
Optimizing NNI: done in 0.00799386 secs using 103.3% CPU
1000 samples done
Total 1000 ufboot trees refined
TREE SEARCH COMPLETED AFTER 130 ITERATIONS / Time: 0h:0m:39s

--------------------------------------------------------------------
|                    FINALIZING TREE SEARCH                        |
--------------------------------------------------------------------
Performs final model parameters optimization
Estimate model parameters (epsilon = 0.010)
1. Initial log-likelihood: -701.141
Optimal log-likelihood: -701.136
Rate parameters: 3.206 0.000 6.430 5.918 6.992 1.000
State frequencies: 0.336 0.155 0.057 0.452
State frequencies: 0.578 0.033 0.338 0.052
Mixture weights: 0.576 0.424
Gamma shape alpha: 0.783
Parameters optimization took 1 rounds (0.025 sec)
BEST SCORE FOUND : -701.136

Testing tree branches by SH-like aLRT with 1000 replicates...
0.033 sec.
Creating bootstrap support values...
Split supports printed to NEXUS file Multistate50MKGTRXFQFO.splits.nex
Total tree length: 4.604

Total number of iterations: 130
CPU time used for tree search: 16.935 sec (0h:0m:16s)
Wall-clock time used for tree search: 17.900 sec (0h:0m:17s)
Total CPU time used: 48.357 sec (0h:0m:48s)
Total wall-clock time used: 39.388 sec (0h:0m:39s)
UFBoot trees printed to Multistate50MKGTRXFQFO.ufboot

Computing bootstrap consensus tree...
Reading input file Multistate50MKGTRXFQFO.splits.nex...
30 taxa and 1550 splits.
Consensus tree written to Multistate50MKGTRXFQFO.contree
Reading input trees file Multistate50MKGTRXFQFO.contree
Log-likelihood of consensus tree: -701.137

Analysis results written to: 
  IQ-TREE report:                Multistate50MKGTRXFQFO.iqtree
  Maximum-likelihood tree:       Multistate50MKGTRXFQFO.treefile
  Likelihood distances:          Multistate50MKGTRXFQFO.mldist

Ultrafast bootstrap approximation results written to:
  Split support values:          Multistate50MKGTRXFQFO.splits.nex
  Consensus tree:                Multistate50MKGTRXFQFO.contree
  UFBoot trees:                  Multistate50MKGTRXFQFO.ufboot
  Screen log file:               Multistate50MKGTRXFQFO.log

Date and Time: Tue Apr 29 16:24:16 2025
