IQ-TREE version 3.0.0 for Linux x86 64-bit built Apr 28 2025
Developed by Bui Quang Minh, Thomas Wong, Nhan Ly-Trong, Huaiyan Ren
Contributed by Lam-Tung Nguyen, Dominik Schrempf, Chris Bielow,
Olga Chernomor, Michael Woodhams, Diep Thi Hoang, Heiko Schmidt

Host:    Hiroaki (AVX2, FMA3, 15 GB RAM)
Command: ../../iqtree3ForkBuild/build/iqtree3 -s Khalturin2022.WoGaps.recSR4.Subsampled.fasta -m MIX+MFP -mrate-twice 1 -mset MK,GTRX -mfreq FQ,FO -B 1000 -bnni -alrt 1000 -T AUTO --prefix MultistateMKGTRXFQFO
Seed:    716382 (Using SPRNG - Scalable Parallel Random Number Generator)
Time:    Tue Apr 29 00:03:29 2025
Kernel:  AVX+FMA - auto-detect threads (8 CPU cores detected)

Reading alignment file Khalturin2022.WoGaps.recSR4.Subsampled.fasta ... Fasta format detected
Reading fasta file: done in 0.000354062 secs using 19.49% CPU
Alignment most likely contains 4-state morphological data
Constructing alignment: done in 6.7067e-05 secs using 101.4% CPU
Alignment has 30 sequences with 50 columns, 43 distinct patterns
31 parsimony-informative, 9 singleton sites, 10 constant sites
     Gap/Ambiguity  Composition  p-value
Analyzing sequences: done in 1.1847e-05 secs using 92.85% CPU
   1  sym    0.00%    passed     95.30%
   2  cte    0.00%    passed     82.71%
   3  ne2    0.00%    passed     98.57%
   4  bmo    0.00%    passed     88.55%
   5  pfu    0.00%    passed     93.45%
   6  cgi    0.00%    passed     19.37%
   7  csp    0.00%    passed     94.82%
   8  lox    0.00%    passed     90.23%
   9  miz    0.00%    passed      9.75%
  10  bar    0.00%    passed     97.56%
  11  lmi    0.00%    passed      6.48%
  12  tca    0.00%    passed     79.33%
  13  nve    0.00%    passed     95.43%
  14  not    0.00%    passed     85.71%
  15  lan    0.00%    passed     84.18%
  16  lgi    0.00%    passed     68.21%
  17  mvi    0.00%    passed     98.67%
  18  lun    0.00%    passed     84.18%
  19  mgr    0.00%    passed     98.67%
  20  ped    0.00%    passed     84.18%
  21  flu    0.00%    passed     82.64%
  22  bne    0.00%    passed     20.99%
  23  nvi    0.00%    passed     73.56%
  24  dme    0.00%    passed     88.55%
  25  dbe    0.00%    passed     82.64%
  26  bst    0.00%    passed     93.12%
  27  dpu    0.00%    passed     29.10%
  28  obi    0.00%    passed     79.53%
  29  mme    0.00%    passed     25.10%
  30  pho    0.00%    passed     98.05%
****  TOTAL    0.00%  0 sequences failed composition chi2 test (p-value<5%; df=3)
NOTE: lun is identical to lan but kept for subsequent analysis
Checking for duplicate sequences: done in 0.00150806 secs using 677.6% CPU
--------------------------------------------------------------------
|                Optimizing Q-mixture model                        |
--------------------------------------------------------------------

Creating fast initial parsimony tree by random order stepwise addition...
0.013 seconds, parsimony score: 167 (based on 40 sites)
Measuring multi-threading efficiency up to 8 CPU cores
Increase to 10 rounds for branch lengths
2354 trees examined
Threads: 1 / Time: 8.002 sec / Speedup: 1.000 / Efficiency: 100% / LogL: -939
Threads: 2 / Time: 9.736 sec / Speedup: 0.822 / Efficiency: 41% / LogL: -939
Determining AUTO threadcount: done in 17.7394 secs using 154.2% CPU
BEST NUMBER OF THREADS: 1

Perform fast likelihood tree search using MK+I+G model...
Estimate model parameters (epsilon = 5.000)
Perform nearest neighbor interchange...
Optimizing NNI: done in 0.00644016 secs using 99.64% CPU
Estimate model parameters (epsilon = 1.000)
1. Initial log-likelihood: -779.823
Optimal log-likelihood: -779.814
Proportion of invariable sites: 0.081
Gamma shape alpha: 1.169
Parameters optimization took 1 rounds (0.002 sec)
Time for fast ML tree search: 0.014 seconds

NOTE: ModelFinder requires 0 MB RAM!
ModelFinder will test up to 88 morphological models (sample size: 50 epsilon: 0.100) ...
 No. Model         -LnL         df  AIC          AICc         BIC
  1  MK+FQ         813.018      57  1740.035     8352.035     1849.021
  2  MK+FQ+I       796.664      58  1709.328     8553.328     1820.225
  3  MK+FQ+G4      779.863      58  1675.727     8519.727     1786.624
  4  MK+FQ+I+G4    779.809      59  1677.617     8757.617     1790.427
  5  MK+FQ+R2      782.338      59  1682.676     8762.676     1795.486
  6  MK+FQ+R3      779.857      61  1681.713     9245.713     1798.347
 14  MK+FQ+I+R2    780.550      60  1681.100     9001.100     1795.822
 15  MK+FQ+I+R3    779.378      62  1682.757     9494.757     1801.302
 25  MK+FO+G4      754.961      61  1631.922     9195.922     1748.555
 26  MK+FO+I+G4    755.027      62  1634.054     9446.054     1752.599
 27  MK+FO+R2      757.675      62  1639.351     9451.351     1757.896
 36  MK+FO+I+R2    755.030      63  1636.060     9700.060     1756.518
WARNING: GTRX multistate model will estimate 5 substitution rates that might be overfitting!
WARNING: Please only use GTRX with very large data and always test for model fit!
 47  GTRX+FQ+G4    762.209      63  1650.419     9714.419     1770.876
WARNING: GTRX multistate model will estimate 5 substitution rates that might be overfitting!
WARNING: Please only use GTRX with very large data and always test for model fit!
 48  GTRX+FQ+I+G4  762.203      64  1652.406     9972.406     1774.776
WARNING: GTRX multistate model will estimate 5 substitution rates that might be overfitting!
WARNING: Please only use GTRX with very large data and always test for model fit!
 49  GTRX+FQ+R2    765.158      64  1658.316     9978.316     1780.685
WARNING: GTRX multistate model will estimate 5 substitution rates that might be overfitting!
WARNING: Please only use GTRX with very large data and always test for model fit!
 58  GTRX+FQ+I+R2  763.001      65  1656.002     10236.002    1780.283
WARNING: GTRX multistate model will estimate 5 substitution rates that might be overfitting!
WARNING: Please only use GTRX with very large data and always test for model fit!
 69  GTRX+FO+G4    742.932      66  1617.865     10461.865    1744.058
WARNING: GTRX multistate model will estimate 5 substitution rates that might be overfitting!
WARNING: Please only use GTRX with very large data and always test for model fit!
 70  GTRX+FO+I+G4  743.038      67  1620.075     10732.075    1748.181
WARNING: GTRX multistate model will estimate 5 substitution rates that might be overfitting!
WARNING: Please only use GTRX with very large data and always test for model fit!
 71  GTRX+FO+R2    743.914      67  1621.827     10733.827    1749.933
WARNING: GTRX multistate model will estimate 5 substitution rates that might be overfitting!
WARNING: Please only use GTRX with very large data and always test for model fit!
 80  GTRX+FO+I+R2  742.598      68  1621.197     11005.197    1751.214
Akaike Information Criterion:           GTRX+FO+G4
Corrected Akaike Information Criterion: MK+FQ
Bayesian Information Criterion:         GTRX+FO+G4
Best-fit model: GTRX+FO+G4 chosen according to BIC

All model information printed to MultistateMKGTRXFQFO.model.gz
CPU time for ModelFinder: 27.542 seconds (0h:0m:27s)
Wall-clock time for ModelFinder: 17.982 seconds (0h:0m:17s)

Model: GTRX+FO+G4; df: 66; loglike: -742.932; BIC score: 1744.058

Keep adding an additional class until there is no better BIC value

NOTE: Restoring information from model checkpoint file MultistateMKGTRXFQFO.model.gz
NOTE: MixtureFinder 2-class models requires 0 MB RAM!
ModelFinder will test up to 4 morphological models (sample size: 50 epsilon: 0.100) ...
 No. Model         -LnL         df  AIC          AICc         BIC
WARNING: GTRX multistate model will estimate 5 substitution rates that might be overfitting!
WARNING: Please only use GTRX with very large data and always test for model fit!
  1  MIX{GTRX+FO,MK+FQ}+G4 736.841      67  1607.682     10719.682    1735.788
WARNING: GTRX multistate model will estimate 5 substitution rates that might be overfitting!
WARNING: Please only use GTRX with very large data and always test for model fit!
  2  MIX{GTRX+FO,MK+FO}+G4 719.813      70  1579.626     11519.626    1713.468
WARNING: GTRX multistate model will estimate 5 substitution rates that might be overfitting!
WARNING: Please only use GTRX with very large data and always test for model fit!
WARNING: GTRX multistate model will estimate 5 substitution rates that might be overfitting!
WARNING: Please only use GTRX with very large data and always test for model fit!
  3  MIX{GTRX+FO,GTRX+FQ}+G4 721.442      72  1586.883     12098.883    1724.549
WARNING: GTRX multistate model will estimate 5 substitution rates that might be overfitting!
WARNING: Please only use GTRX with very large data and always test for model fit!
WARNING: GTRX multistate model will estimate 5 substitution rates that might be overfitting!
WARNING: Please only use GTRX with very large data and always test for model fit!
  4  MIX{GTRX+FO,GTRX+FO}+G4 712.192      75  1574.384     12974.384    1717.785
Best-fit model: MIX{GTRX+FO,MK+FO}+G4 chosen according to BIC

All model information printed to MultistateMKGTRXFQFO.model.gz
CPU time for MixtureFinder 2-class models: 0.600 seconds (0h:0m:0s)
Wall-clock time for MixtureFinder 2-class models: 0.590 seconds (0h:0m:0s)

Model: MIX{GTRX+FO,MK+FO}+G4; df: 70; loglike: -719.813; BIC score: 1713.468;

NOTE: Restoring information from model checkpoint file MultistateMKGTRXFQFO.model.gz
NOTE: MixtureFinder 3-class models requires 0 MB RAM!
ModelFinder will test up to 4 morphological models (sample size: 50 epsilon: 0.100) ...
 No. Model         -LnL         df  AIC          AICc         BIC
WARNING: GTRX multistate model will estimate 5 substitution rates that might be overfitting!
WARNING: Please only use GTRX with very large data and always test for model fit!
  1  MIX{GTRX+FO,MK+FO,MK+FQ}+G4 719.211      71  1580.421     11804.421    1716.175
WARNING: GTRX multistate model will estimate 5 substitution rates that might be overfitting!
WARNING: Please only use GTRX with very large data and always test for model fit!
  2  MIX{GTRX+FO,MK+FO,MK+FO}+G4 714.224      74  1576.448     12676.448    1717.937
WARNING: GTRX multistate model will estimate 5 substitution rates that might be overfitting!
WARNING: Please only use GTRX with very large data and always test for model fit!
WARNING: GTRX multistate model will estimate 5 substitution rates that might be overfitting!
WARNING: Please only use GTRX with very large data and always test for model fit!
  3  MIX{GTRX+FO,MK+FO,GTRX+FQ}+G4 718.710      76  1589.419     13293.419    1734.733
WARNING: GTRX multistate model will estimate 5 substitution rates that might be overfitting!
WARNING: Please only use GTRX with very large data and always test for model fit!
WARNING: GTRX multistate model will estimate 5 substitution rates that might be overfitting!
WARNING: Please only use GTRX with very large data and always test for model fit!
  4  MIX{GTRX+FO,MK+FO,GTRX+FO}+G4 714.012      79  1586.024     14226.024    1737.073
Best-fit model: MIX{GTRX+FO,MK+FO,MK+FQ}+G4 chosen according to BIC

All model information printed to MultistateMKGTRXFQFO.model.gz
CPU time for MixtureFinder 3-class models: 0.803 seconds (0h:0m:0s)
Wall-clock time for MixtureFinder 3-class models: 0.783 seconds (0h:0m:0s)

Model: MIX{GTRX+FO,MK+FO,MK+FQ}+G4; df: 71; loglike: -719.211; BIC score: 1716.175;

NOTE: Restoring information from model checkpoint file MultistateMKGTRXFQFO.model.gz
NOTE: MixtureFinder 2-class models requires 0 MB RAM!
ModelFinder will test up to 22 morphological models (sample size: 50 epsilon: 0.100) ...
 No. Model         -LnL         df  AIC          AICc         BIC
WARNING: GTRX multistate model will estimate 5 substitution rates that might be overfitting!
WARNING: Please only use GTRX with very large data and always test for model fit!
  1  MIX{GTRX+FO,MK+FO} 738.854      69  1615.709     11275.709    1747.638
WARNING: GTRX multistate model will estimate 5 substitution rates that might be overfitting!
WARNING: Please only use GTRX with very large data and always test for model fit!
  2  MIX{GTRX+FO,MK+FO}+I 730.237      70  1600.473     11540.473    1734.315
WARNING: GTRX multistate model will estimate 5 substitution rates that might be overfitting!
WARNING: Please only use GTRX with very large data and always test for model fit!
  3  MIX{GTRX+FO,MK+FO}+G4 719.813      70  1579.626     11519.626    1713.468
WARNING: GTRX multistate model will estimate 5 substitution rates that might be overfitting!
WARNING: Please only use GTRX with very large data and always test for model fit!
  4  MIX{GTRX+FO,MK+FO}+I+G4 719.591      71  1581.183     11805.183    1716.936
WARNING: GTRX multistate model will estimate 5 substitution rates that might be overfitting!
WARNING: Please only use GTRX with very large data and always test for model fit!
  5  MIX{GTRX+FO,MK+FO}+R2 718.316      71  1578.632     11802.632    1714.386
WARNING: GTRX multistate model will estimate 5 substitution rates that might be overfitting!
WARNING: Please only use GTRX with very large data and always test for model fit!
+R3 reinitialized from +R2 with factor 0.500
+R3 reinitialized from +R2 with factor 0.250
  6  MIX{GTRX+FO,MK+FO}+R3 718.405      73  1582.810     12386.810    1722.388
WARNING: GTRX multistate model will estimate 5 substitution rates that might be overfitting!
WARNING: Please only use GTRX with very large data and always test for model fit!
 14  MIX{GTRX+FO,MK+FO}+I+R2 718.278      72  1580.556     12092.556    1718.222
WARNING: GTRX multistate model will estimate 5 substitution rates that might be overfitting!
WARNING: Please only use GTRX with very large data and always test for model fit!
+I+R3 reinitialized from +I+R2 with factor 0.500
 15  MIX{GTRX+FO,MK+FO}+I+R3 718.369      74  1584.738     12684.738    1726.228
Best-fit model: MIX{GTRX+FO,MK+FO}+G4 chosen according to BIC

All model information printed to MultistateMKGTRXFQFO.model.gz
CPU time for MixtureFinder 2-class models: 0.599 seconds (0h:0m:0s)
Wall-clock time for MixtureFinder 2-class models: 0.592 seconds (0h:0m:0s)
-------------------------------------------------------
  Best-fit Q-Mixture model: MIX{GTRX+FO,MK+FO}+G4
-------------------------------------------------------
Generating 1000 samples for ultrafast bootstrap (seed: 716382)...
WARNING: GTRX multistate model will estimate 5 substitution rates that might be overfitting!
WARNING: Please only use GTRX with very large data and always test for model fit!

NOTE: 0 MB RAM (0 GB) is required!
Estimate model parameters (epsilon = 0.100)
1. Initial log-likelihood: -723.337
2. Current log-likelihood: -720.199
3. Current log-likelihood: -719.831
Optimal log-likelihood: -719.806
Rate parameters: 1.667 0.943 0.451 1.834 8.873 1.000
State frequencies: 0.622 0.016 0.299 0.064
State frequencies: 0.302 0.200 0.029 0.470
Mixture weights: 0.441 0.559
Gamma shape alpha: 0.874
Parameters optimization took 3 rounds (0.079 sec)
Wrote distance file to... 
Computing ML distances based on estimated model parameters...
Calculating distance matrix: done in 0.00357773 secs using 105.1% CPU
Computing ML distances took 0.004130 sec (of wall-clock time) 0.003985 sec (of CPU time)
Setting up auxiliary I and S matrices: done in 3.901e-05 secs using 105.1% CPU
Constructing RapidNJ tree: done in 0.000117979 secs using 106.8% CPU
Computing RapidNJ tree took 0.000607 sec (of wall-clock time) 0.000308 sec (of CPU time)
Log-likelihood of RapidNJ tree: -718.744
--------------------------------------------------------------------
|             INITIALIZING CANDIDATE TREE SET                      |
--------------------------------------------------------------------
Generating 98 parsimony trees... 0.149 second
Computing log-likelihood of 98 initial trees ... 0.097 seconds
Current best score: -712.170

Do NNI search on 20 best initial trees
Optimizing NNI: done in 0.0332498 secs using 104.9% CPU
Estimate model parameters (epsilon = 0.100)
BETTER TREE FOUND at iteration 1: -708.440
Optimizing NNI: done in 0.0258973 secs using 64.64% CPU
Estimate model parameters (epsilon = 0.100)
BETTER TREE FOUND at iteration 2: -706.290
Optimizing NNI: done in 0.0523982 secs using 104.4% CPU
Estimate model parameters (epsilon = 0.100)
BETTER TREE FOUND at iteration 3: -702.584
Optimizing NNI: done in 0.0663939 secs using 105% CPU
Optimizing NNI: done in 0.0340593 secs using 105.1% CPU
Optimizing NNI: done in 0.0493965 secs using 105.1% CPU
Optimizing NNI: done in 0.037219 secs using 105.1% CPU
Optimizing NNI: done in 0.045531 secs using 105.1% CPU
Optimizing NNI: done in 0.0433819 secs using 105.1% CPU
Optimizing NNI: done in 0.0495847 secs using 105% CPU
Iteration 10 / LogL: -707.436 / Time: 0h:0m:21s
Optimizing NNI: done in 0.0533241 secs using 85.63% CPU
Optimizing NNI: done in 0.0502358 secs using 105.1% CPU
Optimizing NNI: done in 0.0475037 secs using 105.1% CPU
Optimizing NNI: done in 0.0452196 secs using 105.1% CPU
Optimizing NNI: done in 0.0530553 secs using 105.1% CPU
Optimizing NNI: done in 0.056349 secs using 87.02% CPU
Optimizing NNI: done in 0.0381192 secs using 104.7% CPU
Optimizing NNI: done in 0.0311944 secs using 105.1% CPU
Optimizing NNI: done in 0.0339324 secs using 105.1% CPU
Optimizing NNI: done in 0.0429655 secs using 105.1% CPU
Iteration 20 / LogL: -713.728 / Time: 0h:0m:21s
Finish initializing candidate tree set (20)
Current best tree score: -702.584 / CPU time: 1.393
Number of iterations: 20
--------------------------------------------------------------------
|               OPTIMIZING CANDIDATE TREE SET                      |
--------------------------------------------------------------------
Optimizing NNI: done in 0.0339146 secs using 105.1% CPU
Optimizing NNI: done in 0.0370613 secs using 105.1% CPU
Optimizing NNI: done in 0.046675 secs using 105.1% CPU
Estimate model parameters (epsilon = 0.100)
BETTER TREE FOUND at iteration 23: -702.094
Optimizing NNI: done in 0.0477067 secs using 105.1% CPU
Optimizing NNI: done in 0.0409757 secs using 105.1% CPU
BETTER TREE FOUND at iteration 25: -702.085
Optimizing NNI: done in 0.0357775 secs using 105.1% CPU
Optimizing NNI: done in 0.0401026 secs using 79.62% CPU
Optimizing NNI: done in 0.0410122 secs using 104.9% CPU
Optimizing NNI: done in 0.0275369 secs using 66.83% CPU
BETTER TREE FOUND at iteration 29: -702.085
Optimizing NNI: done in 0.0311603 secs using 104.1% CPU
BETTER TREE FOUND at iteration 30: -702.084
Iteration 30 / LogL: -702.084 / Time: 0h:0m:21s (0h:0m:6s left)
Optimizing NNI: done in 0.0382515 secs using 76.54% CPU
Optimizing NNI: done in 0.0356266 secs using 104.7% CPU
Optimizing NNI: done in 0.0254547 secs using 104.7% CPU
Optimizing NNI: done in 0.0273654 secs using 104.7% CPU
Optimizing NNI: done in 0.0296251 secs using 104.7% CPU
Optimizing NNI: done in 0.0334952 secs using 104.7% CPU
Optimizing NNI: done in 0.0302827 secs using 91.09% CPU
Optimizing NNI: done in 0.025079 secs using 94.25% CPU
Optimizing NNI: done in 0.0250908 secs using 104.7% CPU
Optimizing NNI: done in 0.03681 secs using 95.98% CPU
Iteration 40 / LogL: -702.085 / Time: 0h:0m:22s (0h:0m:5s left)
Optimizing NNI: done in 0.0517132 secs using 97.61% CPU
Optimizing NNI: done in 0.0363132 secs using 76.09% CPU
Optimizing NNI: done in 0.0317563 secs using 104.7% CPU
Optimizing NNI: done in 0.032587 secs using 104.7% CPU
Optimizing NNI: done in 0.0351082 secs using 104.7% CPU
Optimizing NNI: done in 0.0378231 secs using 104.7% CPU
UPDATE BEST LOG-LIKELIHOOD: -702.084
Optimizing NNI: done in 0.0362363 secs using 76.42% CPU
Optimizing NNI: done in 0.0487594 secs using 104.6% CPU
Optimizing NNI: done in 0.0393361 secs using 104.7% CPU
Optimizing NNI: done in 0.0369923 secs using 104.7% CPU
UPDATE BEST LOG-LIKELIHOOD: -702.084
Iteration 50 / LogL: -702.084 / Time: 0h:0m:22s (0h:0m:4s left)
Optimizing NNI: done in 0.0409296 secs using 104.7% CPU
Optimizing NNI: done in 0.0510619 secs using 104.7% CPU
Optimizing NNI: done in 0.0501731 secs using 104.7% CPU
Optimizing NNI: done in 0.0623145 secs using 104.7% CPU
Optimizing NNI: done in 0.0304093 secs using 104.7% CPU
Optimizing NNI: done in 0.0476958 secs using 104.7% CPU
Optimizing NNI: done in 0.0462997 secs using 104.7% CPU
Optimizing NNI: done in 0.0343281 secs using 104.7% CPU
Optimizing NNI: done in 0.0341568 secs using 104.7% CPU
Optimizing NNI: done in 0.0536096 secs using 104.7% CPU
Iteration 60 / LogL: -702.085 / Time: 0h:0m:23s (0h:0m:3s left)
Optimizing NNI: done in 0.0390128 secs using 104.7% CPU
Optimizing NNI: done in 0.0534133 secs using 104.7% CPU
Optimizing NNI: done in 0.0499071 secs using 104.7% CPU
Optimizing NNI: done in 0.0505441 secs using 104.7% CPU
Optimizing NNI: done in 0.0297504 secs using 71.83% CPU
UPDATE BEST LOG-LIKELIHOOD: -702.084
Optimizing NNI: done in 0.0315406 secs using 103.5% CPU
Optimizing NNI: done in 0.045337 secs using 104.7% CPU
Optimizing NNI: done in 0.0331005 secs using 104.7% CPU
Optimizing NNI: done in 0.0284822 secs using 104.7% CPU
Optimizing NNI: done in 0.0318757 secs using 104.7% CPU
Iteration 70 / LogL: -702.084 / Time: 0h:0m:23s (0h:0m:3s left)
Optimizing NNI: done in 0.030386 secs using 104.7% CPU
Optimizing NNI: done in 0.0466995 secs using 104.7% CPU
Optimizing NNI: done in 0.0366375 secs using 104.7% CPU
Optimizing NNI: done in 0.0472974 secs using 104.7% CPU
Optimizing NNI: done in 0.0385276 secs using 104.7% CPU
Optimizing NNI: done in 0.0587283 secs using 87.3% CPU
Optimizing NNI: done in 0.0375478 secs using 104.6% CPU
Optimizing NNI: done in 0.0397185 secs using 104.7% CPU
Optimizing NNI: done in 0.0297898 secs using 104.7% CPU
Optimizing NNI: done in 0.0365044 secs using 104.7% CPU
Iteration 80 / LogL: -713.650 / Time: 0h:0m:24s (0h:0m:2s left)
Optimizing NNI: done in 0.047751 secs using 104.7% CPU
Optimizing NNI: done in 0.0294079 secs using 104.7% CPU
Optimizing NNI: done in 0.0437601 secs using 104.7% CPU
Optimizing NNI: done in 0.0355005 secs using 104.7% CPU
Optimizing NNI: done in 0.0453534 secs using 104.7% CPU
Optimizing NNI: done in 0.0597372 secs using 104.7% CPU
Optimizing NNI: done in 0.0422363 secs using 82.43% CPU
Optimizing NNI: done in 0.0224675 secs using 58.22% CPU
Optimizing NNI: done in 0.0366413 secs using 104.5% CPU
Optimizing NNI: done in 0.0335118 secs using 104.7% CPU
Iteration 90 / LogL: -702.085 / Time: 0h:0m:24s (0h:0m:2s left)
Optimizing NNI: done in 0.0585112 secs using 104.7% CPU
Optimizing NNI: done in 0.0360559 secs using 104.7% CPU
Optimizing NNI: done in 0.0336082 secs using 104.7% CPU
Optimizing NNI: done in 0.0266751 secs using 104.7% CPU
Optimizing NNI: done in 0.0413963 secs using 104.7% CPU
Optimizing NNI: done in 0.068394 secs using 104.7% CPU
Optimizing NNI: done in 0.0368571 secs using 104.7% CPU
Optimizing NNI: done in 0.0438808 secs using 104.7% CPU
Optimizing NNI: done in 0.0171432 secs using 104.7% CPU
Optimizing NNI: done in 0.0610438 secs using 104.7% CPU
Iteration 100 / LogL: -702.271 / Time: 0h:0m:24s (0h:0m:1s left)
Optimizing NNI: done in 0.03814 secs using 77.78% CPU
Optimizing NNI: done in 0.0368763 secs using 104.7% CPU
Optimizing NNI: done in 0.0427008 secs using 104.7% CPU
Optimizing NNI: done in 0.0468636 secs using 82.4% CPU
Optimizing NNI: done in 0.0356453 secs using 104.7% CPU
Optimizing NNI: done in 0.0318919 secs using 104.7% CPU
Optimizing NNI: done in 0.0461103 secs using 104.7% CPU
Optimizing NNI: done in 0.0344277 secs using 104.7% CPU
Optimizing NNI: done in 0.0230208 secs using 104.7% CPU
Optimizing NNI: done in 0.051591 secs using 84.71% CPU
Iteration 110 / LogL: -702.084 / Time: 0h:0m:25s (0h:0m:0s left)
Optimizing NNI: done in 0.0269864 secs using 104.5% CPU
Optimizing NNI: done in 0.0630565 secs using 104.7% CPU
Optimizing NNI: done in 0.0458891 secs using 81.94% CPU
Optimizing NNI: done in 0.0446572 secs using 104.7% CPU
Optimizing NNI: done in 0.0589024 secs using 86.78% CPU
Optimizing NNI: done in 0.100242 secs using 104.7% CPU
Optimizing NNI: done in 0.0785809 secs using 104.7% CPU
Optimizing NNI: done in 0.066608 secs using 104.7% CPU
Optimizing NNI: done in 0.0520811 secs using 85.29% CPU
Optimizing NNI: done in 0.115287 secs using 86.22% CPU
Iteration 120 / LogL: -702.085 / Time: 0h:0m:26s (0h:0m:0s left)
Optimizing NNI: done in 0.109005 secs using 104.7% CPU
Optimizing NNI: done in 0.073785 secs using 104.7% CPU
Optimizing NNI: done in 0.104904 secs using 104.7% CPU
Optimizing NNI: done in 0.0683896 secs using 104.7% CPU
Optimizing NNI: done in 0.0432235 secs using 104.7% CPU
Optimizing NNI: done in 0.0818646 secs using 92.03% CPU
Optimizing NNI: done in 0.0246546 secs using 104.7% CPU
Optimizing NNI: done in 0.0511552 secs using 104.7% CPU
Optimizing NNI: done in 0.0499882 secs using 104.7% CPU
Estimate model parameters (epsilon = 0.100)
BETTER TREE FOUND at iteration 129: -701.729
Optimizing NNI: done in 0.0386263 secs using 104.7% CPU
Estimate model parameters (epsilon = 0.100)
BETTER TREE FOUND at iteration 130: -701.593
Iteration 130 / LogL: -701.593 / Time: 0h:0m:26s (0h:0m:5s left)
Optimizing NNI: done in 0.038072 secs using 104.7% CPU
Optimizing NNI: done in 0.0287374 secs using 104.7% CPU
Optimizing NNI: done in 0.0507902 secs using 84.78% CPU
Optimizing NNI: done in 0.0348158 secs using 104.7% CPU
BETTER TREE FOUND at iteration 134: -701.592
Optimizing NNI: done in 0.0554563 secs using 104.6% CPU
Optimizing NNI: done in 0.0291384 secs using 104.6% CPU
Optimizing NNI: done in 0.0627253 secs using 87.96% CPU
Optimizing NNI: done in 0.041333 secs using 104.7% CPU
Optimizing NNI: done in 0.0473564 secs using 104.7% CPU
Optimizing NNI: done in 0.0384855 secs using 104.7% CPU
Iteration 140 / LogL: -701.593 / Time: 0h:0m:27s (0h:0m:4s left)
Optimizing NNI: done in 0.0662172 secs using 104.7% CPU
Optimizing NNI: done in 0.0460701 secs using 104.7% CPU
Optimizing NNI: done in 0.0320574 secs using 104.7% CPU
BETTER TREE FOUND at iteration 143: -701.592
Optimizing NNI: done in 0.0351092 secs using 104.7% CPU
Optimizing NNI: done in 0.0230642 secs using 104.7% CPU
Optimizing NNI: done in 0.0295392 secs using 70.33% CPU
Optimizing NNI: done in 0.035883 secs using 104.7% CPU
Optimizing NNI: done in 0.0507015 secs using 104.7% CPU
Estimate model parameters (epsilon = 0.100)
BETTER TREE FOUND at iteration 148: -701.368
Optimizing NNI: done in 0.0611067 secs using 87.07% CPU
Optimizing NNI: done in 0.0449634 secs using 104.7% CPU
Iteration 150 / LogL: -701.733 / Time: 0h:0m:27s (0h:0m:5s left)
Optimizing NNI: done in 0.0405842 secs using 104.7% CPU
Optimizing NNI: done in 0.0594557 secs using 104.7% CPU
Optimizing NNI: done in 0.0456141 secs using 104.7% CPU
Optimizing NNI: done in 0.0405072 secs using 104% CPU
Optimizing NNI: done in 0.0312235 secs using 104.6% CPU
Optimizing NNI: done in 0.0475377 secs using 104.7% CPU
UPDATE BEST LOG-LIKELIHOOD: -701.367
Optimizing NNI: done in 0.0516356 secs using 104.7% CPU
Optimizing NNI: done in 0.0375369 secs using 104.7% CPU
Optimizing NNI: done in 0.0487605 secs using 104.1% CPU
UPDATE BEST LOG-LIKELIHOOD: -701.367
Optimizing NNI: done in 0.0452369 secs using 104.7% CPU
Iteration 160 / LogL: -703.130 / Time: 0h:0m:28s (0h:0m:4s left)
Optimizing NNI: done in 0.0343635 secs using 104.7% CPU
Optimizing NNI: done in 0.0559721 secs using 104.7% CPU
Optimizing NNI: done in 0.0455035 secs using 82.33% CPU
Optimizing NNI: done in 0.0408771 secs using 104.4% CPU
Optimizing NNI: done in 0.0500511 secs using 104.7% CPU
Optimizing NNI: done in 0.0607624 secs using 104.7% CPU
Optimizing NNI: done in 0.0499688 secs using 104.7% CPU
Optimizing NNI: done in 0.0520787 secs using 104.7% CPU
Optimizing NNI: done in 0.0582026 secs using 104.5% CPU
Optimizing NNI: done in 0.0425039 secs using 104.7% CPU
Iteration 170 / LogL: -702.154 / Time: 0h:0m:28s (0h:0m:4s left)
Optimizing NNI: done in 0.0670581 secs using 89.23% CPU
Optimizing NNI: done in 0.075651 secs using 104.6% CPU
Optimizing NNI: done in 0.0588282 secs using 104.7% CPU
Optimizing NNI: done in 0.047544 secs using 104.7% CPU
Optimizing NNI: done in 0.0565865 secs using 104.7% CPU
Optimizing NNI: done in 0.041927 secs using 79.15% CPU
Optimizing NNI: done in 0.0565618 secs using 104.7% CPU
UPDATE BEST LOG-LIKELIHOOD: -701.367
Optimizing NNI: done in 0.064149 secs using 104.7% CPU
Optimizing NNI: done in 0.058984 secs using 104.7% CPU
BETTER TREE FOUND at iteration 179: -701.367
Optimizing NNI: done in 0.0502429 secs using 104.7% CPU
Iteration 180 / LogL: -702.166 / Time: 0h:0m:29s (0h:0m:5s left)
Optimizing NNI: done in 0.0618189 secs using 104.7% CPU
Optimizing NNI: done in 0.0316494 secs using 104.7% CPU
BETTER TREE FOUND at iteration 182: -701.367
Optimizing NNI: done in 0.0713732 secs using 104.7% CPU
Optimizing NNI: done in 0.075995 secs using 104.7% CPU
Optimizing NNI: done in 0.0757451 secs using 104.7% CPU
Optimizing NNI: done in 0.0887841 secs using 104.7% CPU
Optimizing NNI: done in 0.0386462 secs using 104.7% CPU
Optimizing NNI: done in 0.0691822 secs using 104.7% CPU
Optimizing NNI: done in 0.0562625 secs using 104.6% CPU
Optimizing NNI: done in 0.0463849 secs using 104.7% CPU
Iteration 190 / LogL: -703.551 / Time: 0h:0m:30s (0h:0m:4s left)
Optimizing NNI: done in 0.033304 secs using 104.7% CPU
Optimizing NNI: done in 0.0557939 secs using 104.2% CPU
Optimizing NNI: done in 0.0619051 secs using 104.7% CPU
Optimizing NNI: done in 0.0594583 secs using 104.7% CPU
Optimizing NNI: done in 0.0657722 secs using 104.7% CPU
Optimizing NNI: done in 0.0687861 secs using 104.7% CPU
Optimizing NNI: done in 0.0467146 secs using 104.7% CPU
Optimizing NNI: done in 0.0412493 secs using 104.7% CPU
Optimizing NNI: done in 0.0283271 secs using 103.9% CPU
Optimizing NNI: done in 0.0368991 secs using 76.28% CPU
Iteration 200 / LogL: -701.367 / Time: 0h:0m:30s (0h:0m:4s left)
Optimizing NNI: done in 0.0401327 secs using 104.7% CPU
Optimizing NNI: done in 0.0405381 secs using 104.7% CPU
Optimizing NNI: done in 0.0283184 secs using 104.7% CPU
Optimizing NNI: done in 0.0425436 secs using 81.33% CPU
Optimizing NNI: done in 0.0545284 secs using 104% CPU
Optimizing NNI: done in 0.0703449 secs using 104.7% CPU
Optimizing NNI: done in 0.034813 secs using 104.7% CPU
Optimizing NNI: done in 0.0520005 secs using 104.7% CPU
Optimizing NNI: done in 0.0329773 secs using 104.7% CPU
Optimizing NNI: done in 0.0471165 secs using 104.7% CPU
Iteration 210 / LogL: -702.667 / Time: 0h:0m:31s (0h:0m:3s left)
Optimizing NNI: done in 0.047234 secs using 104.7% CPU
UPDATE BEST LOG-LIKELIHOOD: -701.367
Optimizing NNI: done in 0.0422922 secs using 104.5% CPU
Optimizing NNI: done in 0.0333369 secs using 104.7% CPU
Optimizing NNI: done in 0.0382446 secs using 104.7% CPU
Optimizing NNI: done in 0.0403382 secs using 78.75% CPU
Optimizing NNI: done in 0.022564 secs using 104.7% CPU
Optimizing NNI: done in 0.0330744 secs using 83.32% CPU
Optimizing NNI: done in 0.060127 secs using 87.17% CPU
Optimizing NNI: done in 0.0351685 secs using 104.7% CPU
Optimizing NNI: done in 0.0365794 secs using 104.7% CPU
Iteration 220 / LogL: -701.367 / Time: 0h:0m:31s (0h:0m:3s left)
Optimizing NNI: done in 0.036863 secs using 104.7% CPU
Optimizing NNI: done in 0.0474755 secs using 104.7% CPU
Optimizing NNI: done in 0.0368937 secs using 104.7% CPU
Optimizing NNI: done in 0.0465077 secs using 104.7% CPU
Optimizing NNI: done in 0.0411842 secs using 104% CPU
Optimizing NNI: done in 0.0296821 secs using 104.7% CPU
Optimizing NNI: done in 0.0461146 secs using 104.7% CPU
Optimizing NNI: done in 0.0291647 secs using 104.7% CPU
Optimizing NNI: done in 0.0514128 secs using 104.7% CPU
Optimizing NNI: done in 0.036089 secs using 104.7% CPU
Iteration 230 / LogL: -701.766 / Time: 0h:0m:32s (0h:0m:2s left)
Optimizing NNI: done in 0.0419571 secs using 80.22% CPU
Optimizing NNI: done in 0.0380782 secs using 104.6% CPU
Optimizing NNI: done in 0.0575466 secs using 86.54% CPU
Optimizing NNI: done in 0.0338172 secs using 104.7% CPU
Optimizing NNI: done in 0.0289754 secs using 104.7% CPU
Optimizing NNI: done in 0.107162 secs using 94.97% CPU
Optimizing NNI: done in 0.0492443 secs using 104.6% CPU
Optimizing NNI: done in 0.0435781 secs using 80.83% CPU
Optimizing NNI: done in 0.0347794 secs using 104.7% CPU
Optimizing NNI: done in 0.0501547 secs using 104.7% CPU
Iteration 240 / LogL: -701.367 / Time: 0h:0m:32s (0h:0m:2s left)
Optimizing NNI: done in 0.0468364 secs using 104.7% CPU
Optimizing NNI: done in 0.0533151 secs using 104.7% CPU
Optimizing NNI: done in 0.0327266 secs using 104.7% CPU
Optimizing NNI: done in 0.0449329 secs using 81.55% CPU
Optimizing NNI: done in 0.047394 secs using 104.7% CPU
Optimizing NNI: done in 0.0372649 secs using 104.7% CPU
Optimizing NNI: done in 0.0484707 secs using 104.7% CPU
Optimizing NNI: done in 0.0316843 secs using 70.77% CPU
Optimizing NNI: done in 0.0519195 secs using 104.6% CPU
Optimizing NNI: done in 0.0485028 secs using 104.7% CPU
Iteration 250 / LogL: -702.154 / Time: 0h:0m:33s (0h:0m:1s left)
Optimizing NNI: done in 0.0370933 secs using 104.7% CPU
Optimizing NNI: done in 0.0360286 secs using 104.7% CPU
Optimizing NNI: done in 0.0351953 secs using 104.7% CPU
Optimizing NNI: done in 0.0550215 secs using 104.7% CPU
Optimizing NNI: done in 0.0389664 secs using 104.7% CPU
Optimizing NNI: done in 0.0571859 secs using 104.7% CPU
Optimizing NNI: done in 0.0714475 secs using 104.7% CPU
Optimizing NNI: done in 0.0452856 secs using 92.73% CPU
Optimizing NNI: done in 0.0863224 secs using 103.5% CPU
Optimizing NNI: done in 0.0297841 secs using 104.7% CPU
Iteration 260 / LogL: -701.368 / Time: 0h:0m:33s (0h:0m:1s left)
Optimizing NNI: done in 0.0671424 secs using 104.7% CPU
Optimizing NNI: done in 0.0542436 secs using 85.66% CPU
Optimizing NNI: done in 0.0377758 secs using 104.7% CPU
Optimizing NNI: done in 0.0534291 secs using 85.12% CPU
Optimizing NNI: done in 0.0525046 secs using 104.7% CPU
Optimizing NNI: done in 0.0297193 secs using 104.7% CPU
Optimizing NNI: done in 0.0349195 secs using 104.5% CPU
Optimizing NNI: done in 0.046692 secs using 68.64% CPU
Optimizing NNI: done in 0.0559875 secs using 103.9% CPU
Optimizing NNI: done in 0.0363743 secs using 104.7% CPU
Iteration 270 / LogL: -701.367 / Time: 0h:0m:34s (0h:0m:0s left)
Optimizing NNI: done in 0.0282877 secs using 104.7% CPU
UPDATE BEST LOG-LIKELIHOOD: -701.367
Optimizing NNI: done in 0.0613446 secs using 104.5% CPU
Optimizing NNI: done in 0.0388256 secs using 104.7% CPU
Optimizing NNI: done in 0.0468472 secs using 104.7% CPU
UPDATE BEST LOG-LIKELIHOOD: -701.367
Optimizing NNI: done in 0.0427775 secs using 104.7% CPU
Optimizing NNI: done in 0.0421023 secs using 80.24% CPU
Optimizing NNI: done in 0.0499915 secs using 104.7% CPU
Optimizing NNI: done in 0.0561117 secs using 104.7% CPU
Optimizing NNI: done in 0.0387664 secs using 104.7% CPU
Optimizing NNI: done in 0.0397425 secs using 104.7% CPU
Iteration 280 / LogL: -701.367 / Time: 0h:0m:34s (0h:0m:0s left)
Optimizing NNI: done in 0.0260911 secs using 104.7% CPU
Optimizing NNI: done in 0.0332657 secs using 104.7% CPU
Optimizing NNI: done in 0.0430631 secs using 104.7% CPU
UPDATE BEST LOG-LIKELIHOOD: -701.367
Refining ufboot trees with NNI 1 branch...
WARNING: GTRX multistate model will estimate 5 substitution rates that might be overfitting!
WARNING: Please only use GTRX with very large data and always test for model fit!
Optimizing NNI: done in 0.00437086 secs using 103.5% CPU
WARNING: GTRX multistate model will estimate 5 substitution rates that might be overfitting!
WARNING: Please only use GTRX with very large data and always test for model fit!
Optimizing NNI: done in 0.00319256 secs using 104.4% CPU
WARNING: GTRX multistate model will estimate 5 substitution rates that might be overfitting!
WARNING: Please only use GTRX with very large data and always test for model fit!
Optimizing NNI: done in 0.00416178 secs using 104.6% CPU
WARNING: GTRX multistate model will estimate 5 substitution rates that might be overfitting!
WARNING: Please only use GTRX with very large data and always test for model fit!
Optimizing NNI: done in 0.00403254 secs using 99.91% CPU
WARNING: GTRX multistate model will estimate 5 substitution rates that might be overfitting!
WARNING: Please only use GTRX with very large data and always test for model fit!
Optimizing NNI: done in 0.00891299 secs using 104.6% CPU
WARNING: GTRX multistate model will estimate 5 substitution rates that might be overfitting!
WARNING: Please only use GTRX with very large data and always test for model fit!
Optimizing NNI: done in 0.00448587 secs using 104.6% CPU
WARNING: GTRX multistate model will estimate 5 substitution rates that might be overfitting!
WARNING: Please only use GTRX with very large data and always test for model fit!
Optimizing NNI: done in 0.00311013 secs using 104.6% CPU
WARNING: GTRX multistate model will estimate 5 substitution rates that might be overfitting!
WARNING: Please only use GTRX with very large data and always test for model fit!
Optimizing NNI: done in 0.00538382 secs using 104.6% CPU
WARNING: GTRX multistate model will estimate 5 substitution rates that might be overfitting!
WARNING: Please only use GTRX with very large data and always test for model fit!
Optimizing NNI: done in 0.00259109 secs using 104.6% CPU
WARNING: GTRX multistate model will estimate 5 substitution rates that might be overfitting!
WARNING: Please only use GTRX with very large data and always test for model fit!
Optimizing NNI: done in 0.0122541 secs using 104.7% CPU
WARNING: GTRX multistate model will estimate 5 substitution rates that might be overfitting!
WARNING: Please only use GTRX with very large data and always test for model fit!
Optimizing NNI: done in 0.0032941 secs using 104.6% CPU
WARNING: GTRX multistate model will estimate 5 substitution rates that might be overfitting!
WARNING: Please only use GTRX with very large data and always test for model fit!
Optimizing NNI: done in 0.00631244 secs using 104.7% CPU
WARNING: GTRX multistate model will estimate 5 substitution rates that might be overfitting!
WARNING: Please only use GTRX with very large data and always test for model fit!
Optimizing NNI: done in 0.0050518 secs using 104.7% CPU
WARNING: GTRX multistate model will estimate 5 substitution rates that might be overfitting!
WARNING: Please only use GTRX with very large data and always test for model fit!
Optimizing NNI: done in 0.00746256 secs using 104.7% CPU
WARNING: GTRX multistate model will estimate 5 substitution rates that might be overfitting!
WARNING: Please only use GTRX with very large data and always test for model fit!
Optimizing NNI: done in 0.00310392 secs using 104.6% CPU
WARNING: GTRX multistate model will estimate 5 substitution rates that might be overfitting!
WARNING: Please only use GTRX with very large data and always test for model fit!
Optimizing NNI: done in 0.00581116 secs using 104.7% CPU
WARNING: GTRX multistate model will estimate 5 substitution rates that might be overfitting!
WARNING: Please only use GTRX with very large data and always test for model fit!
Optimizing NNI: done in 0.00349086 secs using 104.6% CPU
WARNING: GTRX multistate model will estimate 5 substitution rates that might be overfitting!
WARNING: Please only use GTRX with very large data and always test for model fit!
Optimizing NNI: done in 0.00321377 secs using 104.6% CPU
WARNING: GTRX multistate model will estimate 5 substitution rates that might be overfitting!
WARNING: Please only use GTRX with very large data and always test for model fit!
Optimizing NNI: done in 0.00394352 secs using 104.6% CPU
WARNING: GTRX multistate model will estimate 5 substitution rates that might be overfitting!
WARNING: Please only use GTRX with very large data and always test for model fit!
Optimizing NNI: done in 0.00560064 secs using 104.7% CPU
WARNING: GTRX multistate model will estimate 5 substitution rates that might be overfitting!
WARNING: Please only use GTRX with very large data and always test for model fit!
Optimizing NNI: done in 0.00388048 secs using 104.7% CPU
WARNING: GTRX multistate model will estimate 5 substitution rates that might be overfitting!
WARNING: Please only use GTRX with very large data and always test for model fit!
Optimizing NNI: done in 0.0038672 secs using 101.2% CPU
WARNING: GTRX multistate model will estimate 5 substitution rates that might be overfitting!
WARNING: Please only use GTRX with very large data and always test for model fit!
Optimizing NNI: done in 0.00426608 secs using 104.7% CPU
WARNING: GTRX multistate model will estimate 5 substitution rates that might be overfitting!
WARNING: Please only use GTRX with very large data and always test for model fit!
Optimizing NNI: done in 0.00394419 secs using 104.6% CPU
WARNING: GTRX multistate model will estimate 5 substitution rates that might be overfitting!
WARNING: Please only use GTRX with very large data and always test for model fit!
Optimizing NNI: done in 0.0045768 secs using 104.6% CPU
WARNING: GTRX multistate model will estimate 5 substitution rates that might be overfitting!
WARNING: Please only use GTRX with very large data and always test for model fit!
Optimizing NNI: done in 0.00599169 secs using 104.7% CPU
WARNING: GTRX multistate model will estimate 5 substitution rates that might be overfitting!
WARNING: Please only use GTRX with very large data and always test for model fit!
Optimizing NNI: done in 0.00167432 secs using 104.5% CPU
WARNING: GTRX multistate model will estimate 5 substitution rates that might be overfitting!
WARNING: Please only use GTRX with very large data and always test for model fit!
Optimizing NNI: done in 0.00405661 secs using 104.6% CPU
WARNING: GTRX multistate model will estimate 5 substitution rates that might be overfitting!
WARNING: Please only use GTRX with very large data and always test for model fit!
Optimizing NNI: done in 0.00430391 secs using 104.6% CPU
WARNING: GTRX multistate model will estimate 5 substitution rates that might be overfitting!
WARNING: Please only use GTRX with very large data and always test for model fit!
Optimizing NNI: done in 0.0074915 secs using 37.58% CPU
WARNING: GTRX multistate model will estimate 5 substitution rates that might be overfitting!
WARNING: Please only use GTRX with very large data and always test for model fit!
Optimizing NNI: done in 0.00634807 secs using 103.1% CPU
WARNING: GTRX multistate model will estimate 5 substitution rates that might be overfitting!
WARNING: Please only use GTRX with very large data and always test for model fit!
Optimizing NNI: done in 0.0122443 secs using 104.7% CPU
WARNING: GTRX multistate model will estimate 5 substitution rates that might be overfitting!
WARNING: Please only use GTRX with very large data and always test for model fit!
Optimizing NNI: done in 0.00219976 secs using 104.6% CPU
WARNING: GTRX multistate model will estimate 5 substitution rates that might be overfitting!
WARNING: Please only use GTRX with very large data and always test for model fit!
Optimizing NNI: done in 0.00332218 secs using 104.6% CPU
WARNING: GTRX multistate model will estimate 5 substitution rates that might be overfitting!
WARNING: Please only use GTRX with very large data and always test for model fit!
Optimizing NNI: done in 0.0020134 secs using 104.6% CPU
WARNING: GTRX multistate model will estimate 5 substitution rates that might be overfitting!
WARNING: Please only use GTRX with very large data and always test for model fit!
Optimizing NNI: done in 0.00380072 secs using 104.6% CPU
WARNING: GTRX multistate model will estimate 5 substitution rates that might be overfitting!
WARNING: Please only use GTRX with very large data and always test for model fit!
Optimizing NNI: done in 0.002284 secs using 104.6% CPU
WARNING: GTRX multistate model will estimate 5 substitution rates that might be overfitting!
WARNING: Please only use GTRX with very large data and always test for model fit!
Optimizing NNI: done in 0.00655849 secs using 104.6% CPU
WARNING: GTRX multistate model will estimate 5 substitution rates that might be overfitting!
WARNING: Please only use GTRX with very large data and always test for model fit!
Optimizing NNI: done in 0.00411851 secs using 104.6% CPU
WARNING: GTRX multistate model will estimate 5 substitution rates that might be overfitting!
WARNING: Please only use GTRX with very large data and always test for model fit!
Optimizing NNI: done in 0.0043935 secs using 68.49% CPU
WARNING: GTRX multistate model will estimate 5 substitution rates that might be overfitting!
WARNING: Please only use GTRX with very large data and always test for model fit!
Optimizing NNI: done in 0.00409931 secs using 25.13% CPU
WARNING: GTRX multistate model will estimate 5 substitution rates that might be overfitting!
WARNING: Please only use GTRX with very large data and always test for model fit!
Optimizing NNI: done in 0.00568785 secs using 102.1% CPU
WARNING: GTRX multistate model will estimate 5 substitution rates that might be overfitting!
WARNING: Please only use GTRX with very large data and always test for model fit!
Optimizing NNI: done in 0.00216098 secs using 104.6% CPU
WARNING: GTRX multistate model will estimate 5 substitution rates that might be overfitting!
WARNING: Please only use GTRX with very large data and always test for model fit!
Optimizing NNI: done in 0.00565595 secs using 104.7% CPU
WARNING: GTRX multistate model will estimate 5 substitution rates that might be overfitting!
WARNING: Please only use GTRX with very large data and always test for model fit!
Optimizing NNI: done in 0.00266646 secs using 104.6% CPU
WARNING: GTRX multistate model will estimate 5 substitution rates that might be overfitting!
WARNING: Please only use GTRX with very large data and always test for model fit!
Optimizing NNI: done in 0.00400217 secs using 104.7% CPU
WARNING: GTRX multistate model will estimate 5 substitution rates that might be overfitting!
WARNING: Please only use GTRX with very large data and always test for model fit!
Optimizing NNI: done in 0.00482275 secs using 104.6% CPU
WARNING: GTRX multistate model will estimate 5 substitution rates that might be overfitting!
WARNING: Please only use GTRX with very large data and always test for model fit!
Optimizing NNI: done in 0.00548516 secs using 81.93% CPU
WARNING: GTRX multistate model will estimate 5 substitution rates that might be overfitting!
WARNING: Please only use GTRX with very large data and always test for model fit!
Optimizing NNI: done in 0.00428547 secs using 10.17% CPU
WARNING: GTRX multistate model will estimate 5 substitution rates that might be overfitting!
WARNING: Please only use GTRX with very large data and always test for model fit!
Optimizing NNI: done in 0.00663204 secs using 102.9% CPU
WARNING: GTRX multistate model will estimate 5 substitution rates that might be overfitting!
WARNING: Please only use GTRX with very large data and always test for model fit!
Optimizing NNI: done in 0.0079325 secs using 104.7% CPU
WARNING: GTRX multistate model will estimate 5 substitution rates that might be overfitting!
WARNING: Please only use GTRX with very large data and always test for model fit!
Optimizing NNI: done in 0.00358265 secs using 99.9% CPU
WARNING: GTRX multistate model will estimate 5 substitution rates that might be overfitting!
WARNING: Please only use GTRX with very large data and always test for model fit!
Optimizing NNI: done in 0.00487978 secs using 104.7% CPU
WARNING: GTRX multistate model will estimate 5 substitution rates that might be overfitting!
WARNING: Please only use GTRX with very large data and always test for model fit!
Optimizing NNI: done in 0.00340805 secs using 104.6% CPU
WARNING: GTRX multistate model will estimate 5 substitution rates that might be overfitting!
WARNING: Please only use GTRX with very large data and always test for model fit!
Optimizing NNI: done in 0.00406817 secs using 104.7% CPU
WARNING: GTRX multistate model will estimate 5 substitution rates that might be overfitting!
WARNING: Please only use GTRX with very large data and always test for model fit!
Optimizing NNI: done in 0.00425729 secs using 104.6% CPU
WARNING: GTRX multistate model will estimate 5 substitution rates that might be overfitting!
WARNING: Please only use GTRX with very large data and always test for model fit!
Optimizing NNI: done in 0.00456572 secs using 104.6% CPU
WARNING: GTRX multistate model will estimate 5 substitution rates that might be overfitting!
WARNING: Please only use GTRX with very large data and always test for model fit!
Optimizing NNI: done in 0.00731976 secs using 104.7% CPU
WARNING: GTRX multistate model will estimate 5 substitution rates that might be overfitting!
WARNING: Please only use GTRX with very large data and always test for model fit!
Optimizing NNI: done in 0.00756295 secs using 101.1% CPU
WARNING: GTRX multistate model will estimate 5 substitution rates that might be overfitting!
WARNING: Please only use GTRX with very large data and always test for model fit!
Optimizing NNI: done in 0.00403283 secs using 104.6% CPU
WARNING: GTRX multistate model will estimate 5 substitution rates that might be overfitting!
WARNING: Please only use GTRX with very large data and always test for model fit!
Optimizing NNI: done in 0.00234103 secs using 104.7% CPU
WARNING: GTRX multistate model will estimate 5 substitution rates that might be overfitting!
WARNING: Please only use GTRX with very large data and always test for model fit!
Optimizing NNI: done in 0.00441108 secs using 100.2% CPU
WARNING: GTRX multistate model will estimate 5 substitution rates that might be overfitting!
WARNING: Please only use GTRX with very large data and always test for model fit!
Optimizing NNI: done in 0.00391735 secs using 104.6% CPU
WARNING: GTRX multistate model will estimate 5 substitution rates that might be overfitting!
WARNING: Please only use GTRX with very large data and always test for model fit!
Optimizing NNI: done in 0.00285873 secs using 104.6% CPU
WARNING: GTRX multistate model will estimate 5 substitution rates that might be overfitting!
WARNING: Please only use GTRX with very large data and always test for model fit!
Optimizing NNI: done in 0.00561917 secs using 104.7% CPU
WARNING: GTRX multistate model will estimate 5 substitution rates that might be overfitting!
WARNING: Please only use GTRX with very large data and always test for model fit!
Optimizing NNI: done in 0.00321358 secs
WARNING: GTRX multistate model will estimate 5 substitution rates that might be overfitting!
WARNING: Please only use GTRX with very large data and always test for model fit!
Optimizing NNI: done in 0.00573122 secs using 62.1% CPU
WARNING: GTRX multistate model will estimate 5 substitution rates that might be overfitting!
WARNING: Please only use GTRX with very large data and always test for model fit!
Optimizing NNI: done in 0.0023203 secs using 104.6% CPU
WARNING: GTRX multistate model will estimate 5 substitution rates that might be overfitting!
WARNING: Please only use GTRX with very large data and always test for model fit!
Optimizing NNI: done in 0.00350443 secs using 104.6% CPU
WARNING: GTRX multistate model will estimate 5 substitution rates that might be overfitting!
WARNING: Please only use GTRX with very large data and always test for model fit!
Optimizing NNI: done in 0.00229117 secs using 104.7% CPU
WARNING: GTRX multistate model will estimate 5 substitution rates that might be overfitting!
WARNING: Please only use GTRX with very large data and always test for model fit!
Optimizing NNI: done in 0.00217416 secs using 104.4% CPU
WARNING: GTRX multistate model will estimate 5 substitution rates that might be overfitting!
WARNING: Please only use GTRX with very large data and always test for model fit!
Optimizing NNI: done in 0.00521371 secs using 104.6% CPU
WARNING: GTRX multistate model will estimate 5 substitution rates that might be overfitting!
WARNING: Please only use GTRX with very large data and always test for model fit!
Optimizing NNI: done in 0.00560533 secs using 104.7% CPU
WARNING: GTRX multistate model will estimate 5 substitution rates that might be overfitting!
WARNING: Please only use GTRX with very large data and always test for model fit!
Optimizing NNI: done in 0.00362048 secs using 104.6% CPU
WARNING: GTRX multistate model will estimate 5 substitution rates that might be overfitting!
WARNING: Please only use GTRX with very large data and always test for model fit!
Optimizing NNI: done in 0.00420151 secs using 104.7% CPU
WARNING: GTRX multistate model will estimate 5 substitution rates that might be overfitting!
WARNING: Please only use GTRX with very large data and always test for model fit!
Optimizing NNI: done in 0.00211083 secs using 104.5% CPU
WARNING: GTRX multistate model will estimate 5 substitution rates that might be overfitting!
WARNING: Please only use GTRX with very large data and always test for model fit!
Optimizing NNI: done in 0.00426761 secs using 104.7% CPU
WARNING: GTRX multistate model will estimate 5 substitution rates that might be overfitting!
WARNING: Please only use GTRX with very large data and always test for model fit!
Optimizing NNI: done in 0.00589885 secs using 104.6% CPU
WARNING: GTRX multistate model will estimate 5 substitution rates that might be overfitting!
WARNING: Please only use GTRX with very large data and always test for model fit!
Optimizing NNI: done in 0.00476382 secs using 104.7% CPU
WARNING: GTRX multistate model will estimate 5 substitution rates that might be overfitting!
WARNING: Please only use GTRX with very large data and always test for model fit!
Optimizing NNI: done in 0.00319457 secs using 104.6% CPU
WARNING: GTRX multistate model will estimate 5 substitution rates that might be overfitting!
WARNING: Please only use GTRX with very large data and always test for model fit!
Optimizing NNI: done in 0.00520263 secs using 104.6% CPU
WARNING: GTRX multistate model will estimate 5 substitution rates that might be overfitting!
WARNING: Please only use GTRX with very large data and always test for model fit!
Optimizing NNI: done in 0.00561421 secs
WARNING: GTRX multistate model will estimate 5 substitution rates that might be overfitting!
WARNING: Please only use GTRX with very large data and always test for model fit!
Optimizing NNI: done in 0.00423743 secs
WARNING: GTRX multistate model will estimate 5 substitution rates that might be overfitting!
WARNING: Please only use GTRX with very large data and always test for model fit!
Optimizing NNI: done in 0.00667779 secs using 74.37% CPU
WARNING: GTRX multistate model will estimate 5 substitution rates that might be overfitting!
WARNING: Please only use GTRX with very large data and always test for model fit!
Optimizing NNI: done in 0.00554085 secs
WARNING: GTRX multistate model will estimate 5 substitution rates that might be overfitting!
WARNING: Please only use GTRX with very large data and always test for model fit!
Optimizing NNI: done in 0.00340662 secs using 99.84% CPU
WARNING: GTRX multistate model will estimate 5 substitution rates that might be overfitting!
WARNING: Please only use GTRX with very large data and always test for model fit!
Optimizing NNI: done in 0.00474987 secs using 104.7% CPU
WARNING: GTRX multistate model will estimate 5 substitution rates that might be overfitting!
WARNING: Please only use GTRX with very large data and always test for model fit!
Optimizing NNI: done in 0.00404076 secs using 104.7% CPU
WARNING: GTRX multistate model will estimate 5 substitution rates that might be overfitting!
WARNING: Please only use GTRX with very large data and always test for model fit!
Optimizing NNI: done in 0.00442101 secs using 104.6% CPU
WARNING: GTRX multistate model will estimate 5 substitution rates that might be overfitting!
WARNING: Please only use GTRX with very large data and always test for model fit!
Optimizing NNI: done in 0.00535698 secs using 104.6% CPU
WARNING: GTRX multistate model will estimate 5 substitution rates that might be overfitting!
WARNING: Please only use GTRX with very large data and always test for model fit!
Optimizing NNI: done in 0.0187335 secs using 104.7% CPU
WARNING: GTRX multistate model will estimate 5 substitution rates that might be overfitting!
WARNING: Please only use GTRX with very large data and always test for model fit!
Optimizing NNI: done in 0.00591165 secs using 101.3% CPU
WARNING: GTRX multistate model will estimate 5 substitution rates that might be overfitting!
WARNING: Please only use GTRX with very large data and always test for model fit!
Optimizing NNI: done in 0.00257151 secs using 104.6% CPU
WARNING: GTRX multistate model will estimate 5 substitution rates that might be overfitting!
WARNING: Please only use GTRX with very large data and always test for model fit!
Optimizing NNI: done in 0.0090937 secs using 104.7% CPU
WARNING: GTRX multistate model will estimate 5 substitution rates that might be overfitting!
WARNING: Please only use GTRX with very large data and always test for model fit!
Optimizing NNI: done in 0.00316076 secs using 104.6% CPU
WARNING: GTRX multistate model will estimate 5 substitution rates that might be overfitting!
WARNING: Please only use GTRX with very large data and always test for model fit!
Optimizing NNI: done in 0.00427047 secs using 104.6% CPU
WARNING: GTRX multistate model will estimate 5 substitution rates that might be overfitting!
WARNING: Please only use GTRX with very large data and always test for model fit!
Optimizing NNI: done in 0.00945333 secs using 104.7% CPU
WARNING: GTRX multistate model will estimate 5 substitution rates that might be overfitting!
WARNING: Please only use GTRX with very large data and always test for model fit!
Optimizing NNI: done in 0.00563513 secs using 104.6% CPU
WARNING: GTRX multistate model will estimate 5 substitution rates that might be overfitting!
WARNING: Please only use GTRX with very large data and always test for model fit!
Optimizing NNI: done in 0.00572529 secs using 104.7% CPU
WARNING: GTRX multistate model will estimate 5 substitution rates that might be overfitting!
WARNING: Please only use GTRX with very large data and always test for model fit!
Optimizing NNI: done in 0.00244399 secs using 104.6% CPU
100 samples done
WARNING: GTRX multistate model will estimate 5 substitution rates that might be overfitting!
WARNING: Please only use GTRX with very large data and always test for model fit!
Optimizing NNI: done in 0.00511819 secs using 104.6% CPU
WARNING: GTRX multistate model will estimate 5 substitution rates that might be overfitting!
WARNING: Please only use GTRX with very large data and always test for model fit!
Optimizing NNI: done in 0.00705136 secs using 104.7% CPU
WARNING: GTRX multistate model will estimate 5 substitution rates that might be overfitting!
WARNING: Please only use GTRX with very large data and always test for model fit!
Optimizing NNI: done in 0.00386414 secs using 104.7% CPU
WARNING: GTRX multistate model will estimate 5 substitution rates that might be overfitting!
WARNING: Please only use GTRX with very large data and always test for model fit!
Optimizing NNI: done in 0.00318215 secs using 104.6% CPU
WARNING: GTRX multistate model will estimate 5 substitution rates that might be overfitting!
WARNING: Please only use GTRX with very large data and always test for model fit!
Optimizing NNI: done in 0.00432282 secs using 104.7% CPU
WARNING: GTRX multistate model will estimate 5 substitution rates that might be overfitting!
WARNING: Please only use GTRX with very large data and always test for model fit!
Optimizing NNI: done in 0.0054268 secs using 104.6% CPU
WARNING: GTRX multistate model will estimate 5 substitution rates that might be overfitting!
WARNING: Please only use GTRX with very large data and always test for model fit!
Optimizing NNI: done in 0.00233883 secs using 104.6% CPU
WARNING: GTRX multistate model will estimate 5 substitution rates that might be overfitting!
WARNING: Please only use GTRX with very large data and always test for model fit!
Optimizing NNI: done in 0.00636497 secs using 27.76% CPU
WARNING: GTRX multistate model will estimate 5 substitution rates that might be overfitting!
WARNING: Please only use GTRX with very large data and always test for model fit!
Optimizing NNI: done in 0.0046832 secs using 104.6% CPU
WARNING: GTRX multistate model will estimate 5 substitution rates that might be overfitting!
WARNING: Please only use GTRX with very large data and always test for model fit!
Optimizing NNI: done in 0.00722023 secs using 104.7% CPU
WARNING: GTRX multistate model will estimate 5 substitution rates that might be overfitting!
WARNING: Please only use GTRX with very large data and always test for model fit!
Optimizing NNI: done in 0.00232021 secs using 104.6% CPU
WARNING: GTRX multistate model will estimate 5 substitution rates that might be overfitting!
WARNING: Please only use GTRX with very large data and always test for model fit!
Optimizing NNI: done in 0.00669709 secs using 104.7% CPU
WARNING: GTRX multistate model will estimate 5 substitution rates that might be overfitting!
WARNING: Please only use GTRX with very large data and always test for model fit!
Optimizing NNI: done in 0.00421488 secs using 104.7% CPU
WARNING: GTRX multistate model will estimate 5 substitution rates that might be overfitting!
WARNING: Please only use GTRX with very large data and always test for model fit!
Optimizing NNI: done in 0.00358456 secs using 104.6% CPU
WARNING: GTRX multistate model will estimate 5 substitution rates that might be overfitting!
WARNING: Please only use GTRX with very large data and always test for model fit!
Optimizing NNI: done in 0.00374102 secs using 104.7% CPU
WARNING: GTRX multistate model will estimate 5 substitution rates that might be overfitting!
WARNING: Please only use GTRX with very large data and always test for model fit!
Optimizing NNI: done in 0.00391993 secs using 100.4% CPU
WARNING: GTRX multistate model will estimate 5 substitution rates that might be overfitting!
WARNING: Please only use GTRX with very large data and always test for model fit!
Optimizing NNI: done in 0.00675401 secs using 104.7% CPU
WARNING: GTRX multistate model will estimate 5 substitution rates that might be overfitting!
WARNING: Please only use GTRX with very large data and always test for model fit!
Optimizing NNI: done in 0.00631339 secs using 104.7% CPU
WARNING: GTRX multistate model will estimate 5 substitution rates that might be overfitting!
WARNING: Please only use GTRX with very large data and always test for model fit!
Optimizing NNI: done in 0.00466668 secs using 104.6% CPU
WARNING: GTRX multistate model will estimate 5 substitution rates that might be overfitting!
WARNING: Please only use GTRX with very large data and always test for model fit!
Optimizing NNI: done in 0.00349621 secs using 104.6% CPU
WARNING: GTRX multistate model will estimate 5 substitution rates that might be overfitting!
WARNING: Please only use GTRX with very large data and always test for model fit!
Optimizing NNI: done in 0.00480193 secs using 104.6% CPU
WARNING: GTRX multistate model will estimate 5 substitution rates that might be overfitting!
WARNING: Please only use GTRX with very large data and always test for model fit!
Optimizing NNI: done in 0.00448252 secs using 104.5% CPU
WARNING: GTRX multistate model will estimate 5 substitution rates that might be overfitting!
WARNING: Please only use GTRX with very large data and always test for model fit!
Optimizing NNI: done in 0.006586 secs using 104.7% CPU
WARNING: GTRX multistate model will estimate 5 substitution rates that might be overfitting!
WARNING: Please only use GTRX with very large data and always test for model fit!
Optimizing NNI: done in 0.00217712 secs using 104.6% CPU
WARNING: GTRX multistate model will estimate 5 substitution rates that might be overfitting!
WARNING: Please only use GTRX with very large data and always test for model fit!
Optimizing NNI: done in 0.00546367 secs using 104.7% CPU
WARNING: GTRX multistate model will estimate 5 substitution rates that might be overfitting!
WARNING: Please only use GTRX with very large data and always test for model fit!
Optimizing NNI: done in 0.00188551 secs using 104.6% CPU
WARNING: GTRX multistate model will estimate 5 substitution rates that might be overfitting!
WARNING: Please only use GTRX with very large data and always test for model fit!
Optimizing NNI: done in 0.0062813 secs using 104.7% CPU
WARNING: GTRX multistate model will estimate 5 substitution rates that might be overfitting!
WARNING: Please only use GTRX with very large data and always test for model fit!
Optimizing NNI: done in 0.00912131 secs using 104.7% CPU
WARNING: GTRX multistate model will estimate 5 substitution rates that might be overfitting!
WARNING: Please only use GTRX with very large data and always test for model fit!
Optimizing NNI: done in 0.00501589 secs using 104.7% CPU
WARNING: GTRX multistate model will estimate 5 substitution rates that might be overfitting!
WARNING: Please only use GTRX with very large data and always test for model fit!
Optimizing NNI: done in 0.00377417 secs using 104.7% CPU
WARNING: GTRX multistate model will estimate 5 substitution rates that might be overfitting!
WARNING: Please only use GTRX with very large data and always test for model fit!
Optimizing NNI: done in 0.00791101 secs using 104.7% CPU
WARNING: GTRX multistate model will estimate 5 substitution rates that might be overfitting!
WARNING: Please only use GTRX with very large data and always test for model fit!
Optimizing NNI: done in 0.00371581 secs using 104.6% CPU
WARNING: GTRX multistate model will estimate 5 substitution rates that might be overfitting!
WARNING: Please only use GTRX with very large data and always test for model fit!
Optimizing NNI: done in 0.00768559 secs using 90.83% CPU
WARNING: GTRX multistate model will estimate 5 substitution rates that might be overfitting!
WARNING: Please only use GTRX with very large data and always test for model fit!
Optimizing NNI: done in 0.00347501 secs using 3.223% CPU
WARNING: GTRX multistate model will estimate 5 substitution rates that might be overfitting!
WARNING: Please only use GTRX with very large data and always test for model fit!
Optimizing NNI: done in 0.00672498 secs using 102.2% CPU
WARNING: GTRX multistate model will estimate 5 substitution rates that might be overfitting!
WARNING: Please only use GTRX with very large data and always test for model fit!
Optimizing NNI: done in 0.00625026 secs using 104.6% CPU
WARNING: GTRX multistate model will estimate 5 substitution rates that might be overfitting!
WARNING: Please only use GTRX with very large data and always test for model fit!
Optimizing NNI: done in 0.00494769 secs using 104.6% CPU
WARNING: GTRX multistate model will estimate 5 substitution rates that might be overfitting!
WARNING: Please only use GTRX with very large data and always test for model fit!
Optimizing NNI: done in 0.00549481 secs using 104.6% CPU
WARNING: GTRX multistate model will estimate 5 substitution rates that might be overfitting!
WARNING: Please only use GTRX with very large data and always test for model fit!
Optimizing NNI: done in 0.00796307 secs using 104.7% CPU
WARNING: GTRX multistate model will estimate 5 substitution rates that might be overfitting!
WARNING: Please only use GTRX with very large data and always test for model fit!
Optimizing NNI: done in 0.00916362 secs using 104.6% CPU
WARNING: GTRX multistate model will estimate 5 substitution rates that might be overfitting!
WARNING: Please only use GTRX with very large data and always test for model fit!
Optimizing NNI: done in 0.00866311 secs using 104.6% CPU
WARNING: GTRX multistate model will estimate 5 substitution rates that might be overfitting!
WARNING: Please only use GTRX with very large data and always test for model fit!
Optimizing NNI: done in 0.00658361 secs using 104.6% CPU
WARNING: GTRX multistate model will estimate 5 substitution rates that might be overfitting!
WARNING: Please only use GTRX with very large data and always test for model fit!
Optimizing NNI: done in 0.00353012 secs using 104.6% CPU
WARNING: GTRX multistate model will estimate 5 substitution rates that might be overfitting!
WARNING: Please only use GTRX with very large data and always test for model fit!
Optimizing NNI: done in 0.00750955 secs using 104.7% CPU
WARNING: GTRX multistate model will estimate 5 substitution rates that might be overfitting!
WARNING: Please only use GTRX with very large data and always test for model fit!
Optimizing NNI: done in 0.00873609 secs using 104.7% CPU
WARNING: GTRX multistate model will estimate 5 substitution rates that might be overfitting!
WARNING: Please only use GTRX with very large data and always test for model fit!
Optimizing NNI: done in 0.0126951 secs using 104.7% CPU
WARNING: GTRX multistate model will estimate 5 substitution rates that might be overfitting!
WARNING: Please only use GTRX with very large data and always test for model fit!
Optimizing NNI: done in 0.00822689 secs using 104.7% CPU
WARNING: GTRX multistate model will estimate 5 substitution rates that might be overfitting!
WARNING: Please only use GTRX with very large data and always test for model fit!
Optimizing NNI: done in 0.00704458 secs using 104.7% CPU
WARNING: GTRX multistate model will estimate 5 substitution rates that might be overfitting!
WARNING: Please only use GTRX with very large data and always test for model fit!
Optimizing NNI: done in 0.00631015 secs using 104.7% CPU
WARNING: GTRX multistate model will estimate 5 substitution rates that might be overfitting!
WARNING: Please only use GTRX with very large data and always test for model fit!
Optimizing NNI: done in 0.00396893 secs using 104.6% CPU
WARNING: GTRX multistate model will estimate 5 substitution rates that might be overfitting!
WARNING: Please only use GTRX with very large data and always test for model fit!
Optimizing NNI: done in 0.00754432 secs using 104.6% CPU
WARNING: GTRX multistate model will estimate 5 substitution rates that might be overfitting!
WARNING: Please only use GTRX with very large data and always test for model fit!
Optimizing NNI: done in 0.00386596 secs using 104.6% CPU
WARNING: GTRX multistate model will estimate 5 substitution rates that might be overfitting!
WARNING: Please only use GTRX with very large data and always test for model fit!
Optimizing NNI: done in 0.00484358 secs using 104.7% CPU
WARNING: GTRX multistate model will estimate 5 substitution rates that might be overfitting!
WARNING: Please only use GTRX with very large data and always test for model fit!
Optimizing NNI: done in 0.00687456 secs using 104.6% CPU
WARNING: GTRX multistate model will estimate 5 substitution rates that might be overfitting!
WARNING: Please only use GTRX with very large data and always test for model fit!
Optimizing NNI: done in 0.00471826 secs using 104.7% CPU
WARNING: GTRX multistate model will estimate 5 substitution rates that might be overfitting!
WARNING: Please only use GTRX with very large data and always test for model fit!
Optimizing NNI: done in 0.0054204 secs using 102.4% CPU
WARNING: GTRX multistate model will estimate 5 substitution rates that might be overfitting!
WARNING: Please only use GTRX with very large data and always test for model fit!
Optimizing NNI: done in 0.00346756 secs using 104.6% CPU
WARNING: GTRX multistate model will estimate 5 substitution rates that might be overfitting!
WARNING: Please only use GTRX with very large data and always test for model fit!
Optimizing NNI: done in 0.00504044 secs using 104.7% CPU
WARNING: GTRX multistate model will estimate 5 substitution rates that might be overfitting!
WARNING: Please only use GTRX with very large data and always test for model fit!
Optimizing NNI: done in 0.00686978 secs using 104.7% CPU
WARNING: GTRX multistate model will estimate 5 substitution rates that might be overfitting!
WARNING: Please only use GTRX with very large data and always test for model fit!
Optimizing NNI: done in 0.0134709 secs using 104.7% CPU
WARNING: GTRX multistate model will estimate 5 substitution rates that might be overfitting!
WARNING: Please only use GTRX with very large data and always test for model fit!
Optimizing NNI: done in 0.00598644 secs using 104.6% CPU
WARNING: GTRX multistate model will estimate 5 substitution rates that might be overfitting!
WARNING: Please only use GTRX with very large data and always test for model fit!
Optimizing NNI: done in 0.00489152 secs using 104.7% CPU
WARNING: GTRX multistate model will estimate 5 substitution rates that might be overfitting!
WARNING: Please only use GTRX with very large data and always test for model fit!
Optimizing NNI: done in 0.00637128 secs using 104.6% CPU
WARNING: GTRX multistate model will estimate 5 substitution rates that might be overfitting!
WARNING: Please only use GTRX with very large data and always test for model fit!
Optimizing NNI: done in 0.0115863 secs using 104.7% CPU
WARNING: GTRX multistate model will estimate 5 substitution rates that might be overfitting!
WARNING: Please only use GTRX with very large data and always test for model fit!
Optimizing NNI: done in 0.00504292 secs using 104.6% CPU
WARNING: GTRX multistate model will estimate 5 substitution rates that might be overfitting!
WARNING: Please only use GTRX with very large data and always test for model fit!
Optimizing NNI: done in 0.0084823 secs using 104.7% CPU
WARNING: GTRX multistate model will estimate 5 substitution rates that might be overfitting!
WARNING: Please only use GTRX with very large data and always test for model fit!
Optimizing NNI: done in 0.00588825 secs using 102.9% CPU
WARNING: GTRX multistate model will estimate 5 substitution rates that might be overfitting!
WARNING: Please only use GTRX with very large data and always test for model fit!
Optimizing NNI: done in 0.0094666 secs using 104.7% CPU
WARNING: GTRX multistate model will estimate 5 substitution rates that might be overfitting!
WARNING: Please only use GTRX with very large data and always test for model fit!
Optimizing NNI: done in 0.00402308 secs using 104.6% CPU
WARNING: GTRX multistate model will estimate 5 substitution rates that might be overfitting!
WARNING: Please only use GTRX with very large data and always test for model fit!
Optimizing NNI: done in 0.00498742 secs
WARNING: GTRX multistate model will estimate 5 substitution rates that might be overfitting!
WARNING: Please only use GTRX with very large data and always test for model fit!
Optimizing NNI: done in 0.00233377 secs using 104.6% CPU
WARNING: GTRX multistate model will estimate 5 substitution rates that might be overfitting!
WARNING: Please only use GTRX with very large data and always test for model fit!
Optimizing NNI: done in 0.00853264 secs using 104.7% CPU
WARNING: GTRX multistate model will estimate 5 substitution rates that might be overfitting!
WARNING: Please only use GTRX with very large data and always test for model fit!
Optimizing NNI: done in 0.00323039 secs using 99.86% CPU
WARNING: GTRX multistate model will estimate 5 substitution rates that might be overfitting!
WARNING: Please only use GTRX with very large data and always test for model fit!
Optimizing NNI: done in 0.00378276 secs using 104.6% CPU
WARNING: GTRX multistate model will estimate 5 substitution rates that might be overfitting!
WARNING: Please only use GTRX with very large data and always test for model fit!
Optimizing NNI: done in 0.00588395 secs using 104.7% CPU
WARNING: GTRX multistate model will estimate 5 substitution rates that might be overfitting!
WARNING: Please only use GTRX with very large data and always test for model fit!
Optimizing NNI: done in 0.00254859 secs using 104.6% CPU
WARNING: GTRX multistate model will estimate 5 substitution rates that might be overfitting!
WARNING: Please only use GTRX with very large data and always test for model fit!
Optimizing NNI: done in 0.00272214 secs using 99.85% CPU
WARNING: GTRX multistate model will estimate 5 substitution rates that might be overfitting!
WARNING: Please only use GTRX with very large data and always test for model fit!
Optimizing NNI: done in 0.00949707 secs using 102.4% CPU
WARNING: GTRX multistate model will estimate 5 substitution rates that might be overfitting!
WARNING: Please only use GTRX with very large data and always test for model fit!
Optimizing NNI: done in 0.00228429 secs using 99.86% CPU
WARNING: GTRX multistate model will estimate 5 substitution rates that might be overfitting!
WARNING: Please only use GTRX with very large data and always test for model fit!
Optimizing NNI: done in 0.00722558 secs using 104.7% CPU
WARNING: GTRX multistate model will estimate 5 substitution rates that might be overfitting!
WARNING: Please only use GTRX with very large data and always test for model fit!
Optimizing NNI: done in 0.00544361 secs using 104.7% CPU
WARNING: GTRX multistate model will estimate 5 substitution rates that might be overfitting!
WARNING: Please only use GTRX with very large data and always test for model fit!
Optimizing NNI: done in 0.00440754 secs using 104.6% CPU
WARNING: GTRX multistate model will estimate 5 substitution rates that might be overfitting!
WARNING: Please only use GTRX with very large data and always test for model fit!
Optimizing NNI: done in 0.00788847 secs using 104.7% CPU
WARNING: GTRX multistate model will estimate 5 substitution rates that might be overfitting!
WARNING: Please only use GTRX with very large data and always test for model fit!
Optimizing NNI: done in 0.00466677 secs
WARNING: GTRX multistate model will estimate 5 substitution rates that might be overfitting!
WARNING: Please only use GTRX with very large data and always test for model fit!
Optimizing NNI: done in 0.00612265 secs using 99.88% CPU
WARNING: GTRX multistate model will estimate 5 substitution rates that might be overfitting!
WARNING: Please only use GTRX with very large data and always test for model fit!
Optimizing NNI: done in 0.00622829 secs using 104.6% CPU
WARNING: GTRX multistate model will estimate 5 substitution rates that might be overfitting!
WARNING: Please only use GTRX with very large data and always test for model fit!
Optimizing NNI: done in 0.00441194 secs using 104.6% CPU
WARNING: GTRX multistate model will estimate 5 substitution rates that might be overfitting!
WARNING: Please only use GTRX with very large data and always test for model fit!
Optimizing NNI: done in 0.005721 secs using 104.7% CPU
WARNING: GTRX multistate model will estimate 5 substitution rates that might be overfitting!
WARNING: Please only use GTRX with very large data and always test for model fit!
Optimizing NNI: done in 0.00269568 secs using 104.6% CPU
WARNING: GTRX multistate model will estimate 5 substitution rates that might be overfitting!
WARNING: Please only use GTRX with very large data and always test for model fit!
Optimizing NNI: done in 0.0096841 secs using 104.7% CPU
WARNING: GTRX multistate model will estimate 5 substitution rates that might be overfitting!
WARNING: Please only use GTRX with very large data and always test for model fit!
Optimizing NNI: done in 0.00512506 secs using 104.7% CPU
WARNING: GTRX multistate model will estimate 5 substitution rates that might be overfitting!
WARNING: Please only use GTRX with very large data and always test for model fit!
Optimizing NNI: done in 0.0079326 secs using 101.8% CPU
WARNING: GTRX multistate model will estimate 5 substitution rates that might be overfitting!
WARNING: Please only use GTRX with very large data and always test for model fit!
Optimizing NNI: done in 0.00310412 secs using 99.87% CPU
WARNING: GTRX multistate model will estimate 5 substitution rates that might be overfitting!
WARNING: Please only use GTRX with very large data and always test for model fit!
Optimizing NNI: done in 0.00500825 secs using 104.6% CPU
WARNING: GTRX multistate model will estimate 5 substitution rates that might be overfitting!
WARNING: Please only use GTRX with very large data and always test for model fit!
Optimizing NNI: done in 0.00208084 secs using 104.6% CPU
WARNING: GTRX multistate model will estimate 5 substitution rates that might be overfitting!
WARNING: Please only use GTRX with very large data and always test for model fit!
Optimizing NNI: done in 0.00277038 secs using 104.6% CPU
WARNING: GTRX multistate model will estimate 5 substitution rates that might be overfitting!
WARNING: Please only use GTRX with very large data and always test for model fit!
Optimizing NNI: done in 0.00507349 secs
WARNING: GTRX multistate model will estimate 5 substitution rates that might be overfitting!
WARNING: Please only use GTRX with very large data and always test for model fit!
Optimizing NNI: done in 0.00836147 secs using 100.4% CPU
WARNING: GTRX multistate model will estimate 5 substitution rates that might be overfitting!
WARNING: Please only use GTRX with very large data and always test for model fit!
Optimizing NNI: done in 0.00412815 secs using 104.7% CPU
WARNING: GTRX multistate model will estimate 5 substitution rates that might be overfitting!
WARNING: Please only use GTRX with very large data and always test for model fit!
Optimizing NNI: done in 0.0044147 secs using 104.7% CPU
200 samples done
WARNING: GTRX multistate model will estimate 5 substitution rates that might be overfitting!
WARNING: Please only use GTRX with very large data and always test for model fit!
Optimizing NNI: done in 0.00629572 secs using 104.7% CPU
WARNING: GTRX multistate model will estimate 5 substitution rates that might be overfitting!
WARNING: Please only use GTRX with very large data and always test for model fit!
Optimizing NNI: done in 0.00724316 secs using 104.7% CPU
WARNING: GTRX multistate model will estimate 5 substitution rates that might be overfitting!
WARNING: Please only use GTRX with very large data and always test for model fit!
Optimizing NNI: done in 0.00330776 secs using 104.5% CPU
WARNING: GTRX multistate model will estimate 5 substitution rates that might be overfitting!
WARNING: Please only use GTRX with very large data and always test for model fit!
Optimizing NNI: done in 0.00691028 secs using 104.7% CPU
WARNING: GTRX multistate model will estimate 5 substitution rates that might be overfitting!
WARNING: Please only use GTRX with very large data and always test for model fit!
Optimizing NNI: done in 0.00851392 secs using 104.7% CPU
WARNING: GTRX multistate model will estimate 5 substitution rates that might be overfitting!
WARNING: Please only use GTRX with very large data and always test for model fit!
Optimizing NNI: done in 0.0024822 secs using 104.5% CPU
WARNING: GTRX multistate model will estimate 5 substitution rates that might be overfitting!
WARNING: Please only use GTRX with very large data and always test for model fit!
Optimizing NNI: done in 0.00359049 secs using 104.7% CPU
WARNING: GTRX multistate model will estimate 5 substitution rates that might be overfitting!
WARNING: Please only use GTRX with very large data and always test for model fit!
Optimizing NNI: done in 0.0043786 secs
WARNING: GTRX multistate model will estimate 5 substitution rates that might be overfitting!
WARNING: Please only use GTRX with very large data and always test for model fit!
Optimizing NNI: done in 0.00418546 secs using 99.82% CPU
WARNING: GTRX multistate model will estimate 5 substitution rates that might be overfitting!
WARNING: Please only use GTRX with very large data and always test for model fit!
Optimizing NNI: done in 0.00516337 secs using 104.4% CPU
WARNING: GTRX multistate model will estimate 5 substitution rates that might be overfitting!
WARNING: Please only use GTRX with very large data and always test for model fit!
Optimizing NNI: done in 0.00746294 secs using 25.47% CPU
WARNING: GTRX multistate model will estimate 5 substitution rates that might be overfitting!
WARNING: Please only use GTRX with very large data and always test for model fit!
Optimizing NNI: done in 0.00497721 secs using 104.6% CPU
WARNING: GTRX multistate model will estimate 5 substitution rates that might be overfitting!
WARNING: Please only use GTRX with very large data and always test for model fit!
Optimizing NNI: done in 0.00299417 secs using 104.6% CPU
WARNING: GTRX multistate model will estimate 5 substitution rates that might be overfitting!
WARNING: Please only use GTRX with very large data and always test for model fit!
Optimizing NNI: done in 0.00272606 secs using 104.5% CPU
WARNING: GTRX multistate model will estimate 5 substitution rates that might be overfitting!
WARNING: Please only use GTRX with very large data and always test for model fit!
Optimizing NNI: done in 0.00312551 secs using 104.6% CPU
WARNING: GTRX multistate model will estimate 5 substitution rates that might be overfitting!
WARNING: Please only use GTRX with very large data and always test for model fit!
Optimizing NNI: done in 0.00725118 secs using 104.7% CPU
WARNING: GTRX multistate model will estimate 5 substitution rates that might be overfitting!
WARNING: Please only use GTRX with very large data and always test for model fit!
Optimizing NNI: done in 0.00484749 secs using 104.7% CPU
WARNING: GTRX multistate model will estimate 5 substitution rates that might be overfitting!
WARNING: Please only use GTRX with very large data and always test for model fit!
Optimizing NNI: done in 0.00500557 secs using 104.7% CPU
WARNING: GTRX multistate model will estimate 5 substitution rates that might be overfitting!
WARNING: Please only use GTRX with very large data and always test for model fit!
Optimizing NNI: done in 0.00688439 secs using 104.7% CPU
WARNING: GTRX multistate model will estimate 5 substitution rates that might be overfitting!
WARNING: Please only use GTRX with very large data and always test for model fit!
Optimizing NNI: done in 0.00540875 secs using 104.7% CPU
WARNING: GTRX multistate model will estimate 5 substitution rates that might be overfitting!
WARNING: Please only use GTRX with very large data and always test for model fit!
Optimizing NNI: done in 0.00340671 secs using 104.6% CPU
WARNING: GTRX multistate model will estimate 5 substitution rates that might be overfitting!
WARNING: Please only use GTRX with very large data and always test for model fit!
Optimizing NNI: done in 0.0048111 secs using 104.7% CPU
WARNING: GTRX multistate model will estimate 5 substitution rates that might be overfitting!
WARNING: Please only use GTRX with very large data and always test for model fit!
Optimizing NNI: done in 0.00318836 secs using 104.6% CPU
WARNING: GTRX multistate model will estimate 5 substitution rates that might be overfitting!
WARNING: Please only use GTRX with very large data and always test for model fit!
Optimizing NNI: done in 0.00364025 secs using 104.6% CPU
WARNING: GTRX multistate model will estimate 5 substitution rates that might be overfitting!
WARNING: Please only use GTRX with very large data and always test for model fit!
Optimizing NNI: done in 0.00661666 secs using 104.7% CPU
WARNING: GTRX multistate model will estimate 5 substitution rates that might be overfitting!
WARNING: Please only use GTRX with very large data and always test for model fit!
Optimizing NNI: done in 0.00536414 secs using 104.6% CPU
WARNING: GTRX multistate model will estimate 5 substitution rates that might be overfitting!
WARNING: Please only use GTRX with very large data and always test for model fit!
Optimizing NNI: done in 0.00323707 secs using 104.5% CPU
WARNING: GTRX multistate model will estimate 5 substitution rates that might be overfitting!
WARNING: Please only use GTRX with very large data and always test for model fit!
Optimizing NNI: done in 0.00631139 secs using 104.4% CPU
WARNING: GTRX multistate model will estimate 5 substitution rates that might be overfitting!
WARNING: Please only use GTRX with very large data and always test for model fit!
Optimizing NNI: done in 0.00494492 secs using 104.7% CPU
WARNING: GTRX multistate model will estimate 5 substitution rates that might be overfitting!
WARNING: Please only use GTRX with very large data and always test for model fit!
Optimizing NNI: done in 0.00602856 secs using 104.6% CPU
WARNING: GTRX multistate model will estimate 5 substitution rates that might be overfitting!
WARNING: Please only use GTRX with very large data and always test for model fit!
Optimizing NNI: done in 0.00775303 secs using 104.7% CPU
WARNING: GTRX multistate model will estimate 5 substitution rates that might be overfitting!
WARNING: Please only use GTRX with very large data and always test for model fit!
Optimizing NNI: done in 0.0068245 secs using 104.6% CPU
WARNING: GTRX multistate model will estimate 5 substitution rates that might be overfitting!
WARNING: Please only use GTRX with very large data and always test for model fit!
Optimizing NNI: done in 0.00360567 secs using 104.6% CPU
WARNING: GTRX multistate model will estimate 5 substitution rates that might be overfitting!
WARNING: Please only use GTRX with very large data and always test for model fit!
Optimizing NNI: done in 0.00512535 secs using 104.6% CPU
WARNING: GTRX multistate model will estimate 5 substitution rates that might be overfitting!
WARNING: Please only use GTRX with very large data and always test for model fit!
Optimizing NNI: done in 0.00639917 secs using 104.7% CPU
WARNING: GTRX multistate model will estimate 5 substitution rates that might be overfitting!
WARNING: Please only use GTRX with very large data and always test for model fit!
Optimizing NNI: done in 0.00247504 secs using 104.6% CPU
WARNING: GTRX multistate model will estimate 5 substitution rates that might be overfitting!
WARNING: Please only use GTRX with very large data and always test for model fit!
Optimizing NNI: done in 0.00299561 secs using 104.6% CPU
WARNING: GTRX multistate model will estimate 5 substitution rates that might be overfitting!
WARNING: Please only use GTRX with very large data and always test for model fit!
Optimizing NNI: done in 0.00226777 secs using 104.6% CPU
WARNING: GTRX multistate model will estimate 5 substitution rates that might be overfitting!
WARNING: Please only use GTRX with very large data and always test for model fit!
Optimizing NNI: done in 0.00370482 secs using 104.6% CPU
WARNING: GTRX multistate model will estimate 5 substitution rates that might be overfitting!
WARNING: Please only use GTRX with very large data and always test for model fit!
Optimizing NNI: done in 0.00229174 secs using 104.6% CPU
WARNING: GTRX multistate model will estimate 5 substitution rates that might be overfitting!
WARNING: Please only use GTRX with very large data and always test for model fit!
Optimizing NNI: done in 0.00250274 secs using 104.4% CPU
WARNING: GTRX multistate model will estimate 5 substitution rates that might be overfitting!
WARNING: Please only use GTRX with very large data and always test for model fit!
Optimizing NNI: done in 0.00303057 secs using 104.7% CPU
WARNING: GTRX multistate model will estimate 5 substitution rates that might be overfitting!
WARNING: Please only use GTRX with very large data and always test for model fit!
Optimizing NNI: done in 0.00423188 secs using 104.6% CPU
WARNING: GTRX multistate model will estimate 5 substitution rates that might be overfitting!
WARNING: Please only use GTRX with very large data and always test for model fit!
Optimizing NNI: done in 0.00266197 secs using 104.6% CPU
WARNING: GTRX multistate model will estimate 5 substitution rates that might be overfitting!
WARNING: Please only use GTRX with very large data and always test for model fit!
Optimizing NNI: done in 0.00802688 secs using 104.7% CPU
WARNING: GTRX multistate model will estimate 5 substitution rates that might be overfitting!
WARNING: Please only use GTRX with very large data and always test for model fit!
Optimizing NNI: done in 0.00448052 secs using 104.6% CPU
WARNING: GTRX multistate model will estimate 5 substitution rates that might be overfitting!
WARNING: Please only use GTRX with very large data and always test for model fit!
Optimizing NNI: done in 0.0036286 secs using 104.6% CPU
WARNING: GTRX multistate model will estimate 5 substitution rates that might be overfitting!
WARNING: Please only use GTRX with very large data and always test for model fit!
Optimizing NNI: done in 0.00494444 secs using 104.6% CPU
WARNING: GTRX multistate model will estimate 5 substitution rates that might be overfitting!
WARNING: Please only use GTRX with very large data and always test for model fit!
Optimizing NNI: done in 0.0072017 secs using 104.7% CPU
WARNING: GTRX multistate model will estimate 5 substitution rates that might be overfitting!
WARNING: Please only use GTRX with very large data and always test for model fit!
Optimizing NNI: done in 0.00424678 secs using 104.7% CPU
WARNING: GTRX multistate model will estimate 5 substitution rates that might be overfitting!
WARNING: Please only use GTRX with very large data and always test for model fit!
Optimizing NNI: done in 0.00555145 secs using 104.6% CPU
WARNING: GTRX multistate model will estimate 5 substitution rates that might be overfitting!
WARNING: Please only use GTRX with very large data and always test for model fit!
Optimizing NNI: done in 0.00222727 secs using 104.6% CPU
WARNING: GTRX multistate model will estimate 5 substitution rates that might be overfitting!
WARNING: Please only use GTRX with very large data and always test for model fit!
Optimizing NNI: done in 0.00513404 secs using 104.7% CPU
WARNING: GTRX multistate model will estimate 5 substitution rates that might be overfitting!
WARNING: Please only use GTRX with very large data and always test for model fit!
Optimizing NNI: done in 0.00499879 secs using 104.6% CPU
WARNING: GTRX multistate model will estimate 5 substitution rates that might be overfitting!
WARNING: Please only use GTRX with very large data and always test for model fit!
Optimizing NNI: done in 0.0061555 secs using 104.7% CPU
WARNING: GTRX multistate model will estimate 5 substitution rates that might be overfitting!
WARNING: Please only use GTRX with very large data and always test for model fit!
Optimizing NNI: done in 0.00344167 secs using 104.6% CPU
WARNING: GTRX multistate model will estimate 5 substitution rates that might be overfitting!
WARNING: Please only use GTRX with very large data and always test for model fit!
Optimizing NNI: done in 0.00535622 secs using 104.7% CPU
WARNING: GTRX multistate model will estimate 5 substitution rates that might be overfitting!
WARNING: Please only use GTRX with very large data and always test for model fit!
Optimizing NNI: done in 0.00222717 secs using 104.6% CPU
WARNING: GTRX multistate model will estimate 5 substitution rates that might be overfitting!
WARNING: Please only use GTRX with very large data and always test for model fit!
Optimizing NNI: done in 0.00493403 secs using 104.6% CPU
WARNING: GTRX multistate model will estimate 5 substitution rates that might be overfitting!
WARNING: Please only use GTRX with very large data and always test for model fit!
Optimizing NNI: done in 0.00519565 secs using 104.7% CPU
WARNING: GTRX multistate model will estimate 5 substitution rates that might be overfitting!
WARNING: Please only use GTRX with very large data and always test for model fit!
Optimizing NNI: done in 0.00595368 secs using 104.7% CPU
WARNING: GTRX multistate model will estimate 5 substitution rates that might be overfitting!
WARNING: Please only use GTRX with very large data and always test for model fit!
Optimizing NNI: done in 0.0028913 secs using 104.6% CPU
WARNING: GTRX multistate model will estimate 5 substitution rates that might be overfitting!
WARNING: Please only use GTRX with very large data and always test for model fit!
Optimizing NNI: done in 0.00471004 secs using 104.7% CPU
WARNING: GTRX multistate model will estimate 5 substitution rates that might be overfitting!
WARNING: Please only use GTRX with very large data and always test for model fit!
Optimizing NNI: done in 0.00514188 secs using 104.7% CPU
WARNING: GTRX multistate model will estimate 5 substitution rates that might be overfitting!
WARNING: Please only use GTRX with very large data and always test for model fit!
Optimizing NNI: done in 0.00421116 secs using 104.6% CPU
WARNING: GTRX multistate model will estimate 5 substitution rates that might be overfitting!
WARNING: Please only use GTRX with very large data and always test for model fit!
Optimizing NNI: done in 0.00561793 secs using 104.7% CPU
WARNING: GTRX multistate model will estimate 5 substitution rates that might be overfitting!
WARNING: Please only use GTRX with very large data and always test for model fit!
Optimizing NNI: done in 0.00206451 secs using 104.6% CPU
WARNING: GTRX multistate model will estimate 5 substitution rates that might be overfitting!
WARNING: Please only use GTRX with very large data and always test for model fit!
Optimizing NNI: done in 0.00481712 secs using 104.5% CPU
WARNING: GTRX multistate model will estimate 5 substitution rates that might be overfitting!
WARNING: Please only use GTRX with very large data and always test for model fit!
Optimizing NNI: done in 0.00283925 secs using 88.72% CPU
WARNING: GTRX multistate model will estimate 5 substitution rates that might be overfitting!
WARNING: Please only use GTRX with very large data and always test for model fit!
Optimizing NNI: done in 0.0116112 secs using 86.29% CPU
WARNING: GTRX multistate model will estimate 5 substitution rates that might be overfitting!
WARNING: Please only use GTRX with very large data and always test for model fit!
Optimizing NNI: done in 0.00900096 secs using 104.7% CPU
WARNING: GTRX multistate model will estimate 5 substitution rates that might be overfitting!
WARNING: Please only use GTRX with very large data and always test for model fit!
Optimizing NNI: done in 0.00212182 secs using 104.6% CPU
WARNING: GTRX multistate model will estimate 5 substitution rates that might be overfitting!
WARNING: Please only use GTRX with very large data and always test for model fit!
Optimizing NNI: done in 0.00389261 secs using 104.6% CPU
WARNING: GTRX multistate model will estimate 5 substitution rates that might be overfitting!
WARNING: Please only use GTRX with very large data and always test for model fit!
Optimizing NNI: done in 0.00591518 secs using 104.7% CPU
WARNING: GTRX multistate model will estimate 5 substitution rates that might be overfitting!
WARNING: Please only use GTRX with very large data and always test for model fit!
Optimizing NNI: done in 0.00615856 secs using 104.7% CPU
WARNING: GTRX multistate model will estimate 5 substitution rates that might be overfitting!
WARNING: Please only use GTRX with very large data and always test for model fit!
Optimizing NNI: done in 0.00616582 secs using 104.7% CPU
WARNING: GTRX multistate model will estimate 5 substitution rates that might be overfitting!
WARNING: Please only use GTRX with very large data and always test for model fit!
Optimizing NNI: done in 0.00403073 secs using 104.7% CPU
WARNING: GTRX multistate model will estimate 5 substitution rates that might be overfitting!
WARNING: Please only use GTRX with very large data and always test for model fit!
Optimizing NNI: done in 0.00356432 secs using 104.6% CPU
WARNING: GTRX multistate model will estimate 5 substitution rates that might be overfitting!
WARNING: Please only use GTRX with very large data and always test for model fit!
Optimizing NNI: done in 0.00470489 secs using 104.7% CPU
WARNING: GTRX multistate model will estimate 5 substitution rates that might be overfitting!
WARNING: Please only use GTRX with very large data and always test for model fit!
Optimizing NNI: done in 0.00521772 secs using 104.6% CPU
WARNING: GTRX multistate model will estimate 5 substitution rates that might be overfitting!
WARNING: Please only use GTRX with very large data and always test for model fit!
Optimizing NNI: done in 0.00421823 secs using 104.6% CPU
WARNING: GTRX multistate model will estimate 5 substitution rates that might be overfitting!
WARNING: Please only use GTRX with very large data and always test for model fit!
Optimizing NNI: done in 0.00610049 secs using 104.7% CPU
WARNING: GTRX multistate model will estimate 5 substitution rates that might be overfitting!
WARNING: Please only use GTRX with very large data and always test for model fit!
Optimizing NNI: done in 0.00291814 secs using 104.6% CPU
WARNING: GTRX multistate model will estimate 5 substitution rates that might be overfitting!
WARNING: Please only use GTRX with very large data and always test for model fit!
Optimizing NNI: done in 0.00600487 secs using 104.6% CPU
WARNING: GTRX multistate model will estimate 5 substitution rates that might be overfitting!
WARNING: Please only use GTRX with very large data and always test for model fit!
Optimizing NNI: done in 0.00598902 secs using 104.7% CPU
WARNING: GTRX multistate model will estimate 5 substitution rates that might be overfitting!
WARNING: Please only use GTRX with very large data and always test for model fit!
Optimizing NNI: done in 0.00305989 secs using 104.6% CPU
WARNING: GTRX multistate model will estimate 5 substitution rates that might be overfitting!
WARNING: Please only use GTRX with very large data and always test for model fit!
Optimizing NNI: done in 0.00442473 secs using 102.3% CPU
WARNING: GTRX multistate model will estimate 5 substitution rates that might be overfitting!
WARNING: Please only use GTRX with very large data and always test for model fit!
Optimizing NNI: done in 0.00587478 secs using 104.3% CPU
WARNING: GTRX multistate model will estimate 5 substitution rates that might be overfitting!
WARNING: Please only use GTRX with very large data and always test for model fit!
Optimizing NNI: done in 0.00409453 secs using 104.7% CPU
WARNING: GTRX multistate model will estimate 5 substitution rates that might be overfitting!
WARNING: Please only use GTRX with very large data and always test for model fit!
Optimizing NNI: done in 0.00605636 secs using 104.7% CPU
WARNING: GTRX multistate model will estimate 5 substitution rates that might be overfitting!
WARNING: Please only use GTRX with very large data and always test for model fit!
Optimizing NNI: done in 0.00563857 secs using 104.7% CPU
WARNING: GTRX multistate model will estimate 5 substitution rates that might be overfitting!
WARNING: Please only use GTRX with very large data and always test for model fit!
Optimizing NNI: done in 0.00824561 secs using 104.7% CPU
WARNING: GTRX multistate model will estimate 5 substitution rates that might be overfitting!
WARNING: Please only use GTRX with very large data and always test for model fit!
Optimizing NNI: done in 0.00711249 secs using 104.7% CPU
WARNING: GTRX multistate model will estimate 5 substitution rates that might be overfitting!
WARNING: Please only use GTRX with very large data and always test for model fit!
Optimizing NNI: done in 0.00365716 secs using 100.2% CPU
WARNING: GTRX multistate model will estimate 5 substitution rates that might be overfitting!
WARNING: Please only use GTRX with very large data and always test for model fit!
Optimizing NNI: done in 0.00600048 secs using 104.3% CPU
WARNING: GTRX multistate model will estimate 5 substitution rates that might be overfitting!
WARNING: Please only use GTRX with very large data and always test for model fit!
Optimizing NNI: done in 0.00525802 secs using 104.6% CPU
WARNING: GTRX multistate model will estimate 5 substitution rates that might be overfitting!
WARNING: Please only use GTRX with very large data and always test for model fit!
Optimizing NNI: done in 0.0114112 secs using 104.6% CPU
WARNING: GTRX multistate model will estimate 5 substitution rates that might be overfitting!
WARNING: Please only use GTRX with very large data and always test for model fit!
Optimizing NNI: done in 0.00459982 secs using 104.6% CPU
WARNING: GTRX multistate model will estimate 5 substitution rates that might be overfitting!
WARNING: Please only use GTRX with very large data and always test for model fit!
Optimizing NNI: done in 0.00425185 secs using 104.7% CPU
WARNING: GTRX multistate model will estimate 5 substitution rates that might be overfitting!
WARNING: Please only use GTRX with very large data and always test for model fit!
Optimizing NNI: done in 0.00270872 secs using 105.4% CPU
300 samples done
WARNING: GTRX multistate model will estimate 5 substitution rates that might be overfitting!
WARNING: Please only use GTRX with very large data and always test for model fit!
Optimizing NNI: done in 0.0022346 secs
WARNING: GTRX multistate model will estimate 5 substitution rates that might be overfitting!
WARNING: Please only use GTRX with very large data and always test for model fit!
Optimizing NNI: done in 0.00402883 secs using 31.67% CPU
WARNING: GTRX multistate model will estimate 5 substitution rates that might be overfitting!
WARNING: Please only use GTRX with very large data and always test for model fit!
Optimizing NNI: done in 0.00687412 secs using 104.9% CPU
WARNING: GTRX multistate model will estimate 5 substitution rates that might be overfitting!
WARNING: Please only use GTRX with very large data and always test for model fit!
Optimizing NNI: done in 0.00449195 secs using 105.4% CPU
WARNING: GTRX multistate model will estimate 5 substitution rates that might be overfitting!
WARNING: Please only use GTRX with very large data and always test for model fit!
Optimizing NNI: done in 0.00659538 secs using 105.4% CPU
WARNING: GTRX multistate model will estimate 5 substitution rates that might be overfitting!
WARNING: Please only use GTRX with very large data and always test for model fit!
Optimizing NNI: done in 0.00693909 secs using 105.4% CPU
WARNING: GTRX multistate model will estimate 5 substitution rates that might be overfitting!
WARNING: Please only use GTRX with very large data and always test for model fit!
Optimizing NNI: done in 0.00577707 secs using 105.4% CPU
WARNING: GTRX multistate model will estimate 5 substitution rates that might be overfitting!
WARNING: Please only use GTRX with very large data and always test for model fit!
Optimizing NNI: done in 0.00280223 secs using 105.4% CPU
WARNING: GTRX multistate model will estimate 5 substitution rates that might be overfitting!
WARNING: Please only use GTRX with very large data and always test for model fit!
Optimizing NNI: done in 0.00699021 secs using 101.7% CPU
WARNING: GTRX multistate model will estimate 5 substitution rates that might be overfitting!
WARNING: Please only use GTRX with very large data and always test for model fit!
Optimizing NNI: done in 0.00427514 secs using 105.4% CPU
WARNING: GTRX multistate model will estimate 5 substitution rates that might be overfitting!
WARNING: Please only use GTRX with very large data and always test for model fit!
Optimizing NNI: done in 0.0037389 secs using 105.4% CPU
WARNING: GTRX multistate model will estimate 5 substitution rates that might be overfitting!
WARNING: Please only use GTRX with very large data and always test for model fit!
Optimizing NNI: done in 0.00204026 secs using 105.3% CPU
WARNING: GTRX multistate model will estimate 5 substitution rates that might be overfitting!
WARNING: Please only use GTRX with very large data and always test for model fit!
Optimizing NNI: done in 0.00208085 secs using 105.4% CPU
WARNING: GTRX multistate model will estimate 5 substitution rates that might be overfitting!
WARNING: Please only use GTRX with very large data and always test for model fit!
Optimizing NNI: done in 0.00688901 secs using 105.1% CPU
WARNING: GTRX multistate model will estimate 5 substitution rates that might be overfitting!
WARNING: Please only use GTRX with very large data and always test for model fit!
Optimizing NNI: done in 0.00305736 secs using 105.4% CPU
WARNING: GTRX multistate model will estimate 5 substitution rates that might be overfitting!
WARNING: Please only use GTRX with very large data and always test for model fit!
Optimizing NNI: done in 0.00416143 secs using 105.4% CPU
WARNING: GTRX multistate model will estimate 5 substitution rates that might be overfitting!
WARNING: Please only use GTRX with very large data and always test for model fit!
Optimizing NNI: done in 0.00477648 secs
WARNING: GTRX multistate model will estimate 5 substitution rates that might be overfitting!
WARNING: Please only use GTRX with very large data and always test for model fit!
Optimizing NNI: done in 0.0079505 secs using 104.2% CPU
WARNING: GTRX multistate model will estimate 5 substitution rates that might be overfitting!
WARNING: Please only use GTRX with very large data and always test for model fit!
Optimizing NNI: done in 0.00432048 secs using 105.4% CPU
WARNING: GTRX multistate model will estimate 5 substitution rates that might be overfitting!
WARNING: Please only use GTRX with very large data and always test for model fit!
Optimizing NNI: done in 0.00218708 secs
WARNING: GTRX multistate model will estimate 5 substitution rates that might be overfitting!
WARNING: Please only use GTRX with very large data and always test for model fit!
Optimizing NNI: done in 0.00418476 secs using 100.6% CPU
WARNING: GTRX multistate model will estimate 5 substitution rates that might be overfitting!
WARNING: Please only use GTRX with very large data and always test for model fit!
Optimizing NNI: done in 0.00477155 secs using 105.4% CPU
WARNING: GTRX multistate model will estimate 5 substitution rates that might be overfitting!
WARNING: Please only use GTRX with very large data and always test for model fit!
Optimizing NNI: done in 0.0041839 secs
WARNING: GTRX multistate model will estimate 5 substitution rates that might be overfitting!
WARNING: Please only use GTRX with very large data and always test for model fit!
Optimizing NNI: done in 0.00744992 secs using 105.4% CPU
WARNING: GTRX multistate model will estimate 5 substitution rates that might be overfitting!
WARNING: Please only use GTRX with very large data and always test for model fit!
Optimizing NNI: done in 0.00385669 secs
WARNING: GTRX multistate model will estimate 5 substitution rates that might be overfitting!
WARNING: Please only use GTRX with very large data and always test for model fit!
Optimizing NNI: done in 0.00314272 secs using 100.5% CPU
WARNING: GTRX multistate model will estimate 5 substitution rates that might be overfitting!
WARNING: Please only use GTRX with very large data and always test for model fit!
Optimizing NNI: done in 0.00582165 secs using 104.9% CPU
WARNING: GTRX multistate model will estimate 5 substitution rates that might be overfitting!
WARNING: Please only use GTRX with very large data and always test for model fit!
Optimizing NNI: done in 0.00575545 secs using 100.5% CPU
WARNING: GTRX multistate model will estimate 5 substitution rates that might be overfitting!
WARNING: Please only use GTRX with very large data and always test for model fit!
Optimizing NNI: done in 0.00825096 secs using 105.1% CPU
WARNING: GTRX multistate model will estimate 5 substitution rates that might be overfitting!
WARNING: Please only use GTRX with very large data and always test for model fit!
Optimizing NNI: done in 0.00380225 secs using 105.4% CPU
WARNING: GTRX multistate model will estimate 5 substitution rates that might be overfitting!
WARNING: Please only use GTRX with very large data and always test for model fit!
Optimizing NNI: done in 0.00530902 secs using 105.4% CPU
WARNING: GTRX multistate model will estimate 5 substitution rates that might be overfitting!
WARNING: Please only use GTRX with very large data and always test for model fit!
Optimizing NNI: done in 0.00485435 secs using 105.3% CPU
WARNING: GTRX multistate model will estimate 5 substitution rates that might be overfitting!
WARNING: Please only use GTRX with very large data and always test for model fit!
Optimizing NNI: done in 0.00221145 secs using 105.4% CPU
WARNING: GTRX multistate model will estimate 5 substitution rates that might be overfitting!
WARNING: Please only use GTRX with very large data and always test for model fit!
Optimizing NNI: done in 0.0040993 secs using 62.96% CPU
WARNING: GTRX multistate model will estimate 5 substitution rates that might be overfitting!
WARNING: Please only use GTRX with very large data and always test for model fit!
Optimizing NNI: done in 0.00369451 secs
WARNING: GTRX multistate model will estimate 5 substitution rates that might be overfitting!
WARNING: Please only use GTRX with very large data and always test for model fit!
Optimizing NNI: done in 0.00322969 secs using 100.5% CPU
WARNING: GTRX multistate model will estimate 5 substitution rates that might be overfitting!
WARNING: Please only use GTRX with very large data and always test for model fit!
Optimizing NNI: done in 0.00569684 secs using 105.4% CPU
WARNING: GTRX multistate model will estimate 5 substitution rates that might be overfitting!
WARNING: Please only use GTRX with very large data and always test for model fit!
Optimizing NNI: done in 0.00199417 secs using 105.4% CPU
WARNING: GTRX multistate model will estimate 5 substitution rates that might be overfitting!
WARNING: Please only use GTRX with very large data and always test for model fit!
Optimizing NNI: done in 0.0055541 secs using 105.4% CPU
WARNING: GTRX multistate model will estimate 5 substitution rates that might be overfitting!
WARNING: Please only use GTRX with very large data and always test for model fit!
Optimizing NNI: done in 0.00390544 secs using 105.4% CPU
WARNING: GTRX multistate model will estimate 5 substitution rates that might be overfitting!
WARNING: Please only use GTRX with very large data and always test for model fit!
Optimizing NNI: done in 0.00435168 secs
WARNING: GTRX multistate model will estimate 5 substitution rates that might be overfitting!
WARNING: Please only use GTRX with very large data and always test for model fit!
Optimizing NNI: done in 0.00436411 secs using 100.5% CPU
WARNING: GTRX multistate model will estimate 5 substitution rates that might be overfitting!
WARNING: Please only use GTRX with very large data and always test for model fit!
Optimizing NNI: done in 0.00537162 secs using 105.4% CPU
WARNING: GTRX multistate model will estimate 5 substitution rates that might be overfitting!
WARNING: Please only use GTRX with very large data and always test for model fit!
Optimizing NNI: done in 0.00254198 secs using 105.4% CPU
WARNING: GTRX multistate model will estimate 5 substitution rates that might be overfitting!
WARNING: Please only use GTRX with very large data and always test for model fit!
Optimizing NNI: done in 0.00965463 secs using 105.4% CPU
WARNING: GTRX multistate model will estimate 5 substitution rates that might be overfitting!
WARNING: Please only use GTRX with very large data and always test for model fit!
Optimizing NNI: done in 0.00323671 secs using 105.4% CPU
WARNING: GTRX multistate model will estimate 5 substitution rates that might be overfitting!
WARNING: Please only use GTRX with very large data and always test for model fit!
Optimizing NNI: done in 0.00336863 secs using 105.4% CPU
WARNING: GTRX multistate model will estimate 5 substitution rates that might be overfitting!
WARNING: Please only use GTRX with very large data and always test for model fit!
Optimizing NNI: done in 0.00475163 secs using 105.4% CPU
WARNING: GTRX multistate model will estimate 5 substitution rates that might be overfitting!
WARNING: Please only use GTRX with very large data and always test for model fit!
Optimizing NNI: done in 0.00517274 secs using 105.4% CPU
WARNING: GTRX multistate model will estimate 5 substitution rates that might be overfitting!
WARNING: Please only use GTRX with very large data and always test for model fit!
Optimizing NNI: done in 0.0040294 secs using 101.6% CPU
WARNING: GTRX multistate model will estimate 5 substitution rates that might be overfitting!
WARNING: Please only use GTRX with very large data and always test for model fit!
Optimizing NNI: done in 0.00433764 secs using 105.4% CPU
WARNING: GTRX multistate model will estimate 5 substitution rates that might be overfitting!
WARNING: Please only use GTRX with very large data and always test for model fit!
Optimizing NNI: done in 0.00325198 secs using 105.4% CPU
WARNING: GTRX multistate model will estimate 5 substitution rates that might be overfitting!
WARNING: Please only use GTRX with very large data and always test for model fit!
Optimizing NNI: done in 0.00528143 secs using 105.4% CPU
WARNING: GTRX multistate model will estimate 5 substitution rates that might be overfitting!
WARNING: Please only use GTRX with very large data and always test for model fit!
Optimizing NNI: done in 0.0053978 secs
WARNING: GTRX multistate model will estimate 5 substitution rates that might be overfitting!
WARNING: Please only use GTRX with very large data and always test for model fit!
Optimizing NNI: done in 0.00572747 secs using 105.4% CPU
WARNING: GTRX multistate model will estimate 5 substitution rates that might be overfitting!
WARNING: Please only use GTRX with very large data and always test for model fit!
Optimizing NNI: done in 0.00315353 secs using 105.4% CPU
WARNING: GTRX multistate model will estimate 5 substitution rates that might be overfitting!
WARNING: Please only use GTRX with very large data and always test for model fit!
Optimizing NNI: done in 0.00562466 secs using 105.4% CPU
WARNING: GTRX multistate model will estimate 5 substitution rates that might be overfitting!
WARNING: Please only use GTRX with very large data and always test for model fit!
Optimizing NNI: done in 0.00348662 secs using 105.3% CPU
WARNING: GTRX multistate model will estimate 5 substitution rates that might be overfitting!
WARNING: Please only use GTRX with very large data and always test for model fit!
Optimizing NNI: done in 0.00330167 secs using 105.4% CPU
WARNING: GTRX multistate model will estimate 5 substitution rates that might be overfitting!
WARNING: Please only use GTRX with very large data and always test for model fit!
Optimizing NNI: done in 0.00291158 secs using 105.3% CPU
WARNING: GTRX multistate model will estimate 5 substitution rates that might be overfitting!
WARNING: Please only use GTRX with very large data and always test for model fit!
Optimizing NNI: done in 0.00340628 secs using 105.4% CPU
WARNING: GTRX multistate model will estimate 5 substitution rates that might be overfitting!
WARNING: Please only use GTRX with very large data and always test for model fit!
Optimizing NNI: done in 0.00312574 secs using 105.3% CPU
WARNING: GTRX multistate model will estimate 5 substitution rates that might be overfitting!
WARNING: Please only use GTRX with very large data and always test for model fit!
Optimizing NNI: done in 0.00664735 secs using 105.4% CPU
WARNING: GTRX multistate model will estimate 5 substitution rates that might be overfitting!
WARNING: Please only use GTRX with very large data and always test for model fit!
Optimizing NNI: done in 0.00249171 secs using 105.3% CPU
WARNING: GTRX multistate model will estimate 5 substitution rates that might be overfitting!
WARNING: Please only use GTRX with very large data and always test for model fit!
Optimizing NNI: done in 0.00343445 secs using 105.4% CPU
WARNING: GTRX multistate model will estimate 5 substitution rates that might be overfitting!
WARNING: Please only use GTRX with very large data and always test for model fit!
Optimizing NNI: done in 0.00165093 secs using 105.3% CPU
WARNING: GTRX multistate model will estimate 5 substitution rates that might be overfitting!
WARNING: Please only use GTRX with very large data and always test for model fit!
Optimizing NNI: done in 0.0036268 secs using 105.4% CPU
WARNING: GTRX multistate model will estimate 5 substitution rates that might be overfitting!
WARNING: Please only use GTRX with very large data and always test for model fit!
Optimizing NNI: done in 0.00367232 secs using 105.4% CPU
WARNING: GTRX multistate model will estimate 5 substitution rates that might be overfitting!
WARNING: Please only use GTRX with very large data and always test for model fit!
Optimizing NNI: done in 0.00631578 secs using 105.4% CPU
WARNING: GTRX multistate model will estimate 5 substitution rates that might be overfitting!
WARNING: Please only use GTRX with very large data and always test for model fit!
Optimizing NNI: done in 0.00511251 secs using 105.4% CPU
WARNING: GTRX multistate model will estimate 5 substitution rates that might be overfitting!
WARNING: Please only use GTRX with very large data and always test for model fit!
Optimizing NNI: done in 0.00257005 secs using 105.4% CPU
WARNING: GTRX multistate model will estimate 5 substitution rates that might be overfitting!
WARNING: Please only use GTRX with very large data and always test for model fit!
Optimizing NNI: done in 0.00349183 secs using 105.4% CPU
WARNING: GTRX multistate model will estimate 5 substitution rates that might be overfitting!
WARNING: Please only use GTRX with very large data and always test for model fit!
Optimizing NNI: done in 0.00385129 secs using 105.4% CPU
WARNING: GTRX multistate model will estimate 5 substitution rates that might be overfitting!
WARNING: Please only use GTRX with very large data and always test for model fit!
Optimizing NNI: done in 0.00190909 secs using 105.4% CPU
WARNING: GTRX multistate model will estimate 5 substitution rates that might be overfitting!
WARNING: Please only use GTRX with very large data and always test for model fit!
Optimizing NNI: done in 0.00340315 secs using 105.4% CPU
WARNING: GTRX multistate model will estimate 5 substitution rates that might be overfitting!
WARNING: Please only use GTRX with very large data and always test for model fit!
Optimizing NNI: done in 0.0078567 secs using 105.3% CPU
WARNING: GTRX multistate model will estimate 5 substitution rates that might be overfitting!
WARNING: Please only use GTRX with very large data and always test for model fit!
Optimizing NNI: done in 0.00483794 secs using 105.4% CPU
WARNING: GTRX multistate model will estimate 5 substitution rates that might be overfitting!
WARNING: Please only use GTRX with very large data and always test for model fit!
Optimizing NNI: done in 0.00290921 secs using 105.3% CPU
WARNING: GTRX multistate model will estimate 5 substitution rates that might be overfitting!
WARNING: Please only use GTRX with very large data and always test for model fit!
Optimizing NNI: done in 0.00434144 secs using 105.4% CPU
WARNING: GTRX multistate model will estimate 5 substitution rates that might be overfitting!
WARNING: Please only use GTRX with very large data and always test for model fit!
Optimizing NNI: done in 0.00459325 secs using 105.4% CPU
WARNING: GTRX multistate model will estimate 5 substitution rates that might be overfitting!
WARNING: Please only use GTRX with very large data and always test for model fit!
Optimizing NNI: done in 0.00519341 secs using 105.3% CPU
WARNING: GTRX multistate model will estimate 5 substitution rates that might be overfitting!
WARNING: Please only use GTRX with very large data and always test for model fit!
Optimizing NNI: done in 0.00323784 secs
WARNING: GTRX multistate model will estimate 5 substitution rates that might be overfitting!
WARNING: Please only use GTRX with very large data and always test for model fit!
Optimizing NNI: done in 0.00399166 secs using 105.4% CPU
WARNING: GTRX multistate model will estimate 5 substitution rates that might be overfitting!
WARNING: Please only use GTRX with very large data and always test for model fit!
Optimizing NNI: done in 0.00386144 secs using 105.4% CPU
WARNING: GTRX multistate model will estimate 5 substitution rates that might be overfitting!
WARNING: Please only use GTRX with very large data and always test for model fit!
Optimizing NNI: done in 0.00433613 secs using 105.3% CPU
WARNING: GTRX multistate model will estimate 5 substitution rates that might be overfitting!
WARNING: Please only use GTRX with very large data and always test for model fit!
Optimizing NNI: done in 0.00342042 secs using 105.3% CPU
WARNING: GTRX multistate model will estimate 5 substitution rates that might be overfitting!
WARNING: Please only use GTRX with very large data and always test for model fit!
Optimizing NNI: done in 0.00192313 secs using 105.3% CPU
WARNING: GTRX multistate model will estimate 5 substitution rates that might be overfitting!
WARNING: Please only use GTRX with very large data and always test for model fit!
Optimizing NNI: done in 0.00258096 secs using 105.4% CPU
WARNING: GTRX multistate model will estimate 5 substitution rates that might be overfitting!
WARNING: Please only use GTRX with very large data and always test for model fit!
Optimizing NNI: done in 0.00460064 secs using 105.4% CPU
WARNING: GTRX multistate model will estimate 5 substitution rates that might be overfitting!
WARNING: Please only use GTRX with very large data and always test for model fit!
Optimizing NNI: done in 0.00614326 secs using 105.4% CPU
WARNING: GTRX multistate model will estimate 5 substitution rates that might be overfitting!
WARNING: Please only use GTRX with very large data and always test for model fit!
Optimizing NNI: done in 0.00450163 secs using 105.4% CPU
WARNING: GTRX multistate model will estimate 5 substitution rates that might be overfitting!
WARNING: Please only use GTRX with very large data and always test for model fit!
Optimizing NNI: done in 0.0018576 secs using 105.4% CPU
WARNING: GTRX multistate model will estimate 5 substitution rates that might be overfitting!
WARNING: Please only use GTRX with very large data and always test for model fit!
Optimizing NNI: done in 0.00784219 secs using 105.4% CPU
WARNING: GTRX multistate model will estimate 5 substitution rates that might be overfitting!
WARNING: Please only use GTRX with very large data and always test for model fit!
Optimizing NNI: done in 0.00291054 secs using 105.4% CPU
WARNING: GTRX multistate model will estimate 5 substitution rates that might be overfitting!
WARNING: Please only use GTRX with very large data and always test for model fit!
Optimizing NNI: done in 0.00344157 secs using 105.3% CPU
WARNING: GTRX multistate model will estimate 5 substitution rates that might be overfitting!
WARNING: Please only use GTRX with very large data and always test for model fit!
Optimizing NNI: done in 0.00419111 secs using 105.4% CPU
WARNING: GTRX multistate model will estimate 5 substitution rates that might be overfitting!
WARNING: Please only use GTRX with very large data and always test for model fit!
Optimizing NNI: done in 0.00388714 secs using 105.4% CPU
WARNING: GTRX multistate model will estimate 5 substitution rates that might be overfitting!
WARNING: Please only use GTRX with very large data and always test for model fit!
Optimizing NNI: done in 0.0034226 secs using 105.4% CPU
WARNING: GTRX multistate model will estimate 5 substitution rates that might be overfitting!
WARNING: Please only use GTRX with very large data and always test for model fit!
Optimizing NNI: done in 0.00501131 secs using 105.4% CPU
WARNING: GTRX multistate model will estimate 5 substitution rates that might be overfitting!
WARNING: Please only use GTRX with very large data and always test for model fit!
Optimizing NNI: done in 0.00268358 secs using 105.2% CPU
400 samples done
WARNING: GTRX multistate model will estimate 5 substitution rates that might be overfitting!
WARNING: Please only use GTRX with very large data and always test for model fit!
Optimizing NNI: done in 0.00454317 secs using 105.4% CPU
WARNING: GTRX multistate model will estimate 5 substitution rates that might be overfitting!
WARNING: Please only use GTRX with very large data and always test for model fit!
Optimizing NNI: done in 0.00432029 secs using 105.4% CPU
WARNING: GTRX multistate model will estimate 5 substitution rates that might be overfitting!
WARNING: Please only use GTRX with very large data and always test for model fit!
Optimizing NNI: done in 0.00500999 secs using 105.2% CPU
WARNING: GTRX multistate model will estimate 5 substitution rates that might be overfitting!
WARNING: Please only use GTRX with very large data and always test for model fit!
Optimizing NNI: done in 0.00470905 secs using 77.55% CPU
WARNING: GTRX multistate model will estimate 5 substitution rates that might be overfitting!
WARNING: Please only use GTRX with very large data and always test for model fit!
Optimizing NNI: done in 0.00320522 secs
WARNING: GTRX multistate model will estimate 5 substitution rates that might be overfitting!
WARNING: Please only use GTRX with very large data and always test for model fit!
Optimizing NNI: done in 0.00551683 secs using 100.5% CPU
WARNING: GTRX multistate model will estimate 5 substitution rates that might be overfitting!
WARNING: Please only use GTRX with very large data and always test for model fit!
Optimizing NNI: done in 0.00330708 secs using 105.4% CPU
WARNING: GTRX multistate model will estimate 5 substitution rates that might be overfitting!
WARNING: Please only use GTRX with very large data and always test for model fit!
Optimizing NNI: done in 0.00398227 secs using 105.3% CPU
WARNING: GTRX multistate model will estimate 5 substitution rates that might be overfitting!
WARNING: Please only use GTRX with very large data and always test for model fit!
Optimizing NNI: done in 0.00482827 secs using 105.4% CPU
WARNING: GTRX multistate model will estimate 5 substitution rates that might be overfitting!
WARNING: Please only use GTRX with very large data and always test for model fit!
Optimizing NNI: done in 0.00822014 secs using 105.4% CPU
WARNING: GTRX multistate model will estimate 5 substitution rates that might be overfitting!
WARNING: Please only use GTRX with very large data and always test for model fit!
Optimizing NNI: done in 0.00544617 secs using 105.4% CPU
WARNING: GTRX multistate model will estimate 5 substitution rates that might be overfitting!
WARNING: Please only use GTRX with very large data and always test for model fit!
Optimizing NNI: done in 0.00501406 secs using 105.4% CPU
WARNING: GTRX multistate model will estimate 5 substitution rates that might be overfitting!
WARNING: Please only use GTRX with very large data and always test for model fit!
Optimizing NNI: done in 0.00492595 secs using 105.4% CPU
WARNING: GTRX multistate model will estimate 5 substitution rates that might be overfitting!
WARNING: Please only use GTRX with very large data and always test for model fit!
Optimizing NNI: done in 0.00241632 secs using 105.3% CPU
WARNING: GTRX multistate model will estimate 5 substitution rates that might be overfitting!
WARNING: Please only use GTRX with very large data and always test for model fit!
Optimizing NNI: done in 0.00325425 secs using 105.4% CPU
WARNING: GTRX multistate model will estimate 5 substitution rates that might be overfitting!
WARNING: Please only use GTRX with very large data and always test for model fit!
Optimizing NNI: done in 0.00245378 secs using 105.4% CPU
WARNING: GTRX multistate model will estimate 5 substitution rates that might be overfitting!
WARNING: Please only use GTRX with very large data and always test for model fit!
Optimizing NNI: done in 0.00280233 secs
WARNING: GTRX multistate model will estimate 5 substitution rates that might be overfitting!
WARNING: Please only use GTRX with very large data and always test for model fit!
Optimizing NNI: done in 0.00417319 secs using 100.5% CPU
WARNING: GTRX multistate model will estimate 5 substitution rates that might be overfitting!
WARNING: Please only use GTRX with very large data and always test for model fit!
Optimizing NNI: done in 0.00201058 secs using 105.4% CPU
WARNING: GTRX multistate model will estimate 5 substitution rates that might be overfitting!
WARNING: Please only use GTRX with very large data and always test for model fit!
Optimizing NNI: done in 0.00243841 secs using 105.3% CPU
WARNING: GTRX multistate model will estimate 5 substitution rates that might be overfitting!
WARNING: Please only use GTRX with very large data and always test for model fit!
Optimizing NNI: done in 0.00277349 secs using 105.4% CPU
WARNING: GTRX multistate model will estimate 5 substitution rates that might be overfitting!
WARNING: Please only use GTRX with very large data and always test for model fit!
Optimizing NNI: done in 0.00423872 secs using 105.4% CPU
WARNING: GTRX multistate model will estimate 5 substitution rates that might be overfitting!
WARNING: Please only use GTRX with very large data and always test for model fit!
Optimizing NNI: done in 0.00693046 secs using 105.4% CPU
WARNING: GTRX multistate model will estimate 5 substitution rates that might be overfitting!
WARNING: Please only use GTRX with very large data and always test for model fit!
Optimizing NNI: done in 0.00413999 secs using 105.4% CPU
WARNING: GTRX multistate model will estimate 5 substitution rates that might be overfitting!
WARNING: Please only use GTRX with very large data and always test for model fit!
Optimizing NNI: done in 0.00433357 secs using 105.4% CPU
WARNING: GTRX multistate model will estimate 5 substitution rates that might be overfitting!
WARNING: Please only use GTRX with very large data and always test for model fit!
Optimizing NNI: done in 0.00390487 secs using 105.4% CPU
WARNING: GTRX multistate model will estimate 5 substitution rates that might be overfitting!
WARNING: Please only use GTRX with very large data and always test for model fit!
Optimizing NNI: done in 0.00236965 secs using 105.2% CPU
WARNING: GTRX multistate model will estimate 5 substitution rates that might be overfitting!
WARNING: Please only use GTRX with very large data and always test for model fit!
Optimizing NNI: done in 0.00565757 secs using 105.4% CPU
WARNING: GTRX multistate model will estimate 5 substitution rates that might be overfitting!
WARNING: Please only use GTRX with very large data and always test for model fit!
Optimizing NNI: done in 0.00412738 secs using 105.4% CPU
WARNING: GTRX multistate model will estimate 5 substitution rates that might be overfitting!
WARNING: Please only use GTRX with very large data and always test for model fit!
Optimizing NNI: done in 0.00398198 secs using 105.4% CPU
WARNING: GTRX multistate model will estimate 5 substitution rates that might be overfitting!
WARNING: Please only use GTRX with very large data and always test for model fit!
Optimizing NNI: done in 0.00450314 secs using 105.4% CPU
WARNING: GTRX multistate model will estimate 5 substitution rates that might be overfitting!
WARNING: Please only use GTRX with very large data and always test for model fit!
Optimizing NNI: done in 0.00427324 secs using 100.5% CPU
WARNING: GTRX multistate model will estimate 5 substitution rates that might be overfitting!
WARNING: Please only use GTRX with very large data and always test for model fit!
Optimizing NNI: done in 0.00607251 secs using 105.1% CPU
WARNING: GTRX multistate model will estimate 5 substitution rates that might be overfitting!
WARNING: Please only use GTRX with very large data and always test for model fit!
Optimizing NNI: done in 0.00447223 secs using 105.4% CPU
WARNING: GTRX multistate model will estimate 5 substitution rates that might be overfitting!
WARNING: Please only use GTRX with very large data and always test for model fit!
Optimizing NNI: done in 0.00502061 secs using 100.5% CPU
WARNING: GTRX multistate model will estimate 5 substitution rates that might be overfitting!
WARNING: Please only use GTRX with very large data and always test for model fit!
Optimizing NNI: done in 0.00631825 secs using 104.7% CPU
WARNING: GTRX multistate model will estimate 5 substitution rates that might be overfitting!
WARNING: Please only use GTRX with very large data and always test for model fit!
Optimizing NNI: done in 0.00671944 secs using 105.4% CPU
WARNING: GTRX multistate model will estimate 5 substitution rates that might be overfitting!
WARNING: Please only use GTRX with very large data and always test for model fit!
Optimizing NNI: done in 0.00284994 secs using 105.4% CPU
WARNING: GTRX multistate model will estimate 5 substitution rates that might be overfitting!
WARNING: Please only use GTRX with very large data and always test for model fit!
Optimizing NNI: done in 0.00930903 secs using 105.4% CPU
WARNING: GTRX multistate model will estimate 5 substitution rates that might be overfitting!
WARNING: Please only use GTRX with very large data and always test for model fit!
Optimizing NNI: done in 0.00643766 secs using 105.4% CPU
WARNING: GTRX multistate model will estimate 5 substitution rates that might be overfitting!
WARNING: Please only use GTRX with very large data and always test for model fit!
Optimizing NNI: done in 0.00389596 secs using 105.4% CPU
WARNING: GTRX multistate model will estimate 5 substitution rates that might be overfitting!
WARNING: Please only use GTRX with very large data and always test for model fit!
Optimizing NNI: done in 0.00214895 secs using 105.4% CPU
WARNING: GTRX multistate model will estimate 5 substitution rates that might be overfitting!
WARNING: Please only use GTRX with very large data and always test for model fit!
Optimizing NNI: done in 0.00375578 secs using 105.4% CPU
WARNING: GTRX multistate model will estimate 5 substitution rates that might be overfitting!
WARNING: Please only use GTRX with very large data and always test for model fit!
Optimizing NNI: done in 0.00582269 secs using 105.4% CPU
WARNING: GTRX multistate model will estimate 5 substitution rates that might be overfitting!
WARNING: Please only use GTRX with very large data and always test for model fit!
Optimizing NNI: done in 0.0024202 secs using 105.3% CPU
WARNING: GTRX multistate model will estimate 5 substitution rates that might be overfitting!
WARNING: Please only use GTRX with very large data and always test for model fit!
Optimizing NNI: done in 0.00420477 secs using 105.4% CPU
WARNING: GTRX multistate model will estimate 5 substitution rates that might be overfitting!
WARNING: Please only use GTRX with very large data and always test for model fit!
Optimizing NNI: done in 0.00691927 secs using 105.4% CPU
WARNING: GTRX multistate model will estimate 5 substitution rates that might be overfitting!
WARNING: Please only use GTRX with very large data and always test for model fit!
Optimizing NNI: done in 0.00628126 secs using 105.3% CPU
WARNING: GTRX multistate model will estimate 5 substitution rates that might be overfitting!
WARNING: Please only use GTRX with very large data and always test for model fit!
Optimizing NNI: done in 0.00711806 secs using 105.4% CPU
WARNING: GTRX multistate model will estimate 5 substitution rates that might be overfitting!
WARNING: Please only use GTRX with very large data and always test for model fit!
Optimizing NNI: done in 0.00313921 secs using 105.3% CPU
WARNING: GTRX multistate model will estimate 5 substitution rates that might be overfitting!
WARNING: Please only use GTRX with very large data and always test for model fit!
Optimizing NNI: done in 0.0054916 secs using 105.4% CPU
WARNING: GTRX multistate model will estimate 5 substitution rates that might be overfitting!
WARNING: Please only use GTRX with very large data and always test for model fit!
Optimizing NNI: done in 0.00823047 secs using 105.4% CPU
WARNING: GTRX multistate model will estimate 5 substitution rates that might be overfitting!
WARNING: Please only use GTRX with very large data and always test for model fit!
Optimizing NNI: done in 0.00663986 secs using 105.4% CPU
WARNING: GTRX multistate model will estimate 5 substitution rates that might be overfitting!
WARNING: Please only use GTRX with very large data and always test for model fit!
Optimizing NNI: done in 0.00405046 secs using 105.4% CPU
WARNING: GTRX multistate model will estimate 5 substitution rates that might be overfitting!
WARNING: Please only use GTRX with very large data and always test for model fit!
Optimizing NNI: done in 0.00665826 secs using 105.4% CPU
WARNING: GTRX multistate model will estimate 5 substitution rates that might be overfitting!
WARNING: Please only use GTRX with very large data and always test for model fit!
Optimizing NNI: done in 0.00207896 secs using 105.3% CPU
WARNING: GTRX multistate model will estimate 5 substitution rates that might be overfitting!
WARNING: Please only use GTRX with very large data and always test for model fit!
Optimizing NNI: done in 0.00780501 secs using 105.4% CPU
WARNING: GTRX multistate model will estimate 5 substitution rates that might be overfitting!
WARNING: Please only use GTRX with very large data and always test for model fit!
Optimizing NNI: done in 0.00580733 secs using 102.8% CPU
WARNING: GTRX multistate model will estimate 5 substitution rates that might be overfitting!
WARNING: Please only use GTRX with very large data and always test for model fit!
Optimizing NNI: done in 0.003886 secs using 105.4% CPU
WARNING: GTRX multistate model will estimate 5 substitution rates that might be overfitting!
WARNING: Please only use GTRX with very large data and always test for model fit!
Optimizing NNI: done in 0.00988605 secs using 105.4% CPU
WARNING: GTRX multistate model will estimate 5 substitution rates that might be overfitting!
WARNING: Please only use GTRX with very large data and always test for model fit!
Optimizing NNI: done in 0.00221288 secs using 105.4% CPU
WARNING: GTRX multistate model will estimate 5 substitution rates that might be overfitting!
WARNING: Please only use GTRX with very large data and always test for model fit!
Optimizing NNI: done in 0.00358174 secs using 105.4% CPU
WARNING: GTRX multistate model will estimate 5 substitution rates that might be overfitting!
WARNING: Please only use GTRX with very large data and always test for model fit!
Optimizing NNI: done in 0.00557117 secs using 105.4% CPU
WARNING: GTRX multistate model will estimate 5 substitution rates that might be overfitting!
WARNING: Please only use GTRX with very large data and always test for model fit!
Optimizing NNI: done in 0.0025637 secs using 105.4% CPU
WARNING: GTRX multistate model will estimate 5 substitution rates that might be overfitting!
WARNING: Please only use GTRX with very large data and always test for model fit!
Optimizing NNI: done in 0.00628923 secs using 105.4% CPU
WARNING: GTRX multistate model will estimate 5 substitution rates that might be overfitting!
WARNING: Please only use GTRX with very large data and always test for model fit!
Optimizing NNI: done in 0.00508064 secs using 105.4% CPU
WARNING: GTRX multistate model will estimate 5 substitution rates that might be overfitting!
WARNING: Please only use GTRX with very large data and always test for model fit!
Optimizing NNI: done in 0.00624152 secs using 105.4% CPU
WARNING: GTRX multistate model will estimate 5 substitution rates that might be overfitting!
WARNING: Please only use GTRX with very large data and always test for model fit!
Optimizing NNI: done in 0.0035219 secs using 105.4% CPU
WARNING: GTRX multistate model will estimate 5 substitution rates that might be overfitting!
WARNING: Please only use GTRX with very large data and always test for model fit!
Optimizing NNI: done in 0.00677985 secs using 105% CPU
WARNING: GTRX multistate model will estimate 5 substitution rates that might be overfitting!
WARNING: Please only use GTRX with very large data and always test for model fit!
Optimizing NNI: done in 0.00200185 secs using 105.4% CPU
WARNING: GTRX multistate model will estimate 5 substitution rates that might be overfitting!
WARNING: Please only use GTRX with very large data and always test for model fit!
Optimizing NNI: done in 0.00223962 secs using 100.5% CPU
WARNING: GTRX multistate model will estimate 5 substitution rates that might be overfitting!
WARNING: Please only use GTRX with very large data and always test for model fit!
Optimizing NNI: done in 0.00239317 secs using 105.3% CPU
WARNING: GTRX multistate model will estimate 5 substitution rates that might be overfitting!
WARNING: Please only use GTRX with very large data and always test for model fit!
Optimizing NNI: done in 0.00458224 secs using 105.4% CPU
WARNING: GTRX multistate model will estimate 5 substitution rates that might be overfitting!
WARNING: Please only use GTRX with very large data and always test for model fit!
Optimizing NNI: done in 0.00487702 secs using 105.4% CPU
WARNING: GTRX multistate model will estimate 5 substitution rates that might be overfitting!
WARNING: Please only use GTRX with very large data and always test for model fit!
Optimizing NNI: done in 0.0044966 secs using 105.2% CPU
WARNING: GTRX multistate model will estimate 5 substitution rates that might be overfitting!
WARNING: Please only use GTRX with very large data and always test for model fit!
Optimizing NNI: done in 0.00605506 secs using 105.4% CPU
WARNING: GTRX multistate model will estimate 5 substitution rates that might be overfitting!
WARNING: Please only use GTRX with very large data and always test for model fit!
Optimizing NNI: done in 0.00585267 secs using 105.4% CPU
WARNING: GTRX multistate model will estimate 5 substitution rates that might be overfitting!
WARNING: Please only use GTRX with very large data and always test for model fit!
Optimizing NNI: done in 0.00684984 secs using 105.4% CPU
WARNING: GTRX multistate model will estimate 5 substitution rates that might be overfitting!
WARNING: Please only use GTRX with very large data and always test for model fit!
Optimizing NNI: done in 0.0074023 secs using 105.4% CPU
WARNING: GTRX multistate model will estimate 5 substitution rates that might be overfitting!
WARNING: Please only use GTRX with very large data and always test for model fit!
Optimizing NNI: done in 0.0106553 secs using 105.4% CPU
WARNING: GTRX multistate model will estimate 5 substitution rates that might be overfitting!
WARNING: Please only use GTRX with very large data and always test for model fit!
Optimizing NNI: done in 0.0118969 secs using 105.4% CPU
WARNING: GTRX multistate model will estimate 5 substitution rates that might be overfitting!
WARNING: Please only use GTRX with very large data and always test for model fit!
Optimizing NNI: done in 0.00801698 secs using 105.4% CPU
WARNING: GTRX multistate model will estimate 5 substitution rates that might be overfitting!
WARNING: Please only use GTRX with very large data and always test for model fit!
Optimizing NNI: done in 0.00194779 secs using 105.4% CPU
WARNING: GTRX multistate model will estimate 5 substitution rates that might be overfitting!
WARNING: Please only use GTRX with very large data and always test for model fit!
Optimizing NNI: done in 0.00855104 secs using 105.4% CPU
WARNING: GTRX multistate model will estimate 5 substitution rates that might be overfitting!
WARNING: Please only use GTRX with very large data and always test for model fit!
Optimizing NNI: done in 0.00314205 secs using 105.3% CPU
WARNING: GTRX multistate model will estimate 5 substitution rates that might be overfitting!
WARNING: Please only use GTRX with very large data and always test for model fit!
Optimizing NNI: done in 0.004127 secs using 105.4% CPU
WARNING: GTRX multistate model will estimate 5 substitution rates that might be overfitting!
WARNING: Please only use GTRX with very large data and always test for model fit!
Optimizing NNI: done in 0.00489522 secs using 105.4% CPU
WARNING: GTRX multistate model will estimate 5 substitution rates that might be overfitting!
WARNING: Please only use GTRX with very large data and always test for model fit!
Optimizing NNI: done in 0.00330205 secs using 105.4% CPU
WARNING: GTRX multistate model will estimate 5 substitution rates that might be overfitting!
WARNING: Please only use GTRX with very large data and always test for model fit!
Optimizing NNI: done in 0.00468069 secs using 105.4% CPU
WARNING: GTRX multistate model will estimate 5 substitution rates that might be overfitting!
WARNING: Please only use GTRX with very large data and always test for model fit!
Optimizing NNI: done in 0.00449006 secs using 105.3% CPU
WARNING: GTRX multistate model will estimate 5 substitution rates that might be overfitting!
WARNING: Please only use GTRX with very large data and always test for model fit!
Optimizing NNI: done in 0.00281636 secs using 105.1% CPU
WARNING: GTRX multistate model will estimate 5 substitution rates that might be overfitting!
WARNING: Please only use GTRX with very large data and always test for model fit!
Optimizing NNI: done in 0.0030309 secs using 105.4% CPU
WARNING: GTRX multistate model will estimate 5 substitution rates that might be overfitting!
WARNING: Please only use GTRX with very large data and always test for model fit!
Optimizing NNI: done in 0.00340221 secs
WARNING: GTRX multistate model will estimate 5 substitution rates that might be overfitting!
WARNING: Please only use GTRX with very large data and always test for model fit!
Optimizing NNI: done in 0.00570936 secs using 74.42% CPU
WARNING: GTRX multistate model will estimate 5 substitution rates that might be overfitting!
WARNING: Please only use GTRX with very large data and always test for model fit!
Optimizing NNI: done in 0.00308401 secs
WARNING: GTRX multistate model will estimate 5 substitution rates that might be overfitting!
WARNING: Please only use GTRX with very large data and always test for model fit!
Optimizing NNI: done in 0.00722324 secs using 72.68% CPU
WARNING: GTRX multistate model will estimate 5 substitution rates that might be overfitting!
WARNING: Please only use GTRX with very large data and always test for model fit!
Optimizing NNI: done in 0.00469198 secs using 105.4% CPU
WARNING: GTRX multistate model will estimate 5 substitution rates that might be overfitting!
WARNING: Please only use GTRX with very large data and always test for model fit!
Optimizing NNI: done in 0.0062823 secs using 105% CPU
WARNING: GTRX multistate model will estimate 5 substitution rates that might be overfitting!
WARNING: Please only use GTRX with very large data and always test for model fit!
Optimizing NNI: done in 0.00337119 secs using 105.4% CPU
WARNING: GTRX multistate model will estimate 5 substitution rates that might be overfitting!
WARNING: Please only use GTRX with very large data and always test for model fit!
Optimizing NNI: done in 0.00535986 secs using 100.5% CPU
500 samples done
WARNING: GTRX multistate model will estimate 5 substitution rates that might be overfitting!
WARNING: Please only use GTRX with very large data and always test for model fit!
Optimizing NNI: done in 0.00519189 secs using 105.4% CPU
WARNING: GTRX multistate model will estimate 5 substitution rates that might be overfitting!
WARNING: Please only use GTRX with very large data and always test for model fit!
Optimizing NNI: done in 0.00510426 secs using 105.4% CPU
WARNING: GTRX multistate model will estimate 5 substitution rates that might be overfitting!
WARNING: Please only use GTRX with very large data and always test for model fit!
Optimizing NNI: done in 0.00310857 secs using 105.4% CPU
WARNING: GTRX multistate model will estimate 5 substitution rates that might be overfitting!
WARNING: Please only use GTRX with very large data and always test for model fit!
Optimizing NNI: done in 0.007202 secs using 100.5% CPU
WARNING: GTRX multistate model will estimate 5 substitution rates that might be overfitting!
WARNING: Please only use GTRX with very large data and always test for model fit!
Optimizing NNI: done in 0.00529053 secs using 105.4% CPU
WARNING: GTRX multistate model will estimate 5 substitution rates that might be overfitting!
WARNING: Please only use GTRX with very large data and always test for model fit!
Optimizing NNI: done in 0.00429809 secs using 105.4% CPU
WARNING: GTRX multistate model will estimate 5 substitution rates that might be overfitting!
WARNING: Please only use GTRX with very large data and always test for model fit!
Optimizing NNI: done in 0.00350435 secs using 105.3% CPU
WARNING: GTRX multistate model will estimate 5 substitution rates that might be overfitting!
WARNING: Please only use GTRX with very large data and always test for model fit!
Optimizing NNI: done in 0.0113159 secs using 105.4% CPU
WARNING: GTRX multistate model will estimate 5 substitution rates that might be overfitting!
WARNING: Please only use GTRX with very large data and always test for model fit!
Optimizing NNI: done in 0.0047891 secs using 105.4% CPU
WARNING: GTRX multistate model will estimate 5 substitution rates that might be overfitting!
WARNING: Please only use GTRX with very large data and always test for model fit!
Optimizing NNI: done in 0.00442404 secs using 103.2% CPU
WARNING: GTRX multistate model will estimate 5 substitution rates that might be overfitting!
WARNING: Please only use GTRX with very large data and always test for model fit!
Optimizing NNI: done in 0.00488081 secs using 100.5% CPU
WARNING: GTRX multistate model will estimate 5 substitution rates that might be overfitting!
WARNING: Please only use GTRX with very large data and always test for model fit!
Optimizing NNI: done in 0.0081177 secs using 100.5% CPU
WARNING: GTRX multistate model will estimate 5 substitution rates that might be overfitting!
WARNING: Please only use GTRX with very large data and always test for model fit!
Optimizing NNI: done in 0.00798701 secs using 102.5% CPU
WARNING: GTRX multistate model will estimate 5 substitution rates that might be overfitting!
WARNING: Please only use GTRX with very large data and always test for model fit!
Optimizing NNI: done in 0.00474499 secs using 105.4% CPU
WARNING: GTRX multistate model will estimate 5 substitution rates that might be overfitting!
WARNING: Please only use GTRX with very large data and always test for model fit!
Optimizing NNI: done in 0.00680403 secs
WARNING: GTRX multistate model will estimate 5 substitution rates that might be overfitting!
WARNING: Please only use GTRX with very large data and always test for model fit!
Optimizing NNI: done in 0.00367687 secs using 100.5% CPU
WARNING: GTRX multistate model will estimate 5 substitution rates that might be overfitting!
WARNING: Please only use GTRX with very large data and always test for model fit!
Optimizing NNI: done in 0.00514713 secs using 104.7% CPU
WARNING: GTRX multistate model will estimate 5 substitution rates that might be overfitting!
WARNING: Please only use GTRX with very large data and always test for model fit!
Optimizing NNI: done in 0.00516828 secs using 105.4% CPU
WARNING: GTRX multistate model will estimate 5 substitution rates that might be overfitting!
WARNING: Please only use GTRX with very large data and always test for model fit!
Optimizing NNI: done in 0.00416142 secs using 100.5% CPU
WARNING: GTRX multistate model will estimate 5 substitution rates that might be overfitting!
WARNING: Please only use GTRX with very large data and always test for model fit!
Optimizing NNI: done in 0.0074631 secs using 103.7% CPU
WARNING: GTRX multistate model will estimate 5 substitution rates that might be overfitting!
WARNING: Please only use GTRX with very large data and always test for model fit!
Optimizing NNI: done in 0.00589534 secs using 102.9% CPU
WARNING: GTRX multistate model will estimate 5 substitution rates that might be overfitting!
WARNING: Please only use GTRX with very large data and always test for model fit!
Optimizing NNI: done in 0.00622597 secs using 105.4% CPU
WARNING: GTRX multistate model will estimate 5 substitution rates that might be overfitting!
WARNING: Please only use GTRX with very large data and always test for model fit!
Optimizing NNI: done in 0.00285069 secs using 105.4% CPU
WARNING: GTRX multistate model will estimate 5 substitution rates that might be overfitting!
WARNING: Please only use GTRX with very large data and always test for model fit!
Optimizing NNI: done in 0.0030878 secs using 105.4% CPU
WARNING: GTRX multistate model will estimate 5 substitution rates that might be overfitting!
WARNING: Please only use GTRX with very large data and always test for model fit!
Optimizing NNI: done in 0.00619438 secs using 105.4% CPU
WARNING: GTRX multistate model will estimate 5 substitution rates that might be overfitting!
WARNING: Please only use GTRX with very large data and always test for model fit!
Optimizing NNI: done in 0.00459505 secs using 105.4% CPU
WARNING: GTRX multistate model will estimate 5 substitution rates that might be overfitting!
WARNING: Please only use GTRX with very large data and always test for model fit!
Optimizing NNI: done in 0.00527943 secs using 105.4% CPU
WARNING: GTRX multistate model will estimate 5 substitution rates that might be overfitting!
WARNING: Please only use GTRX with very large data and always test for model fit!
Optimizing NNI: done in 0.00470089 secs using 105.4% CPU
WARNING: GTRX multistate model will estimate 5 substitution rates that might be overfitting!
WARNING: Please only use GTRX with very large data and always test for model fit!
Optimizing NNI: done in 0.00600916 secs using 105.4% CPU
WARNING: GTRX multistate model will estimate 5 substitution rates that might be overfitting!
WARNING: Please only use GTRX with very large data and always test for model fit!
Optimizing NNI: done in 0.00442272 secs using 105.4% CPU
WARNING: GTRX multistate model will estimate 5 substitution rates that might be overfitting!
WARNING: Please only use GTRX with very large data and always test for model fit!
Optimizing NNI: done in 0.00375929 secs using 105.3% CPU
WARNING: GTRX multistate model will estimate 5 substitution rates that might be overfitting!
WARNING: Please only use GTRX with very large data and always test for model fit!
Optimizing NNI: done in 0.0070898 secs using 105.4% CPU
WARNING: GTRX multistate model will estimate 5 substitution rates that might be overfitting!
WARNING: Please only use GTRX with very large data and always test for model fit!
Optimizing NNI: done in 0.00305802 secs using 105.4% CPU
WARNING: GTRX multistate model will estimate 5 substitution rates that might be overfitting!
WARNING: Please only use GTRX with very large data and always test for model fit!
Optimizing NNI: done in 0.00459979 secs using 105.4% CPU
WARNING: GTRX multistate model will estimate 5 substitution rates that might be overfitting!
WARNING: Please only use GTRX with very large data and always test for model fit!
Optimizing NNI: done in 0.00712366 secs using 105.4% CPU
WARNING: GTRX multistate model will estimate 5 substitution rates that might be overfitting!
WARNING: Please only use GTRX with very large data and always test for model fit!
Optimizing NNI: done in 0.00436107 secs using 105.4% CPU
WARNING: GTRX multistate model will estimate 5 substitution rates that might be overfitting!
WARNING: Please only use GTRX with very large data and always test for model fit!
Optimizing NNI: done in 0.00879109 secs using 56.65% CPU
WARNING: GTRX multistate model will estimate 5 substitution rates that might be overfitting!
WARNING: Please only use GTRX with very large data and always test for model fit!
Optimizing NNI: done in 0.0058006 secs using 105% CPU
WARNING: GTRX multistate model will estimate 5 substitution rates that might be overfitting!
WARNING: Please only use GTRX with very large data and always test for model fit!
Optimizing NNI: done in 0.00861193 secs using 45.23% CPU
WARNING: GTRX multistate model will estimate 5 substitution rates that might be overfitting!
WARNING: Please only use GTRX with very large data and always test for model fit!
Optimizing NNI: done in 0.00324676 secs using 104.9% CPU
WARNING: GTRX multistate model will estimate 5 substitution rates that might be overfitting!
WARNING: Please only use GTRX with very large data and always test for model fit!
Optimizing NNI: done in 0.00691272 secs using 105.3% CPU
WARNING: GTRX multistate model will estimate 5 substitution rates that might be overfitting!
WARNING: Please only use GTRX with very large data and always test for model fit!
Optimizing NNI: done in 0.00376839 secs using 105.4% CPU
WARNING: GTRX multistate model will estimate 5 substitution rates that might be overfitting!
WARNING: Please only use GTRX with very large data and always test for model fit!
Optimizing NNI: done in 0.00695218 secs using 105.4% CPU
WARNING: GTRX multistate model will estimate 5 substitution rates that might be overfitting!
WARNING: Please only use GTRX with very large data and always test for model fit!
Optimizing NNI: done in 0.00431573 secs using 105.4% CPU
WARNING: GTRX multistate model will estimate 5 substitution rates that might be overfitting!
WARNING: Please only use GTRX with very large data and always test for model fit!
Optimizing NNI: done in 0.00466826 secs using 105.4% CPU
WARNING: GTRX multistate model will estimate 5 substitution rates that might be overfitting!
WARNING: Please only use GTRX with very large data and always test for model fit!
Optimizing NNI: done in 0.00227149 secs using 105.3% CPU
WARNING: GTRX multistate model will estimate 5 substitution rates that might be overfitting!
WARNING: Please only use GTRX with very large data and always test for model fit!
Optimizing NNI: done in 0.00327654 secs using 105.3% CPU
WARNING: GTRX multistate model will estimate 5 substitution rates that might be overfitting!
WARNING: Please only use GTRX with very large data and always test for model fit!
Optimizing NNI: done in 0.00397733 secs using 105.4% CPU
WARNING: GTRX multistate model will estimate 5 substitution rates that might be overfitting!
WARNING: Please only use GTRX with very large data and always test for model fit!
Optimizing NNI: done in 0.00248337 secs using 105.3% CPU
WARNING: GTRX multistate model will estimate 5 substitution rates that might be overfitting!
WARNING: Please only use GTRX with very large data and always test for model fit!
Optimizing NNI: done in 0.00262544 secs using 105.3% CPU
WARNING: GTRX multistate model will estimate 5 substitution rates that might be overfitting!
WARNING: Please only use GTRX with very large data and always test for model fit!
Optimizing NNI: done in 0.00336958 secs using 105.4% CPU
WARNING: GTRX multistate model will estimate 5 substitution rates that might be overfitting!
WARNING: Please only use GTRX with very large data and always test for model fit!
Optimizing NNI: done in 0.00709056 secs using 105.2% CPU
WARNING: GTRX multistate model will estimate 5 substitution rates that might be overfitting!
WARNING: Please only use GTRX with very large data and always test for model fit!
Optimizing NNI: done in 0.00394993 secs using 105.4% CPU
WARNING: GTRX multistate model will estimate 5 substitution rates that might be overfitting!
WARNING: Please only use GTRX with very large data and always test for model fit!
Optimizing NNI: done in 0.00744318 secs using 105.4% CPU
WARNING: GTRX multistate model will estimate 5 substitution rates that might be overfitting!
WARNING: Please only use GTRX with very large data and always test for model fit!
Optimizing NNI: done in 0.00630127 secs using 105.4% CPU
WARNING: GTRX multistate model will estimate 5 substitution rates that might be overfitting!
WARNING: Please only use GTRX with very large data and always test for model fit!
Optimizing NNI: done in 0.00528702 secs using 105.4% CPU
WARNING: GTRX multistate model will estimate 5 substitution rates that might be overfitting!
WARNING: Please only use GTRX with very large data and always test for model fit!
Optimizing NNI: done in 0.00389567 secs using 105.4% CPU
WARNING: GTRX multistate model will estimate 5 substitution rates that might be overfitting!
WARNING: Please only use GTRX with very large data and always test for model fit!
Optimizing NNI: done in 0.00444387 secs using 105.4% CPU
WARNING: GTRX multistate model will estimate 5 substitution rates that might be overfitting!
WARNING: Please only use GTRX with very large data and always test for model fit!
Optimizing NNI: done in 0.00308666 secs using 105.4% CPU
WARNING: GTRX multistate model will estimate 5 substitution rates that might be overfitting!
WARNING: Please only use GTRX with very large data and always test for model fit!
Optimizing NNI: done in 0.00354115 secs using 105.4% CPU
WARNING: GTRX multistate model will estimate 5 substitution rates that might be overfitting!
WARNING: Please only use GTRX with very large data and always test for model fit!
Optimizing NNI: done in 0.00692904 secs using 105.4% CPU
WARNING: GTRX multistate model will estimate 5 substitution rates that might be overfitting!
WARNING: Please only use GTRX with very large data and always test for model fit!
Optimizing NNI: done in 0.00325643 secs using 105.4% CPU
WARNING: GTRX multistate model will estimate 5 substitution rates that might be overfitting!
WARNING: Please only use GTRX with very large data and always test for model fit!
Optimizing NNI: done in 0.00335308 secs using 105.4% CPU
WARNING: GTRX multistate model will estimate 5 substitution rates that might be overfitting!
WARNING: Please only use GTRX with very large data and always test for model fit!
Optimizing NNI: done in 0.00489608 secs using 105.3% CPU
WARNING: GTRX multistate model will estimate 5 substitution rates that might be overfitting!
WARNING: Please only use GTRX with very large data and always test for model fit!
Optimizing NNI: done in 0.00732472 secs using 105.4% CPU
WARNING: GTRX multistate model will estimate 5 substitution rates that might be overfitting!
WARNING: Please only use GTRX with very large data and always test for model fit!
Optimizing NNI: done in 0.00340894 secs using 105.4% CPU
WARNING: GTRX multistate model will estimate 5 substitution rates that might be overfitting!
WARNING: Please only use GTRX with very large data and always test for model fit!
Optimizing NNI: done in 0.00442234 secs using 105.3% CPU
WARNING: GTRX multistate model will estimate 5 substitution rates that might be overfitting!
WARNING: Please only use GTRX with very large data and always test for model fit!
Optimizing NNI: done in 0.00216602 secs using 103.4% CPU
WARNING: GTRX multistate model will estimate 5 substitution rates that might be overfitting!
WARNING: Please only use GTRX with very large data and always test for model fit!
Optimizing NNI: done in 0.00376005 secs using 105.3% CPU
WARNING: GTRX multistate model will estimate 5 substitution rates that might be overfitting!
WARNING: Please only use GTRX with very large data and always test for model fit!
Optimizing NNI: done in 0.00637326 secs using 105.4% CPU
WARNING: GTRX multistate model will estimate 5 substitution rates that might be overfitting!
WARNING: Please only use GTRX with very large data and always test for model fit!
Optimizing NNI: done in 0.00291064 secs using 105.4% CPU
WARNING: GTRX multistate model will estimate 5 substitution rates that might be overfitting!
WARNING: Please only use GTRX with very large data and always test for model fit!
Optimizing NNI: done in 0.00472119 secs using 105.4% CPU
WARNING: GTRX multistate model will estimate 5 substitution rates that might be overfitting!
WARNING: Please only use GTRX with very large data and always test for model fit!
Optimizing NNI: done in 0.00356059 secs using 105.4% CPU
WARNING: GTRX multistate model will estimate 5 substitution rates that might be overfitting!
WARNING: Please only use GTRX with very large data and always test for model fit!
Optimizing NNI: done in 0.0081712 secs using 105.4% CPU
WARNING: GTRX multistate model will estimate 5 substitution rates that might be overfitting!
WARNING: Please only use GTRX with very large data and always test for model fit!
Optimizing NNI: done in 0.00515804 secs using 103.5% CPU
WARNING: GTRX multistate model will estimate 5 substitution rates that might be overfitting!
WARNING: Please only use GTRX with very large data and always test for model fit!
Optimizing NNI: done in 0.00435453 secs using 105.4% CPU
WARNING: GTRX multistate model will estimate 5 substitution rates that might be overfitting!
WARNING: Please only use GTRX with very large data and always test for model fit!
Optimizing NNI: done in 0.00305556 secs using 105.3% CPU
WARNING: GTRX multistate model will estimate 5 substitution rates that might be overfitting!
WARNING: Please only use GTRX with very large data and always test for model fit!
Optimizing NNI: done in 0.00453122 secs using 105.4% CPU
WARNING: GTRX multistate model will estimate 5 substitution rates that might be overfitting!
WARNING: Please only use GTRX with very large data and always test for model fit!
Optimizing NNI: done in 0.00637781 secs using 105.4% CPU
WARNING: GTRX multistate model will estimate 5 substitution rates that might be overfitting!
WARNING: Please only use GTRX with very large data and always test for model fit!
Optimizing NNI: done in 0.00653184 secs using 105.4% CPU
WARNING: GTRX multistate model will estimate 5 substitution rates that might be overfitting!
WARNING: Please only use GTRX with very large data and always test for model fit!
Optimizing NNI: done in 0.00615351 secs using 105.4% CPU
WARNING: GTRX multistate model will estimate 5 substitution rates that might be overfitting!
WARNING: Please only use GTRX with very large data and always test for model fit!
Optimizing NNI: done in 0.00595519 secs using 105.4% CPU
WARNING: GTRX multistate model will estimate 5 substitution rates that might be overfitting!
WARNING: Please only use GTRX with very large data and always test for model fit!
Optimizing NNI: done in 0.00453036 secs using 105.4% CPU
WARNING: GTRX multistate model will estimate 5 substitution rates that might be overfitting!
WARNING: Please only use GTRX with very large data and always test for model fit!
Optimizing NNI: done in 0.00501018 secs using 105.3% CPU
WARNING: GTRX multistate model will estimate 5 substitution rates that might be overfitting!
WARNING: Please only use GTRX with very large data and always test for model fit!
Optimizing NNI: done in 0.00685127 secs using 105.4% CPU
WARNING: GTRX multistate model will estimate 5 substitution rates that might be overfitting!
WARNING: Please only use GTRX with very large data and always test for model fit!
Optimizing NNI: done in 0.00865205 secs using 105.4% CPU
WARNING: GTRX multistate model will estimate 5 substitution rates that might be overfitting!
WARNING: Please only use GTRX with very large data and always test for model fit!
Optimizing NNI: done in 0.00298224 secs using 105.4% CPU
WARNING: GTRX multistate model will estimate 5 substitution rates that might be overfitting!
WARNING: Please only use GTRX with very large data and always test for model fit!
Optimizing NNI: done in 0.00420448 secs using 105.4% CPU
WARNING: GTRX multistate model will estimate 5 substitution rates that might be overfitting!
WARNING: Please only use GTRX with very large data and always test for model fit!
Optimizing NNI: done in 0.00486459 secs using 105.4% CPU
WARNING: GTRX multistate model will estimate 5 substitution rates that might be overfitting!
WARNING: Please only use GTRX with very large data and always test for model fit!
Optimizing NNI: done in 0.00322779 secs using 105.4% CPU
WARNING: GTRX multistate model will estimate 5 substitution rates that might be overfitting!
WARNING: Please only use GTRX with very large data and always test for model fit!
Optimizing NNI: done in 0.00890936 secs using 105.2% CPU
WARNING: GTRX multistate model will estimate 5 substitution rates that might be overfitting!
WARNING: Please only use GTRX with very large data and always test for model fit!
Optimizing NNI: done in 0.009155 secs using 47.89% CPU
WARNING: GTRX multistate model will estimate 5 substitution rates that might be overfitting!
WARNING: Please only use GTRX with very large data and always test for model fit!
Optimizing NNI: done in 0.00426698 secs using 105.3% CPU
WARNING: GTRX multistate model will estimate 5 substitution rates that might be overfitting!
WARNING: Please only use GTRX with very large data and always test for model fit!
Optimizing NNI: done in 0.00274144 secs using 105.3% CPU
WARNING: GTRX multistate model will estimate 5 substitution rates that might be overfitting!
WARNING: Please only use GTRX with very large data and always test for model fit!
Optimizing NNI: done in 0.00309994 secs using 105.4% CPU
WARNING: GTRX multistate model will estimate 5 substitution rates that might be overfitting!
WARNING: Please only use GTRX with very large data and always test for model fit!
Optimizing NNI: done in 0.00674552 secs using 105.4% CPU
WARNING: GTRX multistate model will estimate 5 substitution rates that might be overfitting!
WARNING: Please only use GTRX with very large data and always test for model fit!
Optimizing NNI: done in 0.00443941 secs using 105.4% CPU
WARNING: GTRX multistate model will estimate 5 substitution rates that might be overfitting!
WARNING: Please only use GTRX with very large data and always test for model fit!
Optimizing NNI: done in 0.00504204 secs using 105.3% CPU
WARNING: GTRX multistate model will estimate 5 substitution rates that might be overfitting!
WARNING: Please only use GTRX with very large data and always test for model fit!
Optimizing NNI: done in 0.0034557 secs using 105.4% CPU
WARNING: GTRX multistate model will estimate 5 substitution rates that might be overfitting!
WARNING: Please only use GTRX with very large data and always test for model fit!
Optimizing NNI: done in 0.00395618 secs using 105.4% CPU
600 samples done
WARNING: GTRX multistate model will estimate 5 substitution rates that might be overfitting!
WARNING: Please only use GTRX with very large data and always test for model fit!
Optimizing NNI: done in 0.00392906 secs using 105.4% CPU
WARNING: GTRX multistate model will estimate 5 substitution rates that might be overfitting!
WARNING: Please only use GTRX with very large data and always test for model fit!
Optimizing NNI: done in 0.00301601 secs using 105.3% CPU
WARNING: GTRX multistate model will estimate 5 substitution rates that might be overfitting!
WARNING: Please only use GTRX with very large data and always test for model fit!
Optimizing NNI: done in 0.00610665 secs using 105.4% CPU
WARNING: GTRX multistate model will estimate 5 substitution rates that might be overfitting!
WARNING: Please only use GTRX with very large data and always test for model fit!
Optimizing NNI: done in 0.00353518 secs using 105.4% CPU
WARNING: GTRX multistate model will estimate 5 substitution rates that might be overfitting!
WARNING: Please only use GTRX with very large data and always test for model fit!
Optimizing NNI: done in 0.00576 secs using 105.4% CPU
WARNING: GTRX multistate model will estimate 5 substitution rates that might be overfitting!
WARNING: Please only use GTRX with very large data and always test for model fit!
Optimizing NNI: done in 0.00519806 secs using 105.4% CPU
WARNING: GTRX multistate model will estimate 5 substitution rates that might be overfitting!
WARNING: Please only use GTRX with very large data and always test for model fit!
Optimizing NNI: done in 0.0057968 secs using 105.4% CPU
WARNING: GTRX multistate model will estimate 5 substitution rates that might be overfitting!
WARNING: Please only use GTRX with very large data and always test for model fit!
Optimizing NNI: done in 0.0119954 secs using 105.4% CPU
WARNING: GTRX multistate model will estimate 5 substitution rates that might be overfitting!
WARNING: Please only use GTRX with very large data and always test for model fit!
Optimizing NNI: done in 0.0041693 secs using 105.4% CPU
WARNING: GTRX multistate model will estimate 5 substitution rates that might be overfitting!
WARNING: Please only use GTRX with very large data and always test for model fit!
Optimizing NNI: done in 0.00638227 secs using 105.4% CPU
WARNING: GTRX multistate model will estimate 5 substitution rates that might be overfitting!
WARNING: Please only use GTRX with very large data and always test for model fit!
Optimizing NNI: done in 0.00255241 secs using 105.3% CPU
WARNING: GTRX multistate model will estimate 5 substitution rates that might be overfitting!
WARNING: Please only use GTRX with very large data and always test for model fit!
Optimizing NNI: done in 0.00391787 secs using 105.4% CPU
WARNING: GTRX multistate model will estimate 5 substitution rates that might be overfitting!
WARNING: Please only use GTRX with very large data and always test for model fit!
Optimizing NNI: done in 0.00457409 secs using 105.4% CPU
WARNING: GTRX multistate model will estimate 5 substitution rates that might be overfitting!
WARNING: Please only use GTRX with very large data and always test for model fit!
Optimizing NNI: done in 0.0053426 secs using 105.3% CPU
WARNING: GTRX multistate model will estimate 5 substitution rates that might be overfitting!
WARNING: Please only use GTRX with very large data and always test for model fit!
Optimizing NNI: done in 0.00991403 secs using 105.4% CPU
WARNING: GTRX multistate model will estimate 5 substitution rates that might be overfitting!
WARNING: Please only use GTRX with very large data and always test for model fit!
Optimizing NNI: done in 0.00610656 secs using 105.4% CPU
WARNING: GTRX multistate model will estimate 5 substitution rates that might be overfitting!
WARNING: Please only use GTRX with very large data and always test for model fit!
Optimizing NNI: done in 0.00337186 secs using 5.22% CPU
WARNING: GTRX multistate model will estimate 5 substitution rates that might be overfitting!
WARNING: Please only use GTRX with very large data and always test for model fit!
Optimizing NNI: done in 0.00502554 secs using 101.7% CPU
WARNING: GTRX multistate model will estimate 5 substitution rates that might be overfitting!
WARNING: Please only use GTRX with very large data and always test for model fit!
Optimizing NNI: done in 0.00774886 secs
WARNING: GTRX multistate model will estimate 5 substitution rates that might be overfitting!
WARNING: Please only use GTRX with very large data and always test for model fit!
Optimizing NNI: done in 0.00674058 secs using 100.5% CPU
WARNING: GTRX multistate model will estimate 5 substitution rates that might be overfitting!
WARNING: Please only use GTRX with very large data and always test for model fit!
Optimizing NNI: done in 0.0122571 secs using 47.96% CPU
WARNING: GTRX multistate model will estimate 5 substitution rates that might be overfitting!
WARNING: Please only use GTRX with very large data and always test for model fit!
Optimizing NNI: done in 0.0082024 secs using 100.5% CPU
WARNING: GTRX multistate model will estimate 5 substitution rates that might be overfitting!
WARNING: Please only use GTRX with very large data and always test for model fit!
Optimizing NNI: done in 0.007829 secs using 103% CPU
WARNING: GTRX multistate model will estimate 5 substitution rates that might be overfitting!
WARNING: Please only use GTRX with very large data and always test for model fit!
Optimizing NNI: done in 0.00324828 secs using 105.4% CPU
WARNING: GTRX multistate model will estimate 5 substitution rates that might be overfitting!
WARNING: Please only use GTRX with very large data and always test for model fit!
Optimizing NNI: done in 0.00557032 secs using 105.4% CPU
WARNING: GTRX multistate model will estimate 5 substitution rates that might be overfitting!
WARNING: Please only use GTRX with very large data and always test for model fit!
Optimizing NNI: done in 0.00497679 secs using 105.4% CPU
WARNING: GTRX multistate model will estimate 5 substitution rates that might be overfitting!
WARNING: Please only use GTRX with very large data and always test for model fit!
Optimizing NNI: done in 0.00366208 secs using 105.4% CPU
WARNING: GTRX multistate model will estimate 5 substitution rates that might be overfitting!
WARNING: Please only use GTRX with very large data and always test for model fit!
Optimizing NNI: done in 0.00273783 secs using 100.4% CPU
WARNING: GTRX multistate model will estimate 5 substitution rates that might be overfitting!
WARNING: Please only use GTRX with very large data and always test for model fit!
Optimizing NNI: done in 0.0102132 secs using 105.4% CPU
WARNING: GTRX multistate model will estimate 5 substitution rates that might be overfitting!
WARNING: Please only use GTRX with very large data and always test for model fit!
Optimizing NNI: done in 0.00535588 secs using 105.4% CPU
WARNING: GTRX multistate model will estimate 5 substitution rates that might be overfitting!
WARNING: Please only use GTRX with very large data and always test for model fit!
Optimizing NNI: done in 0.00388676 secs using 105.4% CPU
WARNING: GTRX multistate model will estimate 5 substitution rates that might be overfitting!
WARNING: Please only use GTRX with very large data and always test for model fit!
Optimizing NNI: done in 0.0108848 secs using 105.4% CPU
WARNING: GTRX multistate model will estimate 5 substitution rates that might be overfitting!
WARNING: Please only use GTRX with very large data and always test for model fit!
Optimizing NNI: done in 0.00660477 secs using 105.4% CPU
WARNING: GTRX multistate model will estimate 5 substitution rates that might be overfitting!
WARNING: Please only use GTRX with very large data and always test for model fit!
Optimizing NNI: done in 0.00290694 secs using 105.4% CPU
WARNING: GTRX multistate model will estimate 5 substitution rates that might be overfitting!
WARNING: Please only use GTRX with very large data and always test for model fit!
Optimizing NNI: done in 0.00413477 secs using 105.3% CPU
WARNING: GTRX multistate model will estimate 5 substitution rates that might be overfitting!
WARNING: Please only use GTRX with very large data and always test for model fit!
Optimizing NNI: done in 0.0069462 secs using 105.4% CPU
WARNING: GTRX multistate model will estimate 5 substitution rates that might be overfitting!
WARNING: Please only use GTRX with very large data and always test for model fit!
Optimizing NNI: done in 0.00550175 secs using 105.3% CPU
WARNING: GTRX multistate model will estimate 5 substitution rates that might be overfitting!
WARNING: Please only use GTRX with very large data and always test for model fit!
Optimizing NNI: done in 0.0135087 secs using 105.4% CPU
WARNING: GTRX multistate model will estimate 5 substitution rates that might be overfitting!
WARNING: Please only use GTRX with very large data and always test for model fit!
Optimizing NNI: done in 0.0123747 secs using 104.6% CPU
WARNING: GTRX multistate model will estimate 5 substitution rates that might be overfitting!
WARNING: Please only use GTRX with very large data and always test for model fit!
Optimizing NNI: done in 0.020094 secs using 87.98% CPU
WARNING: GTRX multistate model will estimate 5 substitution rates that might be overfitting!
WARNING: Please only use GTRX with very large data and always test for model fit!
Optimizing NNI: done in 0.00564534 secs using 86.78% CPU
WARNING: GTRX multistate model will estimate 5 substitution rates that might be overfitting!
WARNING: Please only use GTRX with very large data and always test for model fit!
Optimizing NNI: done in 0.00534355 secs using 104.2% CPU
WARNING: GTRX multistate model will estimate 5 substitution rates that might be overfitting!
WARNING: Please only use GTRX with very large data and always test for model fit!
Optimizing NNI: done in 0.00489191 secs using 104.6% CPU
WARNING: GTRX multistate model will estimate 5 substitution rates that might be overfitting!
WARNING: Please only use GTRX with very large data and always test for model fit!
Optimizing NNI: done in 0.00775645 secs using 105.4% CPU
WARNING: GTRX multistate model will estimate 5 substitution rates that might be overfitting!
WARNING: Please only use GTRX with very large data and always test for model fit!
Optimizing NNI: done in 0.00373254 secs using 105.4% CPU
WARNING: GTRX multistate model will estimate 5 substitution rates that might be overfitting!
WARNING: Please only use GTRX with very large data and always test for model fit!
Optimizing NNI: done in 0.0042796 secs using 105.4% CPU
WARNING: GTRX multistate model will estimate 5 substitution rates that might be overfitting!
WARNING: Please only use GTRX with very large data and always test for model fit!
Optimizing NNI: done in 0.00544408 secs using 105.4% CPU
WARNING: GTRX multistate model will estimate 5 substitution rates that might be overfitting!
WARNING: Please only use GTRX with very large data and always test for model fit!
Optimizing NNI: done in 0.00486649 secs using 105.4% CPU
WARNING: GTRX multistate model will estimate 5 substitution rates that might be overfitting!
WARNING: Please only use GTRX with very large data and always test for model fit!
Optimizing NNI: done in 0.00733819 secs using 105.4% CPU
WARNING: GTRX multistate model will estimate 5 substitution rates that might be overfitting!
WARNING: Please only use GTRX with very large data and always test for model fit!
Optimizing NNI: done in 0.00675623 secs using 103% CPU
WARNING: GTRX multistate model will estimate 5 substitution rates that might be overfitting!
WARNING: Please only use GTRX with very large data and always test for model fit!
Optimizing NNI: done in 0.00515946 secs using 105.4% CPU
WARNING: GTRX multistate model will estimate 5 substitution rates that might be overfitting!
WARNING: Please only use GTRX with very large data and always test for model fit!
Optimizing NNI: done in 0.00654492 secs using 105.4% CPU
WARNING: GTRX multistate model will estimate 5 substitution rates that might be overfitting!
WARNING: Please only use GTRX with very large data and always test for model fit!
Optimizing NNI: done in 0.0060452 secs using 100.4% CPU
WARNING: GTRX multistate model will estimate 5 substitution rates that might be overfitting!
WARNING: Please only use GTRX with very large data and always test for model fit!
Optimizing NNI: done in 0.00444662 secs using 105% CPU
WARNING: GTRX multistate model will estimate 5 substitution rates that might be overfitting!
WARNING: Please only use GTRX with very large data and always test for model fit!
Optimizing NNI: done in 0.00517928 secs using 105.4% CPU
WARNING: GTRX multistate model will estimate 5 substitution rates that might be overfitting!
WARNING: Please only use GTRX with very large data and always test for model fit!
Optimizing NNI: done in 0.00359199 secs using 105.3% CPU
WARNING: GTRX multistate model will estimate 5 substitution rates that might be overfitting!
WARNING: Please only use GTRX with very large data and always test for model fit!
Optimizing NNI: done in 0.00320977 secs using 100.5% CPU
WARNING: GTRX multistate model will estimate 5 substitution rates that might be overfitting!
WARNING: Please only use GTRX with very large data and always test for model fit!
Optimizing NNI: done in 0.00469359 secs using 105.4% CPU
WARNING: GTRX multistate model will estimate 5 substitution rates that might be overfitting!
WARNING: Please only use GTRX with very large data and always test for model fit!
Optimizing NNI: done in 0.00960427 secs using 103.3% CPU
WARNING: GTRX multistate model will estimate 5 substitution rates that might be overfitting!
WARNING: Please only use GTRX with very large data and always test for model fit!
Optimizing NNI: done in 0.00339196 secs using 105.4% CPU
WARNING: GTRX multistate model will estimate 5 substitution rates that might be overfitting!
WARNING: Please only use GTRX with very large data and always test for model fit!
Optimizing NNI: done in 0.00556159 secs using 105.4% CPU
WARNING: GTRX multistate model will estimate 5 substitution rates that might be overfitting!
WARNING: Please only use GTRX with very large data and always test for model fit!
Optimizing NNI: done in 0.0088791 secs using 101.1% CPU
WARNING: GTRX multistate model will estimate 5 substitution rates that might be overfitting!
WARNING: Please only use GTRX with very large data and always test for model fit!
Optimizing NNI: done in 0.0083753 secs using 105.4% CPU
WARNING: GTRX multistate model will estimate 5 substitution rates that might be overfitting!
WARNING: Please only use GTRX with very large data and always test for model fit!
Optimizing NNI: done in 0.0107811 secs using 105.4% CPU
WARNING: GTRX multistate model will estimate 5 substitution rates that might be overfitting!
WARNING: Please only use GTRX with very large data and always test for model fit!
Optimizing NNI: done in 0.00549748 secs using 105.4% CPU
WARNING: GTRX multistate model will estimate 5 substitution rates that might be overfitting!
WARNING: Please only use GTRX with very large data and always test for model fit!
Optimizing NNI: done in 0.00457949 secs using 105.4% CPU
WARNING: GTRX multistate model will estimate 5 substitution rates that might be overfitting!
WARNING: Please only use GTRX with very large data and always test for model fit!
Optimizing NNI: done in 0.00368361 secs using 105.4% CPU
WARNING: GTRX multistate model will estimate 5 substitution rates that might be overfitting!
WARNING: Please only use GTRX with very large data and always test for model fit!
Optimizing NNI: done in 0.00442082 secs using 105.4% CPU
WARNING: GTRX multistate model will estimate 5 substitution rates that might be overfitting!
WARNING: Please only use GTRX with very large data and always test for model fit!
Optimizing NNI: done in 0.00513271 secs using 105.4% CPU
WARNING: GTRX multistate model will estimate 5 substitution rates that might be overfitting!
WARNING: Please only use GTRX with very large data and always test for model fit!
Optimizing NNI: done in 0.00735915 secs using 102.3% CPU
WARNING: GTRX multistate model will estimate 5 substitution rates that might be overfitting!
WARNING: Please only use GTRX with very large data and always test for model fit!
Optimizing NNI: done in 0.00294393 secs using 105.3% CPU
WARNING: GTRX multistate model will estimate 5 substitution rates that might be overfitting!
WARNING: Please only use GTRX with very large data and always test for model fit!
Optimizing NNI: done in 0.0035771 secs using 105.4% CPU
WARNING: GTRX multistate model will estimate 5 substitution rates that might be overfitting!
WARNING: Please only use GTRX with very large data and always test for model fit!
Optimizing NNI: done in 0.00367403 secs using 105.4% CPU
WARNING: GTRX multistate model will estimate 5 substitution rates that might be overfitting!
WARNING: Please only use GTRX with very large data and always test for model fit!
Optimizing NNI: done in 0.00744508 secs using 105.4% CPU
WARNING: GTRX multistate model will estimate 5 substitution rates that might be overfitting!
WARNING: Please only use GTRX with very large data and always test for model fit!
Optimizing NNI: done in 0.00653174 secs using 105.3% CPU
WARNING: GTRX multistate model will estimate 5 substitution rates that might be overfitting!
WARNING: Please only use GTRX with very large data and always test for model fit!
Optimizing NNI: done in 0.00545034 secs using 105.4% CPU
WARNING: GTRX multistate model will estimate 5 substitution rates that might be overfitting!
WARNING: Please only use GTRX with very large data and always test for model fit!
Optimizing NNI: done in 0.00377238 secs using 105.4% CPU
WARNING: GTRX multistate model will estimate 5 substitution rates that might be overfitting!
WARNING: Please only use GTRX with very large data and always test for model fit!
Optimizing NNI: done in 0.00540557 secs using 105.4% CPU
WARNING: GTRX multistate model will estimate 5 substitution rates that might be overfitting!
WARNING: Please only use GTRX with very large data and always test for model fit!
Optimizing NNI: done in 0.00786296 secs using 105.4% CPU
WARNING: GTRX multistate model will estimate 5 substitution rates that might be overfitting!
WARNING: Please only use GTRX with very large data and always test for model fit!
Optimizing NNI: done in 0.00524074 secs using 105.4% CPU
WARNING: GTRX multistate model will estimate 5 substitution rates that might be overfitting!
WARNING: Please only use GTRX with very large data and always test for model fit!
Optimizing NNI: done in 0.00514552 secs using 105.4% CPU
WARNING: GTRX multistate model will estimate 5 substitution rates that might be overfitting!
WARNING: Please only use GTRX with very large data and always test for model fit!
Optimizing NNI: done in 0.00580401 secs using 105.4% CPU
WARNING: GTRX multistate model will estimate 5 substitution rates that might be overfitting!
WARNING: Please only use GTRX with very large data and always test for model fit!
Optimizing NNI: done in 0.0032258 secs using 105.4% CPU
WARNING: GTRX multistate model will estimate 5 substitution rates that might be overfitting!
WARNING: Please only use GTRX with very large data and always test for model fit!
Optimizing NNI: done in 0.00603419 secs using 105.4% CPU
WARNING: GTRX multistate model will estimate 5 substitution rates that might be overfitting!
WARNING: Please only use GTRX with very large data and always test for model fit!
Optimizing NNI: done in 0.00624569 secs using 105.4% CPU
WARNING: GTRX multistate model will estimate 5 substitution rates that might be overfitting!
WARNING: Please only use GTRX with very large data and always test for model fit!
Optimizing NNI: done in 0.00667884 secs using 105.4% CPU
WARNING: GTRX multistate model will estimate 5 substitution rates that might be overfitting!
WARNING: Please only use GTRX with very large data and always test for model fit!
Optimizing NNI: done in 0.00334938 secs using 105.4% CPU
WARNING: GTRX multistate model will estimate 5 substitution rates that might be overfitting!
WARNING: Please only use GTRX with very large data and always test for model fit!
Optimizing NNI: done in 0.00390658 secs using 105.3% CPU
WARNING: GTRX multistate model will estimate 5 substitution rates that might be overfitting!
WARNING: Please only use GTRX with very large data and always test for model fit!
Optimizing NNI: done in 0.0041471 secs using 105.4% CPU
WARNING: GTRX multistate model will estimate 5 substitution rates that might be overfitting!
WARNING: Please only use GTRX with very large data and always test for model fit!
Optimizing NNI: done in 0.00207725 secs using 105.3% CPU
WARNING: GTRX multistate model will estimate 5 substitution rates that might be overfitting!
WARNING: Please only use GTRX with very large data and always test for model fit!
Optimizing NNI: done in 0.00562865 secs using 105.4% CPU
WARNING: GTRX multistate model will estimate 5 substitution rates that might be overfitting!
WARNING: Please only use GTRX with very large data and always test for model fit!
Optimizing NNI: done in 0.007978 secs using 105.4% CPU
WARNING: GTRX multistate model will estimate 5 substitution rates that might be overfitting!
WARNING: Please only use GTRX with very large data and always test for model fit!
Optimizing NNI: done in 0.00658277 secs using 105.4% CPU
WARNING: GTRX multistate model will estimate 5 substitution rates that might be overfitting!
WARNING: Please only use GTRX with very large data and always test for model fit!
Optimizing NNI: done in 0.00384949 secs using 105.3% CPU
WARNING: GTRX multistate model will estimate 5 substitution rates that might be overfitting!
WARNING: Please only use GTRX with very large data and always test for model fit!
Optimizing NNI: done in 0.0031466 secs using 105.4% CPU
WARNING: GTRX multistate model will estimate 5 substitution rates that might be overfitting!
WARNING: Please only use GTRX with very large data and always test for model fit!
Optimizing NNI: done in 0.00632347 secs using 105.4% CPU
WARNING: GTRX multistate model will estimate 5 substitution rates that might be overfitting!
WARNING: Please only use GTRX with very large data and always test for model fit!
Optimizing NNI: done in 0.00429914 secs using 105.4% CPU
WARNING: GTRX multistate model will estimate 5 substitution rates that might be overfitting!
WARNING: Please only use GTRX with very large data and always test for model fit!
Optimizing NNI: done in 0.00437103 secs using 105.4% CPU
WARNING: GTRX multistate model will estimate 5 substitution rates that might be overfitting!
WARNING: Please only use GTRX with very large data and always test for model fit!
Optimizing NNI: done in 0.00790412 secs using 105.4% CPU
WARNING: GTRX multistate model will estimate 5 substitution rates that might be overfitting!
WARNING: Please only use GTRX with very large data and always test for model fit!
Optimizing NNI: done in 0.00482106 secs using 105.4% CPU
700 samples done
WARNING: GTRX multistate model will estimate 5 substitution rates that might be overfitting!
WARNING: Please only use GTRX with very large data and always test for model fit!
Optimizing NNI: done in 0.0071045 secs using 105.4% CPU
WARNING: GTRX multistate model will estimate 5 substitution rates that might be overfitting!
WARNING: Please only use GTRX with very large data and always test for model fit!
Optimizing NNI: done in 0.00417309 secs using 105.3% CPU
WARNING: GTRX multistate model will estimate 5 substitution rates that might be overfitting!
WARNING: Please only use GTRX with very large data and always test for model fit!
Optimizing NNI: done in 0.00465034 secs using 105.4% CPU
WARNING: GTRX multistate model will estimate 5 substitution rates that might be overfitting!
WARNING: Please only use GTRX with very large data and always test for model fit!
Optimizing NNI: done in 0.00583161 secs using 105.4% CPU
WARNING: GTRX multistate model will estimate 5 substitution rates that might be overfitting!
WARNING: Please only use GTRX with very large data and always test for model fit!
Optimizing NNI: done in 0.00702018 secs using 105.4% CPU
WARNING: GTRX multistate model will estimate 5 substitution rates that might be overfitting!
WARNING: Please only use GTRX with very large data and always test for model fit!
Optimizing NNI: done in 0.00330736 secs using 105.4% CPU
WARNING: GTRX multistate model will estimate 5 substitution rates that might be overfitting!
WARNING: Please only use GTRX with very large data and always test for model fit!
Optimizing NNI: done in 0.00253895 secs using 105.3% CPU
WARNING: GTRX multistate model will estimate 5 substitution rates that might be overfitting!
WARNING: Please only use GTRX with very large data and always test for model fit!
Optimizing NNI: done in 0.00458405 secs using 105.4% CPU
WARNING: GTRX multistate model will estimate 5 substitution rates that might be overfitting!
WARNING: Please only use GTRX with very large data and always test for model fit!
Optimizing NNI: done in 0.00561214 secs using 105.4% CPU
WARNING: GTRX multistate model will estimate 5 substitution rates that might be overfitting!
WARNING: Please only use GTRX with very large data and always test for model fit!
Optimizing NNI: done in 0.00416104 secs using 105.4% CPU
WARNING: GTRX multistate model will estimate 5 substitution rates that might be overfitting!
WARNING: Please only use GTRX with very large data and always test for model fit!
Optimizing NNI: done in 0.00198744 secs using 105.4% CPU
WARNING: GTRX multistate model will estimate 5 substitution rates that might be overfitting!
WARNING: Please only use GTRX with very large data and always test for model fit!
Optimizing NNI: done in 0.00387965 secs using 105.3% CPU
WARNING: GTRX multistate model will estimate 5 substitution rates that might be overfitting!
WARNING: Please only use GTRX with very large data and always test for model fit!
Optimizing NNI: done in 0.00456897 secs using 105.4% CPU
WARNING: GTRX multistate model will estimate 5 substitution rates that might be overfitting!
WARNING: Please only use GTRX with very large data and always test for model fit!
Optimizing NNI: done in 0.00695787 secs using 105.4% CPU
WARNING: GTRX multistate model will estimate 5 substitution rates that might be overfitting!
WARNING: Please only use GTRX with very large data and always test for model fit!
Optimizing NNI: done in 0.0038455 secs using 105.3% CPU
WARNING: GTRX multistate model will estimate 5 substitution rates that might be overfitting!
WARNING: Please only use GTRX with very large data and always test for model fit!
Optimizing NNI: done in 0.00237942 secs using 105.4% CPU
WARNING: GTRX multistate model will estimate 5 substitution rates that might be overfitting!
WARNING: Please only use GTRX with very large data and always test for model fit!
Optimizing NNI: done in 0.00710734 secs using 105.4% CPU
WARNING: GTRX multistate model will estimate 5 substitution rates that might be overfitting!
WARNING: Please only use GTRX with very large data and always test for model fit!
Optimizing NNI: done in 0.00573421 secs
WARNING: GTRX multistate model will estimate 5 substitution rates that might be overfitting!
WARNING: Please only use GTRX with very large data and always test for model fit!
Optimizing NNI: done in 0.00341672 secs using 103.1% CPU
WARNING: GTRX multistate model will estimate 5 substitution rates that might be overfitting!
WARNING: Please only use GTRX with very large data and always test for model fit!
Optimizing NNI: done in 0.00998384 secs using 105.4% CPU
WARNING: GTRX multistate model will estimate 5 substitution rates that might be overfitting!
WARNING: Please only use GTRX with very large data and always test for model fit!
Optimizing NNI: done in 0.00316093 secs using 105.3% CPU
WARNING: GTRX multistate model will estimate 5 substitution rates that might be overfitting!
WARNING: Please only use GTRX with very large data and always test for model fit!
Optimizing NNI: done in 0.00403443 secs using 105.3% CPU
WARNING: GTRX multistate model will estimate 5 substitution rates that might be overfitting!
WARNING: Please only use GTRX with very large data and always test for model fit!
Optimizing NNI: done in 0.00618035 secs using 105.4% CPU
WARNING: GTRX multistate model will estimate 5 substitution rates that might be overfitting!
WARNING: Please only use GTRX with very large data and always test for model fit!
Optimizing NNI: done in 0.00525478 secs using 105.4% CPU
WARNING: GTRX multistate model will estimate 5 substitution rates that might be overfitting!
WARNING: Please only use GTRX with very large data and always test for model fit!
Optimizing NNI: done in 0.00504697 secs using 105.4% CPU
WARNING: GTRX multistate model will estimate 5 substitution rates that might be overfitting!
WARNING: Please only use GTRX with very large data and always test for model fit!
Optimizing NNI: done in 0.00238909 secs using 105.4% CPU
WARNING: GTRX multistate model will estimate 5 substitution rates that might be overfitting!
WARNING: Please only use GTRX with very large data and always test for model fit!
Optimizing NNI: done in 0.00374165 secs using 105.4% CPU
WARNING: GTRX multistate model will estimate 5 substitution rates that might be overfitting!
WARNING: Please only use GTRX with very large data and always test for model fit!
Optimizing NNI: done in 0.0050575 secs using 65.72% CPU
WARNING: GTRX multistate model will estimate 5 substitution rates that might be overfitting!
WARNING: Please only use GTRX with very large data and always test for model fit!
Optimizing NNI: done in 0.0071725 secs using 65.78% CPU
WARNING: GTRX multistate model will estimate 5 substitution rates that might be overfitting!
WARNING: Please only use GTRX with very large data and always test for model fit!
Optimizing NNI: done in 0.0032 secs using 105.4% CPU
WARNING: GTRX multistate model will estimate 5 substitution rates that might be overfitting!
WARNING: Please only use GTRX with very large data and always test for model fit!
Optimizing NNI: done in 0.00360972 secs using 105.4% CPU
WARNING: GTRX multistate model will estimate 5 substitution rates that might be overfitting!
WARNING: Please only use GTRX with very large data and always test for model fit!
Optimizing NNI: done in 0.00657461 secs using 105.4% CPU
WARNING: GTRX multistate model will estimate 5 substitution rates that might be overfitting!
WARNING: Please only use GTRX with very large data and always test for model fit!
Optimizing NNI: done in 0.00191744 secs using 100.4% CPU
WARNING: GTRX multistate model will estimate 5 substitution rates that might be overfitting!
WARNING: Please only use GTRX with very large data and always test for model fit!
Optimizing NNI: done in 0.00258779 secs using 105.4% CPU
WARNING: GTRX multistate model will estimate 5 substitution rates that might be overfitting!
WARNING: Please only use GTRX with very large data and always test for model fit!
Optimizing NNI: done in 0.00355177 secs using 105.4% CPU
WARNING: GTRX multistate model will estimate 5 substitution rates that might be overfitting!
WARNING: Please only use GTRX with very large data and always test for model fit!
Optimizing NNI: done in 0.00428785 secs using 105.4% CPU
WARNING: GTRX multistate model will estimate 5 substitution rates that might be overfitting!
WARNING: Please only use GTRX with very large data and always test for model fit!
Optimizing NNI: done in 0.00559811 secs using 105.4% CPU
WARNING: GTRX multistate model will estimate 5 substitution rates that might be overfitting!
WARNING: Please only use GTRX with very large data and always test for model fit!
Optimizing NNI: done in 0.00495668 secs using 105.4% CPU
WARNING: GTRX multistate model will estimate 5 substitution rates that might be overfitting!
WARNING: Please only use GTRX with very large data and always test for model fit!
Optimizing NNI: done in 0.00427941 secs using 105.4% CPU
WARNING: GTRX multistate model will estimate 5 substitution rates that might be overfitting!
WARNING: Please only use GTRX with very large data and always test for model fit!
Optimizing NNI: done in 0.00403073 secs using 105.4% CPU
WARNING: GTRX multistate model will estimate 5 substitution rates that might be overfitting!
WARNING: Please only use GTRX with very large data and always test for model fit!
Optimizing NNI: done in 0.00658381 secs using 105.4% CPU
WARNING: GTRX multistate model will estimate 5 substitution rates that might be overfitting!
WARNING: Please only use GTRX with very large data and always test for model fit!
Optimizing NNI: done in 0.0101216 secs using 103.7% CPU
WARNING: GTRX multistate model will estimate 5 substitution rates that might be overfitting!
WARNING: Please only use GTRX with very large data and always test for model fit!
Optimizing NNI: done in 0.00652558 secs using 105.4% CPU
WARNING: GTRX multistate model will estimate 5 substitution rates that might be overfitting!
WARNING: Please only use GTRX with very large data and always test for model fit!
Optimizing NNI: done in 0.00590995 secs using 105.4% CPU
WARNING: GTRX multistate model will estimate 5 substitution rates that might be overfitting!
WARNING: Please only use GTRX with very large data and always test for model fit!
Optimizing NNI: done in 0.00309586 secs using 105.4% CPU
WARNING: GTRX multistate model will estimate 5 substitution rates that might be overfitting!
WARNING: Please only use GTRX with very large data and always test for model fit!
Optimizing NNI: done in 0.00701914 secs using 105.4% CPU
WARNING: GTRX multistate model will estimate 5 substitution rates that might be overfitting!
WARNING: Please only use GTRX with very large data and always test for model fit!
Optimizing NNI: done in 0.00215682 secs using 105.3% CPU
WARNING: GTRX multistate model will estimate 5 substitution rates that might be overfitting!
WARNING: Please only use GTRX with very large data and always test for model fit!
Optimizing NNI: done in 0.00346291 secs using 105.4% CPU
WARNING: GTRX multistate model will estimate 5 substitution rates that might be overfitting!
WARNING: Please only use GTRX with very large data and always test for model fit!
Optimizing NNI: done in 0.00470867 secs using 105.4% CPU
WARNING: GTRX multistate model will estimate 5 substitution rates that might be overfitting!
WARNING: Please only use GTRX with very large data and always test for model fit!
Optimizing NNI: done in 0.0101874 secs using 105.4% CPU
WARNING: GTRX multistate model will estimate 5 substitution rates that might be overfitting!
WARNING: Please only use GTRX with very large data and always test for model fit!
Optimizing NNI: done in 0.00317382 secs using 105.4% CPU
WARNING: GTRX multistate model will estimate 5 substitution rates that might be overfitting!
WARNING: Please only use GTRX with very large data and always test for model fit!
Optimizing NNI: done in 0.00434959 secs using 104.6% CPU
WARNING: GTRX multistate model will estimate 5 substitution rates that might be overfitting!
WARNING: Please only use GTRX with very large data and always test for model fit!
Optimizing NNI: done in 0.004127 secs using 104% CPU
WARNING: GTRX multistate model will estimate 5 substitution rates that might be overfitting!
WARNING: Please only use GTRX with very large data and always test for model fit!
Optimizing NNI: done in 0.00411656 secs using 105.4% CPU
WARNING: GTRX multistate model will estimate 5 substitution rates that might be overfitting!
WARNING: Please only use GTRX with very large data and always test for model fit!
Optimizing NNI: done in 0.00436031 secs using 105.3% CPU
WARNING: GTRX multistate model will estimate 5 substitution rates that might be overfitting!
WARNING: Please only use GTRX with very large data and always test for model fit!
Optimizing NNI: done in 0.00892918 secs using 105.4% CPU
WARNING: GTRX multistate model will estimate 5 substitution rates that might be overfitting!
WARNING: Please only use GTRX with very large data and always test for model fit!
Optimizing NNI: done in 0.0031283 secs using 105.4% CPU
WARNING: GTRX multistate model will estimate 5 substitution rates that might be overfitting!
WARNING: Please only use GTRX with very large data and always test for model fit!
Optimizing NNI: done in 0.00495896 secs using 105.4% CPU
WARNING: GTRX multistate model will estimate 5 substitution rates that might be overfitting!
WARNING: Please only use GTRX with very large data and always test for model fit!
Optimizing NNI: done in 0.00377617 secs using 105.3% CPU
WARNING: GTRX multistate model will estimate 5 substitution rates that might be overfitting!
WARNING: Please only use GTRX with very large data and always test for model fit!
Optimizing NNI: done in 0.00461838 secs using 105.4% CPU
WARNING: GTRX multistate model will estimate 5 substitution rates that might be overfitting!
WARNING: Please only use GTRX with very large data and always test for model fit!
Optimizing NNI: done in 0.0061554 secs
WARNING: GTRX multistate model will estimate 5 substitution rates that might be overfitting!
WARNING: Please only use GTRX with very large data and always test for model fit!
Optimizing NNI: done in 0.00423379 secs using 96.53% CPU
WARNING: GTRX multistate model will estimate 5 substitution rates that might be overfitting!
WARNING: Please only use GTRX with very large data and always test for model fit!
Optimizing NNI: done in 0.00697219 secs using 104.1% CPU
WARNING: GTRX multistate model will estimate 5 substitution rates that might be overfitting!
WARNING: Please only use GTRX with very large data and always test for model fit!
Optimizing NNI: done in 0.0022896 secs using 105.4% CPU
WARNING: GTRX multistate model will estimate 5 substitution rates that might be overfitting!
WARNING: Please only use GTRX with very large data and always test for model fit!
Optimizing NNI: done in 0.00510179 secs using 105.4% CPU
WARNING: GTRX multistate model will estimate 5 substitution rates that might be overfitting!
WARNING: Please only use GTRX with very large data and always test for model fit!
Optimizing NNI: done in 0.00832996 secs using 105.2% CPU
WARNING: GTRX multistate model will estimate 5 substitution rates that might be overfitting!
WARNING: Please only use GTRX with very large data and always test for model fit!
Optimizing NNI: done in 0.00341596 secs using 100.5% CPU
WARNING: GTRX multistate model will estimate 5 substitution rates that might be overfitting!
WARNING: Please only use GTRX with very large data and always test for model fit!
Optimizing NNI: done in 0.00539704 secs using 105.4% CPU
WARNING: GTRX multistate model will estimate 5 substitution rates that might be overfitting!
WARNING: Please only use GTRX with very large data and always test for model fit!
Optimizing NNI: done in 0.00339026 secs using 105.4% CPU
WARNING: GTRX multistate model will estimate 5 substitution rates that might be overfitting!
WARNING: Please only use GTRX with very large data and always test for model fit!
Optimizing NNI: done in 0.00232119 secs using 105.2% CPU
WARNING: GTRX multistate model will estimate 5 substitution rates that might be overfitting!
WARNING: Please only use GTRX with very large data and always test for model fit!
Optimizing NNI: done in 0.00279739 secs using 105.4% CPU
WARNING: GTRX multistate model will estimate 5 substitution rates that might be overfitting!
WARNING: Please only use GTRX with very large data and always test for model fit!
Optimizing NNI: done in 0.00299675 secs using 105.3% CPU
WARNING: GTRX multistate model will estimate 5 substitution rates that might be overfitting!
WARNING: Please only use GTRX with very large data and always test for model fit!
Optimizing NNI: done in 0.00329295 secs using 105.4% CPU
WARNING: GTRX multistate model will estimate 5 substitution rates that might be overfitting!
WARNING: Please only use GTRX with very large data and always test for model fit!
Optimizing NNI: done in 0.00511592 secs using 105.4% CPU
WARNING: GTRX multistate model will estimate 5 substitution rates that might be overfitting!
WARNING: Please only use GTRX with very large data and always test for model fit!
Optimizing NNI: done in 0.00303905 secs using 105.4% CPU
WARNING: GTRX multistate model will estimate 5 substitution rates that might be overfitting!
WARNING: Please only use GTRX with very large data and always test for model fit!
Optimizing NNI: done in 0.00507173 secs using 105.4% CPU
WARNING: GTRX multistate model will estimate 5 substitution rates that might be overfitting!
WARNING: Please only use GTRX with very large data and always test for model fit!
Optimizing NNI: done in 0.00542056 secs using 105.4% CPU
WARNING: GTRX multistate model will estimate 5 substitution rates that might be overfitting!
WARNING: Please only use GTRX with very large data and always test for model fit!
Optimizing NNI: done in 0.00164325 secs using 105.3% CPU
WARNING: GTRX multistate model will estimate 5 substitution rates that might be overfitting!
WARNING: Please only use GTRX with very large data and always test for model fit!
Optimizing NNI: done in 0.00421074 secs using 105.4% CPU
WARNING: GTRX multistate model will estimate 5 substitution rates that might be overfitting!
WARNING: Please only use GTRX with very large data and always test for model fit!
Optimizing NNI: done in 0.00282471 secs using 105.4% CPU
WARNING: GTRX multistate model will estimate 5 substitution rates that might be overfitting!
WARNING: Please only use GTRX with very large data and always test for model fit!
Optimizing NNI: done in 0.00647521 secs using 105.4% CPU
WARNING: GTRX multistate model will estimate 5 substitution rates that might be overfitting!
WARNING: Please only use GTRX with very large data and always test for model fit!
Optimizing NNI: done in 0.0104085 secs using 105.4% CPU
WARNING: GTRX multistate model will estimate 5 substitution rates that might be overfitting!
WARNING: Please only use GTRX with very large data and always test for model fit!
Optimizing NNI: done in 0.00186224 secs using 105.2% CPU
WARNING: GTRX multistate model will estimate 5 substitution rates that might be overfitting!
WARNING: Please only use GTRX with very large data and always test for model fit!
Optimizing NNI: done in 0.00633399 secs using 105.4% CPU
WARNING: GTRX multistate model will estimate 5 substitution rates that might be overfitting!
WARNING: Please only use GTRX with very large data and always test for model fit!
Optimizing NNI: done in 0.0054953 secs using 105.4% CPU
WARNING: GTRX multistate model will estimate 5 substitution rates that might be overfitting!
WARNING: Please only use GTRX with very large data and always test for model fit!
Optimizing NNI: done in 0.00772468 secs using 105.4% CPU
WARNING: GTRX multistate model will estimate 5 substitution rates that might be overfitting!
WARNING: Please only use GTRX with very large data and always test for model fit!
Optimizing NNI: done in 0.00215019 secs using 105.3% CPU
WARNING: GTRX multistate model will estimate 5 substitution rates that might be overfitting!
WARNING: Please only use GTRX with very large data and always test for model fit!
Optimizing NNI: done in 0.00394575 secs
WARNING: GTRX multistate model will estimate 5 substitution rates that might be overfitting!
WARNING: Please only use GTRX with very large data and always test for model fit!
Optimizing NNI: done in 0.0067145 secs using 100.6% CPU
WARNING: GTRX multistate model will estimate 5 substitution rates that might be overfitting!
WARNING: Please only use GTRX with very large data and always test for model fit!
Optimizing NNI: done in 0.00441105 secs using 105.4% CPU
WARNING: GTRX multistate model will estimate 5 substitution rates that might be overfitting!
WARNING: Please only use GTRX with very large data and always test for model fit!
Optimizing NNI: done in 0.00192977 secs using 105.3% CPU
WARNING: GTRX multistate model will estimate 5 substitution rates that might be overfitting!
WARNING: Please only use GTRX with very large data and always test for model fit!
Optimizing NNI: done in 0.00314471 secs using 105.4% CPU
WARNING: GTRX multistate model will estimate 5 substitution rates that might be overfitting!
WARNING: Please only use GTRX with very large data and always test for model fit!
Optimizing NNI: done in 0.00385224 secs using 105.4% CPU
WARNING: GTRX multistate model will estimate 5 substitution rates that might be overfitting!
WARNING: Please only use GTRX with very large data and always test for model fit!
Optimizing NNI: done in 0.00629501 secs using 105.4% CPU
WARNING: GTRX multistate model will estimate 5 substitution rates that might be overfitting!
WARNING: Please only use GTRX with very large data and always test for model fit!
Optimizing NNI: done in 0.00463393 secs using 105.4% CPU
WARNING: GTRX multistate model will estimate 5 substitution rates that might be overfitting!
WARNING: Please only use GTRX with very large data and always test for model fit!
Optimizing NNI: done in 0.00426727 secs using 105.4% CPU
WARNING: GTRX multistate model will estimate 5 substitution rates that might be overfitting!
WARNING: Please only use GTRX with very large data and always test for model fit!
Optimizing NNI: done in 0.0033932 secs using 105.4% CPU
WARNING: GTRX multistate model will estimate 5 substitution rates that might be overfitting!
WARNING: Please only use GTRX with very large data and always test for model fit!
Optimizing NNI: done in 0.00430644 secs using 62.63% CPU
WARNING: GTRX multistate model will estimate 5 substitution rates that might be overfitting!
WARNING: Please only use GTRX with very large data and always test for model fit!
Optimizing NNI: done in 0.00441655 secs using 14.74% CPU
WARNING: GTRX multistate model will estimate 5 substitution rates that might be overfitting!
WARNING: Please only use GTRX with very large data and always test for model fit!
Optimizing NNI: done in 0.00547737 secs using 105.4% CPU
800 samples done
WARNING: GTRX multistate model will estimate 5 substitution rates that might be overfitting!
WARNING: Please only use GTRX with very large data and always test for model fit!
Optimizing NNI: done in 0.00216963 secs using 105.3% CPU
WARNING: GTRX multistate model will estimate 5 substitution rates that might be overfitting!
WARNING: Please only use GTRX with very large data and always test for model fit!
Optimizing NNI: done in 0.00474063 secs using 105.4% CPU
WARNING: GTRX multistate model will estimate 5 substitution rates that might be overfitting!
WARNING: Please only use GTRX with very large data and always test for model fit!
Optimizing NNI: done in 0.00479659 secs using 105.4% CPU
WARNING: GTRX multistate model will estimate 5 substitution rates that might be overfitting!
WARNING: Please only use GTRX with very large data and always test for model fit!
Optimizing NNI: done in 0.00436221 secs using 105.3% CPU
WARNING: GTRX multistate model will estimate 5 substitution rates that might be overfitting!
WARNING: Please only use GTRX with very large data and always test for model fit!
Optimizing NNI: done in 0.00493648 secs using 105.4% CPU
WARNING: GTRX multistate model will estimate 5 substitution rates that might be overfitting!
WARNING: Please only use GTRX with very large data and always test for model fit!
Optimizing NNI: done in 0.00539846 secs using 105.4% CPU
WARNING: GTRX multistate model will estimate 5 substitution rates that might be overfitting!
WARNING: Please only use GTRX with very large data and always test for model fit!
Optimizing NNI: done in 0.00512019 secs using 105.4% CPU
WARNING: GTRX multistate model will estimate 5 substitution rates that might be overfitting!
WARNING: Please only use GTRX with very large data and always test for model fit!
Optimizing NNI: done in 0.00385176 secs using 105.4% CPU
WARNING: GTRX multistate model will estimate 5 substitution rates that might be overfitting!
WARNING: Please only use GTRX with very large data and always test for model fit!
Optimizing NNI: done in 0.00551474 secs using 105.4% CPU
WARNING: GTRX multistate model will estimate 5 substitution rates that might be overfitting!
WARNING: Please only use GTRX with very large data and always test for model fit!
Optimizing NNI: done in 0.00666642 secs using 105.4% CPU
WARNING: GTRX multistate model will estimate 5 substitution rates that might be overfitting!
WARNING: Please only use GTRX with very large data and always test for model fit!
Optimizing NNI: done in 0.00496655 secs using 105.4% CPU
WARNING: GTRX multistate model will estimate 5 substitution rates that might be overfitting!
WARNING: Please only use GTRX with very large data and always test for model fit!
Optimizing NNI: done in 0.00404373 secs using 105.4% CPU
WARNING: GTRX multistate model will estimate 5 substitution rates that might be overfitting!
WARNING: Please only use GTRX with very large data and always test for model fit!
Optimizing NNI: done in 0.00209233 secs using 105.3% CPU
WARNING: GTRX multistate model will estimate 5 substitution rates that might be overfitting!
WARNING: Please only use GTRX with very large data and always test for model fit!
Optimizing NNI: done in 0.00348709 secs using 105.4% CPU
WARNING: GTRX multistate model will estimate 5 substitution rates that might be overfitting!
WARNING: Please only use GTRX with very large data and always test for model fit!
Optimizing NNI: done in 0.00433233 secs using 105.4% CPU
WARNING: GTRX multistate model will estimate 5 substitution rates that might be overfitting!
WARNING: Please only use GTRX with very large data and always test for model fit!
Optimizing NNI: done in 0.0052397 secs using 105.4% CPU
WARNING: GTRX multistate model will estimate 5 substitution rates that might be overfitting!
WARNING: Please only use GTRX with very large data and always test for model fit!
Optimizing NNI: done in 0.0120656 secs using 105.4% CPU
WARNING: GTRX multistate model will estimate 5 substitution rates that might be overfitting!
WARNING: Please only use GTRX with very large data and always test for model fit!
Optimizing NNI: done in 0.00288892 secs using 105.3% CPU
WARNING: GTRX multistate model will estimate 5 substitution rates that might be overfitting!
WARNING: Please only use GTRX with very large data and always test for model fit!
Optimizing NNI: done in 0.0096425 secs using 105.4% CPU
WARNING: GTRX multistate model will estimate 5 substitution rates that might be overfitting!
WARNING: Please only use GTRX with very large data and always test for model fit!
Optimizing NNI: done in 0.00418751 secs using 105.4% CPU
WARNING: GTRX multistate model will estimate 5 substitution rates that might be overfitting!
WARNING: Please only use GTRX with very large data and always test for model fit!
Optimizing NNI: done in 0.00383915 secs using 105.4% CPU
WARNING: GTRX multistate model will estimate 5 substitution rates that might be overfitting!
WARNING: Please only use GTRX with very large data and always test for model fit!
Optimizing NNI: done in 0.0055136 secs using 25.65% CPU
WARNING: GTRX multistate model will estimate 5 substitution rates that might be overfitting!
WARNING: Please only use GTRX with very large data and always test for model fit!
Optimizing NNI: done in 0.00423502 secs using 105.4% CPU
WARNING: GTRX multistate model will estimate 5 substitution rates that might be overfitting!
WARNING: Please only use GTRX with very large data and always test for model fit!
Optimizing NNI: done in 0.0022694 secs using 105.4% CPU
WARNING: GTRX multistate model will estimate 5 substitution rates that might be overfitting!
WARNING: Please only use GTRX with very large data and always test for model fit!
Optimizing NNI: done in 0.00474708 secs using 105.4% CPU
WARNING: GTRX multistate model will estimate 5 substitution rates that might be overfitting!
WARNING: Please only use GTRX with very large data and always test for model fit!
Optimizing NNI: done in 0.00691102 secs using 105.4% CPU
WARNING: GTRX multistate model will estimate 5 substitution rates that might be overfitting!
WARNING: Please only use GTRX with very large data and always test for model fit!
Optimizing NNI: done in 0.00433044 secs using 105.3% CPU
WARNING: GTRX multistate model will estimate 5 substitution rates that might be overfitting!
WARNING: Please only use GTRX with very large data and always test for model fit!
Optimizing NNI: done in 0.0071781 secs using 105.4% CPU
WARNING: GTRX multistate model will estimate 5 substitution rates that might be overfitting!
WARNING: Please only use GTRX with very large data and always test for model fit!
Optimizing NNI: done in 0.00453852 secs using 105.4% CPU
WARNING: GTRX multistate model will estimate 5 substitution rates that might be overfitting!
WARNING: Please only use GTRX with very large data and always test for model fit!
Optimizing NNI: done in 0.00235656 secs using 105.3% CPU
WARNING: GTRX multistate model will estimate 5 substitution rates that might be overfitting!
WARNING: Please only use GTRX with very large data and always test for model fit!
Optimizing NNI: done in 0.00739908 secs using 105.4% CPU
WARNING: GTRX multistate model will estimate 5 substitution rates that might be overfitting!
WARNING: Please only use GTRX with very large data and always test for model fit!
Optimizing NNI: done in 0.00208588 secs using 105.4% CPU
WARNING: GTRX multistate model will estimate 5 substitution rates that might be overfitting!
WARNING: Please only use GTRX with very large data and always test for model fit!
Optimizing NNI: done in 0.00656057 secs using 105.4% CPU
WARNING: GTRX multistate model will estimate 5 substitution rates that might be overfitting!
WARNING: Please only use GTRX with very large data and always test for model fit!
Optimizing NNI: done in 0.0030493 secs using 105.4% CPU
WARNING: GTRX multistate model will estimate 5 substitution rates that might be overfitting!
WARNING: Please only use GTRX with very large data and always test for model fit!
Optimizing NNI: done in 0.00821132 secs using 105.4% CPU
WARNING: GTRX multistate model will estimate 5 substitution rates that might be overfitting!
WARNING: Please only use GTRX with very large data and always test for model fit!
Optimizing NNI: done in 0.00700605 secs using 105.4% CPU
WARNING: GTRX multistate model will estimate 5 substitution rates that might be overfitting!
WARNING: Please only use GTRX with very large data and always test for model fit!
Optimizing NNI: done in 0.00105541 secs using 105.3% CPU
WARNING: GTRX multistate model will estimate 5 substitution rates that might be overfitting!
WARNING: Please only use GTRX with very large data and always test for model fit!
Optimizing NNI: done in 0.00626836 secs using 105.4% CPU
WARNING: GTRX multistate model will estimate 5 substitution rates that might be overfitting!
WARNING: Please only use GTRX with very large data and always test for model fit!
Optimizing NNI: done in 0.00212486 secs using 105.3% CPU
WARNING: GTRX multistate model will estimate 5 substitution rates that might be overfitting!
WARNING: Please only use GTRX with very large data and always test for model fit!
Optimizing NNI: done in 0.00235751 secs using 105.4% CPU
WARNING: GTRX multistate model will estimate 5 substitution rates that might be overfitting!
WARNING: Please only use GTRX with very large data and always test for model fit!
Optimizing NNI: done in 0.00283685 secs using 105.4% CPU
WARNING: GTRX multistate model will estimate 5 substitution rates that might be overfitting!
WARNING: Please only use GTRX with very large data and always test for model fit!
Optimizing NNI: done in 0.00423996 secs using 105.4% CPU
WARNING: GTRX multistate model will estimate 5 substitution rates that might be overfitting!
WARNING: Please only use GTRX with very large data and always test for model fit!
Optimizing NNI: done in 0.00229833 secs using 105.3% CPU
WARNING: GTRX multistate model will estimate 5 substitution rates that might be overfitting!
WARNING: Please only use GTRX with very large data and always test for model fit!
Optimizing NNI: done in 0.00429316 secs using 105.4% CPU
WARNING: GTRX multistate model will estimate 5 substitution rates that might be overfitting!
WARNING: Please only use GTRX with very large data and always test for model fit!
Optimizing NNI: done in 0.00450068 secs using 105.4% CPU
WARNING: GTRX multistate model will estimate 5 substitution rates that might be overfitting!
WARNING: Please only use GTRX with very large data and always test for model fit!
Optimizing NNI: done in 0.00377665 secs using 105.4% CPU
WARNING: GTRX multistate model will estimate 5 substitution rates that might be overfitting!
WARNING: Please only use GTRX with very large data and always test for model fit!
Optimizing NNI: done in 0.00221658 secs using 105.3% CPU
WARNING: GTRX multistate model will estimate 5 substitution rates that might be overfitting!
WARNING: Please only use GTRX with very large data and always test for model fit!
Optimizing NNI: done in 0.00463118 secs using 105.4% CPU
WARNING: GTRX multistate model will estimate 5 substitution rates that might be overfitting!
WARNING: Please only use GTRX with very large data and always test for model fit!
Optimizing NNI: done in 0.00358658 secs using 105.4% CPU
WARNING: GTRX multistate model will estimate 5 substitution rates that might be overfitting!
WARNING: Please only use GTRX with very large data and always test for model fit!
Optimizing NNI: done in 0.00448332 secs using 105.4% CPU
WARNING: GTRX multistate model will estimate 5 substitution rates that might be overfitting!
WARNING: Please only use GTRX with very large data and always test for model fit!
Optimizing NNI: done in 0.00550288 secs using 105.4% CPU
WARNING: GTRX multistate model will estimate 5 substitution rates that might be overfitting!
WARNING: Please only use GTRX with very large data and always test for model fit!
Optimizing NNI: done in 0.00220007 secs using 105.4% CPU
WARNING: GTRX multistate model will estimate 5 substitution rates that might be overfitting!
WARNING: Please only use GTRX with very large data and always test for model fit!
Optimizing NNI: done in 0.00493022 secs using 105.4% CPU
WARNING: GTRX multistate model will estimate 5 substitution rates that might be overfitting!
WARNING: Please only use GTRX with very large data and always test for model fit!
Optimizing NNI: done in 0.0050317 secs using 105.4% CPU
WARNING: GTRX multistate model will estimate 5 substitution rates that might be overfitting!
WARNING: Please only use GTRX with very large data and always test for model fit!
Optimizing NNI: done in 0.00364662 secs using 105.4% CPU
WARNING: GTRX multistate model will estimate 5 substitution rates that might be overfitting!
WARNING: Please only use GTRX with very large data and always test for model fit!
Optimizing NNI: done in 0.00357558 secs using 105.4% CPU
WARNING: GTRX multistate model will estimate 5 substitution rates that might be overfitting!
WARNING: Please only use GTRX with very large data and always test for model fit!
Optimizing NNI: done in 0.00435633 secs using 105.4% CPU
WARNING: GTRX multistate model will estimate 5 substitution rates that might be overfitting!
WARNING: Please only use GTRX with very large data and always test for model fit!
Optimizing NNI: done in 0.0042299 secs using 105.4% CPU
WARNING: GTRX multistate model will estimate 5 substitution rates that might be overfitting!
WARNING: Please only use GTRX with very large data and always test for model fit!
Optimizing NNI: done in 0.0023081 secs using 105.4% CPU
WARNING: GTRX multistate model will estimate 5 substitution rates that might be overfitting!
WARNING: Please only use GTRX with very large data and always test for model fit!
Optimizing NNI: done in 0.00196306 secs using 105.4% CPU
WARNING: GTRX multistate model will estimate 5 substitution rates that might be overfitting!
WARNING: Please only use GTRX with very large data and always test for model fit!
Optimizing NNI: done in 0.00666291 secs using 105.3% CPU
WARNING: GTRX multistate model will estimate 5 substitution rates that might be overfitting!
WARNING: Please only use GTRX with very large data and always test for model fit!
Optimizing NNI: done in 0.00412956 secs
WARNING: GTRX multistate model will estimate 5 substitution rates that might be overfitting!
WARNING: Please only use GTRX with very large data and always test for model fit!
Optimizing NNI: done in 0.00304484 secs using 100.5% CPU
WARNING: GTRX multistate model will estimate 5 substitution rates that might be overfitting!
WARNING: Please only use GTRX with very large data and always test for model fit!
Optimizing NNI: done in 0.00333164 secs using 105.4% CPU
WARNING: GTRX multistate model will estimate 5 substitution rates that might be overfitting!
WARNING: Please only use GTRX with very large data and always test for model fit!
Optimizing NNI: done in 0.00659946 secs using 105.4% CPU
WARNING: GTRX multistate model will estimate 5 substitution rates that might be overfitting!
WARNING: Please only use GTRX with very large data and always test for model fit!
Optimizing NNI: done in 0.0045242 secs using 105.4% CPU
WARNING: GTRX multistate model will estimate 5 substitution rates that might be overfitting!
WARNING: Please only use GTRX with very large data and always test for model fit!
Optimizing NNI: done in 0.00425835 secs using 105.4% CPU
WARNING: GTRX multistate model will estimate 5 substitution rates that might be overfitting!
WARNING: Please only use GTRX with very large data and always test for model fit!
Optimizing NNI: done in 0.00400636 secs using 105.4% CPU
WARNING: GTRX multistate model will estimate 5 substitution rates that might be overfitting!
WARNING: Please only use GTRX with very large data and always test for model fit!
Optimizing NNI: done in 0.00979661 secs using 105.4% CPU
WARNING: GTRX multistate model will estimate 5 substitution rates that might be overfitting!
WARNING: Please only use GTRX with very large data and always test for model fit!
Optimizing NNI: done in 0.00208541 secs using 105.4% CPU
WARNING: GTRX multistate model will estimate 5 substitution rates that might be overfitting!
WARNING: Please only use GTRX with very large data and always test for model fit!
Optimizing NNI: done in 0.00651666 secs using 101.6% CPU
WARNING: GTRX multistate model will estimate 5 substitution rates that might be overfitting!
WARNING: Please only use GTRX with very large data and always test for model fit!
Optimizing NNI: done in 0.00553342 secs using 69.6% CPU
WARNING: GTRX multistate model will estimate 5 substitution rates that might be overfitting!
WARNING: Please only use GTRX with very large data and always test for model fit!
Optimizing NNI: done in 0.00521361 secs using 48.37% CPU
WARNING: GTRX multistate model will estimate 5 substitution rates that might be overfitting!
WARNING: Please only use GTRX with very large data and always test for model fit!
Optimizing NNI: done in 0.00609613 secs using 104% CPU
WARNING: GTRX multistate model will estimate 5 substitution rates that might be overfitting!
WARNING: Please only use GTRX with very large data and always test for model fit!
Optimizing NNI: done in 0.00465613 secs using 105.4% CPU
WARNING: GTRX multistate model will estimate 5 substitution rates that might be overfitting!
WARNING: Please only use GTRX with very large data and always test for model fit!
Optimizing NNI: done in 0.00237231 secs using 105.4% CPU
WARNING: GTRX multistate model will estimate 5 substitution rates that might be overfitting!
WARNING: Please only use GTRX with very large data and always test for model fit!
Optimizing NNI: done in 0.00849992 secs using 105.4% CPU
WARNING: GTRX multistate model will estimate 5 substitution rates that might be overfitting!
WARNING: Please only use GTRX with very large data and always test for model fit!
Optimizing NNI: done in 0.00553172 secs using 105.4% CPU
WARNING: GTRX multistate model will estimate 5 substitution rates that might be overfitting!
WARNING: Please only use GTRX with very large data and always test for model fit!
Optimizing NNI: done in 0.00646317 secs using 105.4% CPU
WARNING: GTRX multistate model will estimate 5 substitution rates that might be overfitting!
WARNING: Please only use GTRX with very large data and always test for model fit!
Optimizing NNI: done in 0.00536052 secs using 105.4% CPU
WARNING: GTRX multistate model will estimate 5 substitution rates that might be overfitting!
WARNING: Please only use GTRX with very large data and always test for model fit!
Optimizing NNI: done in 0.00618594 secs using 105.4% CPU
WARNING: GTRX multistate model will estimate 5 substitution rates that might be overfitting!
WARNING: Please only use GTRX with very large data and always test for model fit!
Optimizing NNI: done in 0.00748956 secs using 105.4% CPU
WARNING: GTRX multistate model will estimate 5 substitution rates that might be overfitting!
WARNING: Please only use GTRX with very large data and always test for model fit!
Optimizing NNI: done in 0.00374203 secs using 105.4% CPU
WARNING: GTRX multistate model will estimate 5 substitution rates that might be overfitting!
WARNING: Please only use GTRX with very large data and always test for model fit!
Optimizing NNI: done in 0.00424422 secs using 105.4% CPU
WARNING: GTRX multistate model will estimate 5 substitution rates that might be overfitting!
WARNING: Please only use GTRX with very large data and always test for model fit!
Optimizing NNI: done in 0.00348491 secs using 105.4% CPU
WARNING: GTRX multistate model will estimate 5 substitution rates that might be overfitting!
WARNING: Please only use GTRX with very large data and always test for model fit!
Optimizing NNI: done in 0.00947529 secs using 105.4% CPU
WARNING: GTRX multistate model will estimate 5 substitution rates that might be overfitting!
WARNING: Please only use GTRX with very large data and always test for model fit!
Optimizing NNI: done in 0.0053113 secs using 105.4% CPU
WARNING: GTRX multistate model will estimate 5 substitution rates that might be overfitting!
WARNING: Please only use GTRX with very large data and always test for model fit!
Optimizing NNI: done in 0.00528835 secs using 105.4% CPU
WARNING: GTRX multistate model will estimate 5 substitution rates that might be overfitting!
WARNING: Please only use GTRX with very large data and always test for model fit!
Optimizing NNI: done in 0.00413961 secs
WARNING: GTRX multistate model will estimate 5 substitution rates that might be overfitting!
WARNING: Please only use GTRX with very large data and always test for model fit!
Optimizing NNI: done in 0.00483462 secs using 67.1% CPU
WARNING: GTRX multistate model will estimate 5 substitution rates that might be overfitting!
WARNING: Please only use GTRX with very large data and always test for model fit!
Optimizing NNI: done in 0.00336228 secs
WARNING: GTRX multistate model will estimate 5 substitution rates that might be overfitting!
WARNING: Please only use GTRX with very large data and always test for model fit!
Optimizing NNI: done in 0.0024606 secs using 5.934% CPU
WARNING: GTRX multistate model will estimate 5 substitution rates that might be overfitting!
WARNING: Please only use GTRX with very large data and always test for model fit!
Optimizing NNI: done in 0.00407388 secs using 101.4% CPU
WARNING: GTRX multistate model will estimate 5 substitution rates that might be overfitting!
WARNING: Please only use GTRX with very large data and always test for model fit!
Optimizing NNI: done in 0.00490433 secs using 63.94% CPU
WARNING: GTRX multistate model will estimate 5 substitution rates that might be overfitting!
WARNING: Please only use GTRX with very large data and always test for model fit!
Optimizing NNI: done in 0.00611699 secs using 63.74% CPU
WARNING: GTRX multistate model will estimate 5 substitution rates that might be overfitting!
WARNING: Please only use GTRX with very large data and always test for model fit!
Optimizing NNI: done in 0.00438156 secs using 105.4% CPU
WARNING: GTRX multistate model will estimate 5 substitution rates that might be overfitting!
WARNING: Please only use GTRX with very large data and always test for model fit!
Optimizing NNI: done in 0.0065013 secs using 104.3% CPU
WARNING: GTRX multistate model will estimate 5 substitution rates that might be overfitting!
WARNING: Please only use GTRX with very large data and always test for model fit!
Optimizing NNI: done in 0.00553077 secs using 104.7% CPU
WARNING: GTRX multistate model will estimate 5 substitution rates that might be overfitting!
WARNING: Please only use GTRX with very large data and always test for model fit!
Optimizing NNI: done in 0.0065804 secs using 105.4% CPU
WARNING: GTRX multistate model will estimate 5 substitution rates that might be overfitting!
WARNING: Please only use GTRX with very large data and always test for model fit!
Optimizing NNI: done in 0.00335156 secs using 105.4% CPU
900 samples done
WARNING: GTRX multistate model will estimate 5 substitution rates that might be overfitting!
WARNING: Please only use GTRX with very large data and always test for model fit!
Optimizing NNI: done in 0.00874272 secs using 105.4% CPU
WARNING: GTRX multistate model will estimate 5 substitution rates that might be overfitting!
WARNING: Please only use GTRX with very large data and always test for model fit!
Optimizing NNI: done in 0.00517141 secs using 105.4% CPU
WARNING: GTRX multistate model will estimate 5 substitution rates that might be overfitting!
WARNING: Please only use GTRX with very large data and always test for model fit!
Optimizing NNI: done in 0.00480645 secs using 105.4% CPU
WARNING: GTRX multistate model will estimate 5 substitution rates that might be overfitting!
WARNING: Please only use GTRX with very large data and always test for model fit!
Optimizing NNI: done in 0.00651429 secs using 105.4% CPU
WARNING: GTRX multistate model will estimate 5 substitution rates that might be overfitting!
WARNING: Please only use GTRX with very large data and always test for model fit!
Optimizing NNI: done in 0.00368664 secs using 105.4% CPU
WARNING: GTRX multistate model will estimate 5 substitution rates that might be overfitting!
WARNING: Please only use GTRX with very large data and always test for model fit!
Optimizing NNI: done in 0.00661634 secs using 105.4% CPU
WARNING: GTRX multistate model will estimate 5 substitution rates that might be overfitting!
WARNING: Please only use GTRX with very large data and always test for model fit!
Optimizing NNI: done in 0.00365506 secs using 105.4% CPU
WARNING: GTRX multistate model will estimate 5 substitution rates that might be overfitting!
WARNING: Please only use GTRX with very large data and always test for model fit!
Optimizing NNI: done in 0.00726118 secs using 105.4% CPU
WARNING: GTRX multistate model will estimate 5 substitution rates that might be overfitting!
WARNING: Please only use GTRX with very large data and always test for model fit!
Optimizing NNI: done in 0.00589857 secs using 105.4% CPU
WARNING: GTRX multistate model will estimate 5 substitution rates that might be overfitting!
WARNING: Please only use GTRX with very large data and always test for model fit!
Optimizing NNI: done in 0.00831858 secs using 50.08% CPU
WARNING: GTRX multistate model will estimate 5 substitution rates that might be overfitting!
WARNING: Please only use GTRX with very large data and always test for model fit!
Optimizing NNI: done in 0.00713817 secs
WARNING: GTRX multistate model will estimate 5 substitution rates that might be overfitting!
WARNING: Please only use GTRX with very large data and always test for model fit!
Optimizing NNI: done in 0.00440271 secs using 105.4% CPU
WARNING: GTRX multistate model will estimate 5 substitution rates that might be overfitting!
WARNING: Please only use GTRX with very large data and always test for model fit!
Optimizing NNI: done in 0.00227993 secs using 105.4% CPU
WARNING: GTRX multistate model will estimate 5 substitution rates that might be overfitting!
WARNING: Please only use GTRX with very large data and always test for model fit!
Optimizing NNI: done in 0.00260875 secs using 105.3% CPU
WARNING: GTRX multistate model will estimate 5 substitution rates that might be overfitting!
WARNING: Please only use GTRX with very large data and always test for model fit!
Optimizing NNI: done in 0.00708268 secs using 105.4% CPU
WARNING: GTRX multistate model will estimate 5 substitution rates that might be overfitting!
WARNING: Please only use GTRX with very large data and always test for model fit!
Optimizing NNI: done in 0.0057527 secs using 105.4% CPU
WARNING: GTRX multistate model will estimate 5 substitution rates that might be overfitting!
WARNING: Please only use GTRX with very large data and always test for model fit!
Optimizing NNI: done in 0.00572814 secs using 105.4% CPU
WARNING: GTRX multistate model will estimate 5 substitution rates that might be overfitting!
WARNING: Please only use GTRX with very large data and always test for model fit!
Optimizing NNI: done in 0.00214706 secs using 105.4% CPU
WARNING: GTRX multistate model will estimate 5 substitution rates that might be overfitting!
WARNING: Please only use GTRX with very large data and always test for model fit!
Optimizing NNI: done in 0.00558255 secs using 105.4% CPU
WARNING: GTRX multistate model will estimate 5 substitution rates that might be overfitting!
WARNING: Please only use GTRX with very large data and always test for model fit!
Optimizing NNI: done in 0.00320844 secs using 105.3% CPU
WARNING: GTRX multistate model will estimate 5 substitution rates that might be overfitting!
WARNING: Please only use GTRX with very large data and always test for model fit!
Optimizing NNI: done in 0.00449603 secs using 105.4% CPU
WARNING: GTRX multistate model will estimate 5 substitution rates that might be overfitting!
WARNING: Please only use GTRX with very large data and always test for model fit!
Optimizing NNI: done in 0.00576958 secs using 105.4% CPU
WARNING: GTRX multistate model will estimate 5 substitution rates that might be overfitting!
WARNING: Please only use GTRX with very large data and always test for model fit!
Optimizing NNI: done in 0.00596799 secs using 105.4% CPU
WARNING: GTRX multistate model will estimate 5 substitution rates that might be overfitting!
WARNING: Please only use GTRX with very large data and always test for model fit!
Optimizing NNI: done in 0.00870099 secs using 105.4% CPU
WARNING: GTRX multistate model will estimate 5 substitution rates that might be overfitting!
WARNING: Please only use GTRX with very large data and always test for model fit!
Optimizing NNI: done in 0.00294725 secs using 105.4% CPU
WARNING: GTRX multistate model will estimate 5 substitution rates that might be overfitting!
WARNING: Please only use GTRX with very large data and always test for model fit!
Optimizing NNI: done in 0.00506215 secs
WARNING: GTRX multistate model will estimate 5 substitution rates that might be overfitting!
WARNING: Please only use GTRX with very large data and always test for model fit!
Optimizing NNI: done in 0.00702824 secs using 81.64% CPU
WARNING: GTRX multistate model will estimate 5 substitution rates that might be overfitting!
WARNING: Please only use GTRX with very large data and always test for model fit!
Optimizing NNI: done in 0.00772335 secs using 104.8% CPU
WARNING: GTRX multistate model will estimate 5 substitution rates that might be overfitting!
WARNING: Please only use GTRX with very large data and always test for model fit!
Optimizing NNI: done in 0.0069886 secs using 105.4% CPU
WARNING: GTRX multistate model will estimate 5 substitution rates that might be overfitting!
WARNING: Please only use GTRX with very large data and always test for model fit!
Optimizing NNI: done in 0.00444396 secs using 105.4% CPU
WARNING: GTRX multistate model will estimate 5 substitution rates that might be overfitting!
WARNING: Please only use GTRX with very large data and always test for model fit!
Optimizing NNI: done in 0.0025086 secs using 105.2% CPU
WARNING: GTRX multistate model will estimate 5 substitution rates that might be overfitting!
WARNING: Please only use GTRX with very large data and always test for model fit!
Optimizing NNI: done in 0.0118927 secs using 105.4% CPU
WARNING: GTRX multistate model will estimate 5 substitution rates that might be overfitting!
WARNING: Please only use GTRX with very large data and always test for model fit!
Optimizing NNI: done in 0.00739358 secs using 105.4% CPU
WARNING: GTRX multistate model will estimate 5 substitution rates that might be overfitting!
WARNING: Please only use GTRX with very large data and always test for model fit!
Optimizing NNI: done in 0.00166544 secs using 100.4% CPU
WARNING: GTRX multistate model will estimate 5 substitution rates that might be overfitting!
WARNING: Please only use GTRX with very large data and always test for model fit!
Optimizing NNI: done in 0.00550933 secs using 100.5% CPU
WARNING: GTRX multistate model will estimate 5 substitution rates that might be overfitting!
WARNING: Please only use GTRX with very large data and always test for model fit!
Optimizing NNI: done in 0.00291386 secs using 105.4% CPU
WARNING: GTRX multistate model will estimate 5 substitution rates that might be overfitting!
WARNING: Please only use GTRX with very large data and always test for model fit!
Optimizing NNI: done in 0.00317117 secs using 105.4% CPU
WARNING: GTRX multistate model will estimate 5 substitution rates that might be overfitting!
WARNING: Please only use GTRX with very large data and always test for model fit!
Optimizing NNI: done in 0.00505219 secs using 105.4% CPU
WARNING: GTRX multistate model will estimate 5 substitution rates that might be overfitting!
WARNING: Please only use GTRX with very large data and always test for model fit!
Optimizing NNI: done in 0.00447052 secs using 100.5% CPU
WARNING: GTRX multistate model will estimate 5 substitution rates that might be overfitting!
WARNING: Please only use GTRX with very large data and always test for model fit!
Optimizing NNI: done in 0.00250404 secs using 105.3% CPU
WARNING: GTRX multistate model will estimate 5 substitution rates that might be overfitting!
WARNING: Please only use GTRX with very large data and always test for model fit!
Optimizing NNI: done in 0.00230383 secs using 105.4% CPU
WARNING: GTRX multistate model will estimate 5 substitution rates that might be overfitting!
WARNING: Please only use GTRX with very large data and always test for model fit!
Optimizing NNI: done in 0.00242049 secs using 105.3% CPU
WARNING: GTRX multistate model will estimate 5 substitution rates that might be overfitting!
WARNING: Please only use GTRX with very large data and always test for model fit!
Optimizing NNI: done in 0.00250774 secs using 100.4% CPU
WARNING: GTRX multistate model will estimate 5 substitution rates that might be overfitting!
WARNING: Please only use GTRX with very large data and always test for model fit!
Optimizing NNI: done in 0.00464038 secs using 105.4% CPU
WARNING: GTRX multistate model will estimate 5 substitution rates that might be overfitting!
WARNING: Please only use GTRX with very large data and always test for model fit!
Optimizing NNI: done in 0.00395135 secs using 105.4% CPU
WARNING: GTRX multistate model will estimate 5 substitution rates that might be overfitting!
WARNING: Please only use GTRX with very large data and always test for model fit!
Optimizing NNI: done in 0.00630497 secs using 105.4% CPU
WARNING: GTRX multistate model will estimate 5 substitution rates that might be overfitting!
WARNING: Please only use GTRX with very large data and always test for model fit!
Optimizing NNI: done in 0.00608901 secs using 79.34% CPU
WARNING: GTRX multistate model will estimate 5 substitution rates that might be overfitting!
WARNING: Please only use GTRX with very large data and always test for model fit!
Optimizing NNI: done in 0.00560038 secs using 32.96% CPU
WARNING: GTRX multistate model will estimate 5 substitution rates that might be overfitting!
WARNING: Please only use GTRX with very large data and always test for model fit!
Optimizing NNI: done in 0.00543943 secs using 105.4% CPU
WARNING: GTRX multistate model will estimate 5 substitution rates that might be overfitting!
WARNING: Please only use GTRX with very large data and always test for model fit!
Optimizing NNI: done in 0.00563481 secs using 105.4% CPU
WARNING: GTRX multistate model will estimate 5 substitution rates that might be overfitting!
WARNING: Please only use GTRX with very large data and always test for model fit!
Optimizing NNI: done in 0.00676079 secs using 105.4% CPU
WARNING: GTRX multistate model will estimate 5 substitution rates that might be overfitting!
WARNING: Please only use GTRX with very large data and always test for model fit!
Optimizing NNI: done in 0.00338238 secs
WARNING: GTRX multistate model will estimate 5 substitution rates that might be overfitting!
WARNING: Please only use GTRX with very large data and always test for model fit!
Optimizing NNI: done in 0.00261236 secs using 105.3% CPU
WARNING: GTRX multistate model will estimate 5 substitution rates that might be overfitting!
WARNING: Please only use GTRX with very large data and always test for model fit!
Optimizing NNI: done in 0.00317914 secs using 105.4% CPU
WARNING: GTRX multistate model will estimate 5 substitution rates that might be overfitting!
WARNING: Please only use GTRX with very large data and always test for model fit!
Optimizing NNI: done in 0.0042226 secs using 105.4% CPU
WARNING: GTRX multistate model will estimate 5 substitution rates that might be overfitting!
WARNING: Please only use GTRX with very large data and always test for model fit!
Optimizing NNI: done in 0.00375597 secs using 105.4% CPU
WARNING: GTRX multistate model will estimate 5 substitution rates that might be overfitting!
WARNING: Please only use GTRX with very large data and always test for model fit!
Optimizing NNI: done in 0.0041932 secs using 100.4% CPU
WARNING: GTRX multistate model will estimate 5 substitution rates that might be overfitting!
WARNING: Please only use GTRX with very large data and always test for model fit!
Optimizing NNI: done in 0.00515955 secs using 100.8% CPU
WARNING: GTRX multistate model will estimate 5 substitution rates that might be overfitting!
WARNING: Please only use GTRX with very large data and always test for model fit!
Optimizing NNI: done in 0.0069407 secs using 105.4% CPU
WARNING: GTRX multistate model will estimate 5 substitution rates that might be overfitting!
WARNING: Please only use GTRX with very large data and always test for model fit!
Optimizing NNI: done in 0.00351232 secs using 105.4% CPU
WARNING: GTRX multistate model will estimate 5 substitution rates that might be overfitting!
WARNING: Please only use GTRX with very large data and always test for model fit!
Optimizing NNI: done in 0.0046566 secs using 105.4% CPU
WARNING: GTRX multistate model will estimate 5 substitution rates that might be overfitting!
WARNING: Please only use GTRX with very large data and always test for model fit!
Optimizing NNI: done in 0.00885482 secs using 105.4% CPU
WARNING: GTRX multistate model will estimate 5 substitution rates that might be overfitting!
WARNING: Please only use GTRX with very large data and always test for model fit!
Optimizing NNI: done in 0.00463004 secs using 105.4% CPU
WARNING: GTRX multistate model will estimate 5 substitution rates that might be overfitting!
WARNING: Please only use GTRX with very large data and always test for model fit!
Optimizing NNI: done in 0.00519284 secs using 105.4% CPU
WARNING: GTRX multistate model will estimate 5 substitution rates that might be overfitting!
WARNING: Please only use GTRX with very large data and always test for model fit!
Optimizing NNI: done in 0.00265181 secs using 105.4% CPU
WARNING: GTRX multistate model will estimate 5 substitution rates that might be overfitting!
WARNING: Please only use GTRX with very large data and always test for model fit!
Optimizing NNI: done in 0.00505551 secs using 105.4% CPU
WARNING: GTRX multistate model will estimate 5 substitution rates that might be overfitting!
WARNING: Please only use GTRX with very large data and always test for model fit!
Optimizing NNI: done in 0.00309273 secs using 105.4% CPU
WARNING: GTRX multistate model will estimate 5 substitution rates that might be overfitting!
WARNING: Please only use GTRX with very large data and always test for model fit!
Optimizing NNI: done in 0.00303905 secs using 105.4% CPU
WARNING: GTRX multistate model will estimate 5 substitution rates that might be overfitting!
WARNING: Please only use GTRX with very large data and always test for model fit!
Optimizing NNI: done in 0.00302037 secs using 105.3% CPU
WARNING: GTRX multistate model will estimate 5 substitution rates that might be overfitting!
WARNING: Please only use GTRX with very large data and always test for model fit!
Optimizing NNI: done in 0.00556007 secs using 105.1% CPU
WARNING: GTRX multistate model will estimate 5 substitution rates that might be overfitting!
WARNING: Please only use GTRX with very large data and always test for model fit!
Optimizing NNI: done in 0.00543327 secs using 105.4% CPU
WARNING: GTRX multistate model will estimate 5 substitution rates that might be overfitting!
WARNING: Please only use GTRX with very large data and always test for model fit!
Optimizing NNI: done in 0.00216602 secs using 105.3% CPU
WARNING: GTRX multistate model will estimate 5 substitution rates that might be overfitting!
WARNING: Please only use GTRX with very large data and always test for model fit!
Optimizing NNI: done in 0.00865717 secs using 105.4% CPU
WARNING: GTRX multistate model will estimate 5 substitution rates that might be overfitting!
WARNING: Please only use GTRX with very large data and always test for model fit!
Optimizing NNI: done in 0.00518459 secs using 105.4% CPU
WARNING: GTRX multistate model will estimate 5 substitution rates that might be overfitting!
WARNING: Please only use GTRX with very large data and always test for model fit!
Optimizing NNI: done in 0.00658163 secs using 105.4% CPU
WARNING: GTRX multistate model will estimate 5 substitution rates that might be overfitting!
WARNING: Please only use GTRX with very large data and always test for model fit!
Optimizing NNI: done in 0.00343379 secs using 105.4% CPU
WARNING: GTRX multistate model will estimate 5 substitution rates that might be overfitting!
WARNING: Please only use GTRX with very large data and always test for model fit!
Optimizing NNI: done in 0.00506196 secs using 105.4% CPU
WARNING: GTRX multistate model will estimate 5 substitution rates that might be overfitting!
WARNING: Please only use GTRX with very large data and always test for model fit!
Optimizing NNI: done in 0.00310478 secs using 105.4% CPU
WARNING: GTRX multistate model will estimate 5 substitution rates that might be overfitting!
WARNING: Please only use GTRX with very large data and always test for model fit!
Optimizing NNI: done in 0.00979415 secs using 105.4% CPU
WARNING: GTRX multistate model will estimate 5 substitution rates that might be overfitting!
WARNING: Please only use GTRX with very large data and always test for model fit!
Optimizing NNI: done in 0.00804325 secs using 105.4% CPU
WARNING: GTRX multistate model will estimate 5 substitution rates that might be overfitting!
WARNING: Please only use GTRX with very large data and always test for model fit!
Optimizing NNI: done in 0.00285989 secs using 105.4% CPU
WARNING: GTRX multistate model will estimate 5 substitution rates that might be overfitting!
WARNING: Please only use GTRX with very large data and always test for model fit!
Optimizing NNI: done in 0.00403026 secs using 105.4% CPU
WARNING: GTRX multistate model will estimate 5 substitution rates that might be overfitting!
WARNING: Please only use GTRX with very large data and always test for model fit!
Optimizing NNI: done in 0.00457959 secs using 105.4% CPU
WARNING: GTRX multistate model will estimate 5 substitution rates that might be overfitting!
WARNING: Please only use GTRX with very large data and always test for model fit!
Optimizing NNI: done in 0.0108 secs using 105.4% CPU
WARNING: GTRX multistate model will estimate 5 substitution rates that might be overfitting!
WARNING: Please only use GTRX with very large data and always test for model fit!
Optimizing NNI: done in 0.00483121 secs using 105.4% CPU
WARNING: GTRX multistate model will estimate 5 substitution rates that might be overfitting!
WARNING: Please only use GTRX with very large data and always test for model fit!
Optimizing NNI: done in 0.00208076 secs using 105.3% CPU
WARNING: GTRX multistate model will estimate 5 substitution rates that might be overfitting!
WARNING: Please only use GTRX with very large data and always test for model fit!
Optimizing NNI: done in 0.00326061 secs using 105.3% CPU
WARNING: GTRX multistate model will estimate 5 substitution rates that might be overfitting!
WARNING: Please only use GTRX with very large data and always test for model fit!
Optimizing NNI: done in 0.00288228 secs using 105.4% CPU
WARNING: GTRX multistate model will estimate 5 substitution rates that might be overfitting!
WARNING: Please only use GTRX with very large data and always test for model fit!
Optimizing NNI: done in 0.00272958 secs using 105.4% CPU
WARNING: GTRX multistate model will estimate 5 substitution rates that might be overfitting!
WARNING: Please only use GTRX with very large data and always test for model fit!
Optimizing NNI: done in 0.00341719 secs using 105.4% CPU
WARNING: GTRX multistate model will estimate 5 substitution rates that might be overfitting!
WARNING: Please only use GTRX with very large data and always test for model fit!
Optimizing NNI: done in 0.00624968 secs using 105.4% CPU
WARNING: GTRX multistate model will estimate 5 substitution rates that might be overfitting!
WARNING: Please only use GTRX with very large data and always test for model fit!
Optimizing NNI: done in 0.00537532 secs using 105.4% CPU
WARNING: GTRX multistate model will estimate 5 substitution rates that might be overfitting!
WARNING: Please only use GTRX with very large data and always test for model fit!
Optimizing NNI: done in 0.00748055 secs using 105.4% CPU
WARNING: GTRX multistate model will estimate 5 substitution rates that might be overfitting!
WARNING: Please only use GTRX with very large data and always test for model fit!
Optimizing NNI: done in 0.00271412 secs using 105.4% CPU
WARNING: GTRX multistate model will estimate 5 substitution rates that might be overfitting!
WARNING: Please only use GTRX with very large data and always test for model fit!
Optimizing NNI: done in 0.00640038 secs using 105.4% CPU
WARNING: GTRX multistate model will estimate 5 substitution rates that might be overfitting!
WARNING: Please only use GTRX with very large data and always test for model fit!
Optimizing NNI: done in 0.00444994 secs using 105.4% CPU
WARNING: GTRX multistate model will estimate 5 substitution rates that might be overfitting!
WARNING: Please only use GTRX with very large data and always test for model fit!
Optimizing NNI: done in 0.00216005 secs using 105.4% CPU
WARNING: GTRX multistate model will estimate 5 substitution rates that might be overfitting!
WARNING: Please only use GTRX with very large data and always test for model fit!
Optimizing NNI: done in 0.00223175 secs using 105.3% CPU
WARNING: GTRX multistate model will estimate 5 substitution rates that might be overfitting!
WARNING: Please only use GTRX with very large data and always test for model fit!
Optimizing NNI: done in 0.00531965 secs using 105.4% CPU
WARNING: GTRX multistate model will estimate 5 substitution rates that might be overfitting!
WARNING: Please only use GTRX with very large data and always test for model fit!
Optimizing NNI: done in 0.00193005 secs using 105.3% CPU
1000 samples done
Total 999 ufboot trees refined
TREE SEARCH COMPLETED AFTER 283 ITERATIONS / Time: 0h:0m:45s

--------------------------------------------------------------------
|                    FINALIZING TREE SEARCH                        |
--------------------------------------------------------------------
Performs final model parameters optimization
Estimate model parameters (epsilon = 0.010)
1. Initial log-likelihood: -701.367
Optimal log-likelihood: -701.364
Rate parameters: 1.099 1.117 0.680 5.245 8.348 1.000
State frequencies: 0.634 0.018 0.271 0.078
State frequencies: 0.297 0.149 0.014 0.540
Mixture weights: 0.509 0.491
Gamma shape alpha: 0.866
Parameters optimization took 1 rounds (0.020 sec)
BEST SCORE FOUND : -701.364

Testing tree branches by SH-like aLRT with 1000 replicates...
0.031 sec.
Creating bootstrap support values...
Split supports printed to NEXUS file MultistateMKGTRXFQFO.splits.nex
Total tree length: 4.393

Total number of iterations: 283
CPU time used for tree search: 24.466 sec (0h:0m:24s)
Wall-clock time used for tree search: 25.384 sec (0h:0m:25s)
Total CPU time used: 54.267 sec (0h:0m:54s)
Total wall-clock time used: 45.809 sec (0h:0m:45s)
UFBoot trees printed to MultistateMKGTRXFQFO.ufboot

Computing bootstrap consensus tree...
Reading input file MultistateMKGTRXFQFO.splits.nex...
30 taxa and 1662 splits.
Consensus tree written to MultistateMKGTRXFQFO.contree
Reading input trees file MultistateMKGTRXFQFO.contree
Log-likelihood of consensus tree: -701.643

Analysis results written to: 
  IQ-TREE report:                MultistateMKGTRXFQFO.iqtree
  Maximum-likelihood tree:       MultistateMKGTRXFQFO.treefile
  Likelihood distances:          MultistateMKGTRXFQFO.mldist

Ultrafast bootstrap approximation results written to:
  Split support values:          MultistateMKGTRXFQFO.splits.nex
  Consensus tree:                MultistateMKGTRXFQFO.contree
  UFBoot trees:                  MultistateMKGTRXFQFO.ufboot
  Screen log file:               MultistateMKGTRXFQFO.log

Date and Time: Tue Apr 29 00:04:17 2025
