IQ-TREE version 3.0.1 for Linux x86 64-bit built May 22 2025
Developed by Bui Quang Minh, Thomas Wong, Nhan Ly-Trong, Huaiyan Ren
Contributed by Lam-Tung Nguyen, Dominik Schrempf, Chris Bielow,
Olga Chernomor, Michael Woodhams, Diep Thi Hoang, Heiko Schmidt

Host:    Hiroaki (AVX2, FMA3, 15 GB RAM)
Command: ../../iqtree3ForkBuild/build/iqtree3 -s Sorensen2006.H3.Aligned.NT.Subsampled.fas -st CODON -m MIX+MFP -mrate-twice 1 -B 1000 -bnni -alrt 1000 -T AUTO --redo
Seed:    745864 (Using SPRNG - Scalable Parallel Random Number Generator)
Time:    Thu May 22 02:59:43 2025
Kernel:  AVX+FMA - auto-detect threads (8 CPU cores detected)

Reading alignment file Sorensen2006.H3.Aligned.NT.Subsampled.fas ... Fasta format detected
Warning: Line 22: '!' was found in the alignment, which will be interpreted as a gap
Warning: Line 24: '!' was found in the alignment, which will be interpreted as a gap
Reading fasta file: done in 0.00193017 secs using 9.895% CPU
Alignment most likely contains DNA/RNA sequences
Converting to codon sequences with genetic code  ...
WARNING: Sequence Tenuignathia_rikerae_DQ079989 has ambiguous character !CT at site 10
WARNING: Sequence Rastrognathia_macrostoma_DQ079988 has ambiguous character ACY at site 10
WARNING: Sequence Labidognathia_longicollis_AY218157 has ambiguous character AAR at site 19
WARNING: Sequence Haplognathia_gubbarnorum_DQ079983 has ambiguous character !!G at site 25
WARNING: Sequence Labidognathia_longicollis_AY218157 has ambiguous character GCN at site 49
Constructing alignment: done in 0.0018556 secs using 18% CPU
Alignment has 16 sequences with 17 columns, 17 distinct patterns
16 parsimony-informative, 1 singleton sites, 0 constant sites
                                     Gap/Ambiguity  Composition  p-value
Analyzing sequences: done in 0.00518244 secs using 466.9% CPU
   1  Austrognathia_christianae_DQ079978     0.00%    passed     99.82%
   2  Austrognathia_sp__MVS_2005_DQ079979    0.00%    passed     96.45%
   3  Valvognathia_pogonostoma_DQ079990      0.00%    passed    100.00%
   4  Cosmognathia_arcus_DQ079980            0.00%    passed     98.83%
   5  Gnathostomula_armata_AY218158          0.00%    passed    100.00%
   6  Problognathia_minima_DQ079987          0.00%    passed     99.96%
   7  Gnathostomula_mediterranea_DQ079981    0.00%    passed    100.00%
   8  Gnathostomula_peregrina_DQ079982       0.00%    passed    100.00%
   9  Haplognathia_rosea_DQ079984            0.00%    passed     99.94%
  10  Haplognathia_ruberrima_AY218156        0.00%    passed    100.00%
  11  Haplognathia_gubbarnorum_DQ079983     52.94%    passed    100.00%
  12  Tenuignathia_rikerae_DQ079989         23.53%    passed    100.00%
  13  Mesognatharia_remanei_DQ079986         0.00%    passed     99.69%
  14  Labidognathia_longicollis_AY218157    11.76%    passed    100.00%
  15  Rastrognathia_macrostoma_DQ079988      5.88%    passed     99.05%
  16  Haplognathia_simplex_DQ079985         11.76%    passed    100.00%
WARNING: 1 sequences contain more than 50% gaps/ambiguity
****  TOTAL                                  6.62%  0 sequences failed composition chi2 test (p-value<5%; df=60)
Checking for duplicate sequences: done in 0.00330704 secs using 390.8% CPU
WARNING: MixtureFinder has not been tested for non-DNA data types. Be cautious about interpreting the results
WARNING: Running MixtureFinder for the given data type can take much time. Please consider restricting the set of the models to test as much as possible
--------------------------------------------------------------------
|                Running MixtureFinder                             |
--------------------------------------------------------------------

Creating fast initial parsimony tree by random order stepwise addition...
2.699 seconds, parsimony score: 75 (based on 17 sites)
Measuring multi-threading efficiency up to 8 CPU cores
Increase to 10 rounds for branch lengths
53 trees examined
Threads: 1 / Time: 8.026 sec / Speedup: 1.000 / Efficiency: 100% / LogL: -496
Threads: 2 / Time: 6.919 sec / Speedup: 1.160 / Efficiency: 58% / LogL: -496
WARNING: 3 threads for alignment length 17 will slow down analysis
Threads: 3 / Time: 7.808 sec / Speedup: 1.028 / Efficiency: 34% / LogL: -496
Determining AUTO threadcount: done in 22.7562 secs using 150.8% CPU
BEST NUMBER OF THREADS: 2

Perform fast likelihood tree search using GY+F3X4+G model...
Estimate model parameters (epsilon = 5.000)
Perform nearest neighbor interchange...
Optimizing NNI: done in 1.35418 secs using 190.9% CPU
Estimate model parameters (epsilon = 1.000)
1. Initial log-likelihood: -370.573
2. Current log-likelihood: -363.936
Optimal log-likelihood: -363.933
Nonsynonymous/synonymous ratio (omega): 0.018
Transition/transversion ratio (kappa): 1.175
Gamma shape alpha: 1.166
Parameters optimization took 2 rounds (1.945 sec)
Time for fast ML tree search: 10.263 seconds

NOTE: ModelFinder requires 6 MB RAM!
ModelFinder will test up to 132 codon models (sample size: 17 epsilon: 0.100) ...
 No. Model         -LnL         df  AIC          AICc         BIC
  1  GY+F1X4       366.610      34  801.221      3181.221     829.550
  2  GY+F1X4+G4    362.384      35  794.769      3314.769     823.931
  3  GY+F1X4+R2    362.034      36  796.067      3460.067     826.063
  4  GY+F1X4+R3    353.269      38  782.538      3746.538     814.200
  5  GY+F1X4+R4    352.873      40  785.746      4065.746     819.074
 13  GY+F3X4+G4    357.070      41  796.140      4240.140     830.302
 15  GY+F3X4+R3    350.448      44  788.897      4748.897     825.558
 16  GY+F3X4+R4    350.515      46  793.030      5117.030     831.358
 24  MGK+F1X4+G4   358.200      35  786.401      3306.401     815.563
 26  MGK+F1X4+R3   350.238      38  776.475      3740.475     808.138
+R4 reinitialized from +R3 with factor 0.500
 27  MGK+F1X4+R4   350.259      40  780.519      4060.519     813.847
 35  MGK+F3X4+G4   350.299      41  782.598      4226.598     816.760
 37  MGK+F3X4+R3   342.377      44  772.755      4732.755     809.416
 38  MGK+F3X4+R4   342.412      46  776.824      5100.824     815.152
 46  MG+F1X4+G4    357.905      34  783.809      3163.809     812.139
 48  MG+F1X4+R3    350.234      37  774.469      3586.469     805.297
 49  MG+F1X4+R4    350.236      39  778.472      3898.472     810.967
 57  MG+F3X4+G4    350.489      40  780.978      4060.978     814.307
 59  MG+F3X4+R3    342.376      43  770.753      4554.753     806.581
 60  MG+F3X4+R4    342.378      45  774.755      4914.755     812.250
 68  KOSI07+FU+G4  329.863      30  719.726      2579.726     744.722
 70  KOSI07+FU+R3  326.261      33  718.522      2962.522     746.018
 71  KOSI07+FU+R4  326.291      35  722.581      3242.581     751.744
 79  KOSI07+F1X4+G4 340.792      33  747.583      2991.583     775.079
 81  KOSI07+F1X4+R3 338.336      36  748.671      3412.671     778.667
 82  KOSI07+F1X4+R4 338.324      38  752.649      3716.649     784.311
 90  KOSI07+F3X4+G4 338.962      39  755.924      3875.924     788.420
 92  KOSI07+F3X4+R3 337.129      42  758.259      4370.259     793.254
 93  KOSI07+F3X4+R4 337.197      44  762.394      4722.394     799.055
101  SCHN05+FU+G4  339.541      30  739.082      2599.082     764.078
103  SCHN05+FU+R3  332.783      33  731.566      2975.566     759.062
+R4 reinitialized from +R3 with factor 0.500
+R4 reinitialized from +R3 with factor 0.250
104  SCHN05+FU+R4  332.851      35  735.703      3255.703     764.865
112  SCHN05+F1X4+G4 347.173      33  760.346      3004.346     787.842
114  SCHN05+F1X4+R3 342.962      36  757.924      3421.924     787.920
115  SCHN05+F1X4+R4 342.976      38  761.952      3725.952     793.614
123  SCHN05+F3X4+G4 344.145      39  766.290      3886.290     798.786
125  SCHN05+F3X4+R3 338.832      42  761.663      4373.663     796.658
+R4 reinitialized from +R3 with factor 0.500
+R4 reinitialized from +R3 with factor 0.250
+R4 reinitialized from +R3 with factor 0.125
+R4 reinitialized from +R3 with factor 0.062
+R4 reinitialized from +R3 with factor 0.031
WARNING: Log-likelihood -340.462 of SCHN05+F3X4+R4 worse than SCHN05+F3X4+R3 -338.832
126  SCHN05+F3X4+R4 340.462      44  768.923      4728.923     805.585
Akaike Information Criterion:           KOSI07+FU+R3
Corrected Akaike Information Criterion: KOSI07+FU+G4
Bayesian Information Criterion:         KOSI07+FU+G4
Best-fit model: KOSI07+FU+G4 chosen according to BIC

All model information printed to Sorensen2006.H3.Aligned.NT.Subsampled.fas.model.gz
CPU time for ModelFinder: 238.675 seconds (0h:3m:58s)
Wall-clock time for ModelFinder: 124.993 seconds (0h:2m:4s)

Model: KOSI07+FU+G4; df: 30; loglike: -329.863; BIC score: 744.722

Keep adding an additional class until there is no better BIC value

NOTE: MixtureFinder 2-class models requires 6 MB RAM!
ModelFinder will test up to 12 codon models (sample size: 17 epsilon: 0.100) ...
 No. Model         -LnL         df  AIC          AICc         BIC
  1  MIX{KOSI07+FU,GY+F1X4}+G4 365.177      36  802.355      3466.355     832.350
  2  MIX{KOSI07+FU,GY+F3X4}+G4 363.887      42  811.775      4423.775     846.770
  3  MIX{KOSI07+FU,MGK+F1X4}+G4 368.305      36  808.611      3472.611     838.606
  4  MIX{KOSI07+FU,MGK+F3X4}+G4 365.837      42  815.674      4427.674     850.669
  5  MIX{KOSI07+FU,MG+F1X4}+G4 368.305      35  806.611      3326.611     835.773
  6  MIX{KOSI07+FU,MG+F3X4}+G4 365.837      41  813.674      4257.674     847.836
  7  MIX{KOSI07+FU,KOSI07+FU}+G4 366.575      31  795.151      2779.151     820.980
  8  MIX{KOSI07+FU,KOSI07+F1X4}+G4 364.423      34  796.847      3176.847     825.176
  9  MIX{KOSI07+FU,KOSI07+F3X4}+G4 365.221      40  810.441      4090.441     843.770
 10  MIX{KOSI07+FU,SCHN05+FU}+G4 370.827      31  803.654      2787.654     829.483
 11  MIX{KOSI07+FU,SCHN05+F1X4}+G4 371.709      34  811.417      3191.417     839.746
 12  MIX{KOSI07+FU,SCHN05+F3X4}+G4 374.258      40  828.516      4108.516     861.844
Best-fit model: MIX{KOSI07+FU,KOSI07+FU}+G4 chosen according to BIC

All model information printed to Sorensen2006.H3.Aligned.NT.Subsampled.fas.model.gz
CPU time for MixtureFinder 2-class models: 174.614 seconds (0h:2m:54s)
Wall-clock time for MixtureFinder 2-class models: 94.742 seconds (0h:1m:34s)

Model: MIX{KOSI07+FU,KOSI07+FU}+G4; df: 31; loglike: -366.575; BIC score: 820.980;

The optimal RHAS models with 1-class substitution models have already been estimated.

-------------------------------------------------------
  Best-fit Q-Mixture model: KOSI07+FU+G4
-------------------------------------------------------
WARNING: States(s) AAC, AAT, ACA, ATA, ATC, ATG, ATT, CAC, CAT, CTA, GAA, GAC, GAG, GAT, GTA, GTC, GTG, GTT, TAC, TAT, TGC, TGG, TTA, TTC, TTT rarely appear in alignment and may cause numerical problems
Generating 1000 samples for ultrafast bootstrap (seed: 745864)...

NOTE: 2 MB RAM (0 GB) is required!
Estimate model parameters (epsilon = 0.100)
1. Initial log-likelihood: -334.289
2. Current log-likelihood: -330.787
3. Current log-likelihood: -330.364
4. Current log-likelihood: -330.252
5. Current log-likelihood: -330.126
6. Current log-likelihood: -329.732
Optimal log-likelihood: -329.732
Nonsynonymous/synonymous ratio (omega): 0.013
Transition/transversion ratio (kappa): 1.136
Gamma shape alpha: 2.433
Parameters optimization took 6 rounds (2.288 sec)
Wrote distance file to... 
Computing ML distances based on estimated model parameters...
Calculating distance matrix: done in 1.4733 secs using 196.7% CPU
Computing ML distances took 1.474505 sec (of wall-clock time) 2.898928 sec (of CPU time)
WARNING: Some pairwise ML distances are too long (saturated)
Setting up auxiliary I and S matrices: done in 0.00038572 secs using 117.2% CPU
Constructing RapidNJ tree: done in 0.00510409 secs using 48.04% CPU
Computing RapidNJ tree took 0.006532 sec (of wall-clock time) 0.003040 sec (of CPU time)
Log-likelihood of RapidNJ tree: -324.064
--------------------------------------------------------------------
|             INITIALIZING CANDIDATE TREE SET                      |
--------------------------------------------------------------------
Generating 98 parsimony trees... 0.081 second
Computing log-likelihood of 98 initial trees ... 6.139 seconds
Current best score: -324.064

Do NNI search on 20 best initial trees
Optimizing NNI: done in 1.7495 secs using 190.1% CPU
Estimate model parameters (epsilon = 0.100)
BETTER TREE FOUND at iteration 1: -322.231
Optimizing NNI: done in 1.58679 secs using 188.3% CPU
Optimizing NNI: done in 1.2492 secs using 190.3% CPU
Optimizing NNI: done in 2.17638 secs using 187.6% CPU
Optimizing NNI: done in 1.08887 secs using 192.6% CPU
Optimizing NNI: done in 1.87624 secs using 192.6% CPU
Optimizing NNI: done in 1.66005 secs using 191% CPU
Optimizing NNI: done in 1.64006 secs using 189.1% CPU
Optimizing NNI: done in 2.4292 secs using 191.2% CPU
Optimizing NNI: done in 1.62431 secs using 192.9% CPU
Iteration 10 / LogL: -324.061 / Time: 0h:4m:8s
Optimizing NNI: done in 1.21007 secs using 190.9% CPU
Optimizing NNI: done in 0.531857 secs using 191.8% CPU
Optimizing NNI: done in 2.9206 secs using 190.6% CPU
WARNING: NNI search needs unusual large number of steps (16) to converge!
Optimizing NNI: done in 1.16176 secs using 191.8% CPU
Optimizing NNI: done in 1.48076 secs using 190.8% CPU
Optimizing NNI: done in 1.12243 secs using 186.5% CPU
Optimizing NNI: done in 1.09081 secs using 191.9% CPU
Optimizing NNI: done in 1.02402 secs using 192.1% CPU
Optimizing NNI: done in 1.39773 secs using 191.8% CPU
Optimizing NNI: done in 1.88122 secs using 190.9% CPU
Iteration 20 / LogL: -324.052 / Time: 0h:4m:22s
Finish initializing candidate tree set (19)
Current best tree score: -322.231 / CPU time: 38.041
Number of iterations: 20
--------------------------------------------------------------------
|               OPTIMIZING CANDIDATE TREE SET                      |
--------------------------------------------------------------------
Optimizing NNI: done in 0.630886 secs using 189.3% CPU
Optimizing NNI: done in 2.77626 secs using 191.3% CPU
Optimizing NNI: done in 2.35348 secs using 191.5% CPU
Optimizing NNI: done in 1.60667 secs using 190.8% CPU
Optimizing NNI: done in 3.67876 secs using 189.5% CPU
WARNING: NNI search needs unusual large number of steps (16) to converge!
Optimizing NNI: done in 1.02855 secs using 190.6% CPU
Optimizing NNI: done in 2.22188 secs using 188.6% CPU
Optimizing NNI: done in 1.25882 secs using 190.5% CPU
Optimizing NNI: done in 1.30166 secs using 186.2% CPU
Optimizing NNI: done in 0.745603 secs using 188.1% CPU
Iteration 30 / LogL: -322.588 / Time: 0h:4m:39s (0h:2m:27s left)
Optimizing NNI: done in 1.3481 secs using 189.3% CPU
Optimizing NNI: done in 0.898391 secs using 192.7% CPU
Optimizing NNI: done in 1.20016 secs using 190.5% CPU
Optimizing NNI: done in 1.47783 secs using 189.9% CPU
Optimizing NNI: done in 1.28354 secs using 190.7% CPU
Optimizing NNI: done in 1.09466 secs using 190.6% CPU
Optimizing NNI: done in 0.932655 secs using 190.5% CPU
Optimizing NNI: done in 0.971067 secs using 189.3% CPU
Optimizing NNI: done in 1.22191 secs using 189.7% CPU
Optimizing NNI: done in 1.73141 secs using 190% CPU
Iteration 40 / LogL: -322.285 / Time: 0h:4m:52s (0h:1m:53s left)
Optimizing NNI: done in 1.82763 secs using 188.6% CPU
Optimizing NNI: done in 1.33781 secs using 188.9% CPU
Optimizing NNI: done in 2.02749 secs using 191.2% CPU
Optimizing NNI: done in 1.51684 secs using 188.7% CPU
Optimizing NNI: done in 1.47593 secs using 189.7% CPU
Optimizing NNI: done in 0.841968 secs using 193.1% CPU
Optimizing NNI: done in 1.04769 secs using 189.4% CPU
Optimizing NNI: done in 1.16902 secs using 188.3% CPU
Optimizing NNI: done in 0.717082 secs using 191.4% CPU
Optimizing NNI: done in 0.93672 secs using 188.6% CPU
Iteration 50 / LogL: -324.402 / Time: 0h:5m:5s (0h:1m:29s left)
Optimizing NNI: done in 1.25477 secs using 190.6% CPU
Optimizing NNI: done in 1.86299 secs using 190% CPU
Optimizing NNI: done in 1.36179 secs using 190.4% CPU
Optimizing NNI: done in 1.00709 secs using 187.6% CPU
Optimizing NNI: done in 1.33296 secs using 188.9% CPU
Optimizing NNI: done in 0.896455 secs using 185.8% CPU
Optimizing NNI: done in 1.26056 secs using 185.8% CPU
Optimizing NNI: done in 1.31728 secs using 189.9% CPU
Optimizing NNI: done in 1.39594 secs using 190.5% CPU
Optimizing NNI: done in 1.25393 secs using 191.4% CPU
Iteration 60 / LogL: -323.844 / Time: 0h:5m:18s (0h:1m:8s left)
Optimizing NNI: done in 0.621931 secs using 191.5% CPU
Optimizing NNI: done in 0.850042 secs using 189% CPU
Optimizing NNI: done in 1.17828 secs using 190.2% CPU
Estimate model parameters (epsilon = 0.100)
UPDATE BEST LOG-LIKELIHOOD: -322.167
Optimizing NNI: done in 1.12169 secs using 191% CPU
Optimizing NNI: done in 1.19127 secs using 191.1% CPU
Optimizing NNI: done in 0.625169 secs using 189.8% CPU
Optimizing NNI: done in 1.24577 secs using 190% CPU
Optimizing NNI: done in 1.37396 secs using 189.6% CPU
Optimizing NNI: done in 1.66462 secs using 190.4% CPU
Optimizing NNI: done in 1.02358 secs using 189.8% CPU
Iteration 70 / LogL: -322.248 / Time: 0h:5m:30s (0h:0m:49s left)
Optimizing NNI: done in 1.065 secs using 190.7% CPU
Optimizing NNI: done in 0.772621 secs using 187.9% CPU
Optimizing NNI: done in 1.51552 secs using 190% CPU
Optimizing NNI: done in 0.473581 secs using 184.8% CPU
Optimizing NNI: done in 1.61294 secs using 191.2% CPU
Optimizing NNI: done in 1.3059 secs using 191.8% CPU
Optimizing NNI: done in 2.18111 secs using 190.2% CPU
Optimizing NNI: done in 0.635181 secs using 191.2% CPU
Optimizing NNI: done in 0.830006 secs using 190.6% CPU
Optimizing NNI: done in 1.50425 secs using 191% CPU
Iteration 80 / LogL: -322.294 / Time: 0h:5m:42s (0h:0m:32s left)
Optimizing NNI: done in 0.826785 secs using 192.9% CPU
Optimizing NNI: done in 1.44806 secs using 190.4% CPU
Optimizing NNI: done in 1.41101 secs using 190.8% CPU
Optimizing NNI: done in 0.941398 secs using 190.8% CPU
Optimizing NNI: done in 1.45448 secs using 185.3% CPU
Optimizing NNI: done in 1.57626 secs using 192.1% CPU
Optimizing NNI: done in 1.52742 secs using 190.7% CPU
Optimizing NNI: done in 1.90004 secs using 191.2% CPU
Optimizing NNI: done in 1.29006 secs using 188.1% CPU
Optimizing NNI: done in 1.78801 secs using 191.6% CPU
Iteration 90 / LogL: -322.290 / Time: 0h:5m:56s (0h:0m:16s left)
Optimizing NNI: done in 0.386155 secs using 187.5% CPU
Optimizing NNI: done in 1.55656 secs using 190.1% CPU
Optimizing NNI: done in 0.749806 secs using 189.3% CPU
Optimizing NNI: done in 0.710409 secs using 190.4% CPU
Optimizing NNI: done in 1.66543 secs using 193% CPU
Optimizing NNI: done in 1.2193 secs using 192.4% CPU
Optimizing NNI: done in 1.05044 secs using 189.4% CPU
Optimizing NNI: done in 1.0547 secs using 191.3% CPU
Optimizing NNI: done in 2.23718 secs using 190.3% CPU
Optimizing NNI: done in 1.30487 secs using 184.6% CPU
Iteration 100 / LogL: -322.679 / Time: 0h:6m:8s (0h:0m:1s left)
Optimizing NNI: done in 1.17225 secs using 188.8% CPU
Optimizing NNI: done in 1.05115 secs using 187.7% CPU
Refining ufboot trees with NNI 1 branch...
WARNING: 2 threads for alignment length 12 will slow down analysis
Optimizing NNI: done in 0.452099 secs using 98.03% CPU
WARNING: 2 threads for alignment length 12 will slow down analysis
Optimizing NNI: done in 0.696996 secs using 97.85% CPU
WARNING: 2 threads for alignment length 11 will slow down analysis
Optimizing NNI: done in 0.214924 secs using 98.51% CPU
WARNING: 2 threads for alignment length 11 will slow down analysis
Optimizing NNI: done in 0.280182 secs using 98.32% CPU
WARNING: 2 threads for alignment length 12 will slow down analysis
Optimizing NNI: done in 0.375553 secs using 98.25% CPU
WARNING: 2 threads for alignment length 9 will slow down analysis
Optimizing NNI: done in 0.350824 secs using 99.03% CPU
WARNING: 2 threads for alignment length 10 will slow down analysis
Optimizing NNI: done in 0.0942158 secs using 100.8% CPU
WARNING: 2 threads for alignment length 9 will slow down analysis
Optimizing NNI: done in 0.437065 secs using 98.94% CPU
WARNING: 2 threads for alignment length 11 will slow down analysis
Optimizing NNI: done in 0.250475 secs using 99.41% CPU
WARNING: 2 threads for alignment length 10 will slow down analysis
Optimizing NNI: done in 0.58333 secs using 98.71% CPU
WARNING: 2 threads for alignment length 13 will slow down analysis
Optimizing NNI: done in 0.171677 secs using 99.87% CPU
WARNING: 2 threads for alignment length 9 will slow down analysis
Optimizing NNI: done in 0.525943 secs using 96.89% CPU
WARNING: 2 threads for alignment length 10 will slow down analysis
Optimizing NNI: done in 0.427921 secs using 98.83% CPU
WARNING: 2 threads for alignment length 11 will slow down analysis
Optimizing NNI: done in 0.609458 secs using 97.14% CPU
WARNING: 2 threads for alignment length 10 will slow down analysis
Optimizing NNI: done in 0.189265 secs using 99.71% CPU
WARNING: 2 threads for alignment length 10 will slow down analysis
Optimizing NNI: done in 0.393347 secs using 98.88% CPU
WARNING: 2 threads for alignment length 12 will slow down analysis
Optimizing NNI: done in 0.346686 secs using 98.95% CPU
WARNING: 2 threads for alignment length 13 will slow down analysis
Optimizing NNI: done in 0.521965 secs using 98.87% CPU
WARNING: 2 threads for alignment length 11 will slow down analysis
Optimizing NNI: done in 0.324446 secs using 99% CPU
WARNING: 2 threads for alignment length 9 will slow down analysis
Optimizing NNI: done in 0.152206 secs using 99.75% CPU
WARNING: 2 threads for alignment length 13 will slow down analysis
Optimizing NNI: done in 0.228031 secs using 99.28% CPU
WARNING: 2 threads for alignment length 10 will slow down analysis
Optimizing NNI: done in 0.379602 secs using 99.06% CPU
WARNING: 2 threads for alignment length 10 will slow down analysis
Optimizing NNI: done in 0.545252 secs using 98.78% CPU
WARNING: 2 threads for alignment length 13 will slow down analysis
Optimizing NNI: done in 0.421012 secs using 98.98% CPU
WARNING: 2 threads for alignment length 12 will slow down analysis
Optimizing NNI: done in 0.297914 secs using 99.4% CPU
WARNING: 2 threads for alignment length 11 will slow down analysis
Optimizing NNI: done in 0.225841 secs using 99.61% CPU
WARNING: 2 threads for alignment length 12 will slow down analysis
Optimizing NNI: done in 0.172294 secs using 99.98% CPU
WARNING: 2 threads for alignment length 11 will slow down analysis
Optimizing NNI: done in 0.33324 secs using 99.12% CPU
WARNING: 2 threads for alignment length 11 will slow down analysis
Optimizing NNI: done in 0.182611 secs using 99.9% CPU
WARNING: 2 threads for alignment length 11 will slow down analysis
Optimizing NNI: done in 0.478565 secs using 98.99% CPU
WARNING: 2 threads for alignment length 11 will slow down analysis
Optimizing NNI: done in 0.238565 secs using 99.5% CPU
WARNING: 2 threads for alignment length 13 will slow down analysis
Optimizing NNI: done in 0.635012 secs using 98.82% CPU
WARNING: 2 threads for alignment length 12 will slow down analysis
Optimizing NNI: done in 0.344288 secs using 99.11% CPU
WARNING: 2 threads for alignment length 11 will slow down analysis
Optimizing NNI: done in 0.521507 secs using 98.95% CPU
WARNING: 2 threads for alignment length 11 will slow down analysis
Optimizing NNI: done in 0.35606 secs using 99.12% CPU
WARNING: 2 threads for alignment length 12 will slow down analysis
Optimizing NNI: done in 0.0944571 secs using 100.8% CPU
WARNING: 2 threads for alignment length 11 will slow down analysis
Optimizing NNI: done in 0.603537 secs using 98.91% CPU
WARNING: 2 threads for alignment length 12 will slow down analysis
Optimizing NNI: done in 0.816729 secs using 98.79% CPU
WARNING: 2 threads for alignment length 10 will slow down analysis
Optimizing NNI: done in 0.508676 secs using 98.94% CPU
WARNING: 2 threads for alignment length 11 will slow down analysis
Optimizing NNI: done in 0.402236 secs using 99.09% CPU
WARNING: 2 threads for alignment length 11 will slow down analysis
Optimizing NNI: done in 0.356351 secs using 99.02% CPU
WARNING: 2 threads for alignment length 11 will slow down analysis
Optimizing NNI: done in 0.142297 secs using 99.87% CPU
WARNING: 2 threads for alignment length 10 will slow down analysis
Optimizing NNI: done in 1.06351 secs using 97.78% CPU
WARNING: 2 threads for alignment length 10 will slow down analysis
Optimizing NNI: done in 0.300128 secs using 99.3% CPU
WARNING: 2 threads for alignment length 9 will slow down analysis
Optimizing NNI: done in 0.392069 secs using 98.96% CPU
WARNING: 2 threads for alignment length 9 will slow down analysis
Optimizing NNI: done in 0.651418 secs using 98.75% CPU
WARNING: 2 threads for alignment length 10 will slow down analysis
Optimizing NNI: done in 0.168804 secs using 100% CPU
WARNING: 2 threads for alignment length 12 will slow down analysis
Optimizing NNI: done in 0.280994 secs using 99.38% CPU
WARNING: 2 threads for alignment length 10 will slow down analysis
Optimizing NNI: done in 0.335773 secs using 99.05% CPU
WARNING: 2 threads for alignment length 10 will slow down analysis
Optimizing NNI: done in 0.205935 secs using 99.46% CPU
WARNING: 2 threads for alignment length 11 will slow down analysis
Optimizing NNI: done in 0.20255 secs using 99.44% CPU
WARNING: 2 threads for alignment length 9 will slow down analysis
Optimizing NNI: done in 0.236469 secs using 99.32% CPU
WARNING: 2 threads for alignment length 11 will slow down analysis
Optimizing NNI: done in 0.461044 secs using 98.87% CPU
WARNING: 2 threads for alignment length 12 will slow down analysis
Optimizing NNI: done in 0.346058 secs using 99.09% CPU
WARNING: 2 threads for alignment length 10 will slow down analysis
Optimizing NNI: done in 0.54627 secs using 98.82% CPU
WARNING: 2 threads for alignment length 10 will slow down analysis
Optimizing NNI: done in 0.41783 secs using 99.05% CPU
WARNING: 2 threads for alignment length 8 will slow down analysis
Optimizing NNI: done in 0.203885 secs using 99.44% CPU
WARNING: 2 threads for alignment length 12 will slow down analysis
Optimizing NNI: done in 0.148315 secs using 100.2% CPU
WARNING: 2 threads for alignment length 14 will slow down analysis
Optimizing NNI: done in 0.196927 secs using 99.71% CPU
WARNING: 2 threads for alignment length 10 will slow down analysis
Optimizing NNI: done in 0.21229 secs using 99.67% CPU
WARNING: 2 threads for alignment length 12 will slow down analysis
Optimizing NNI: done in 0.212464 secs using 99.38% CPU
WARNING: 2 threads for alignment length 11 will slow down analysis
Optimizing NNI: done in 0.570689 secs using 98.79% CPU
WARNING: 2 threads for alignment length 9 will slow down analysis
Optimizing NNI: done in 0.319866 secs using 99.28% CPU
WARNING: 2 threads for alignment length 13 will slow down analysis
Optimizing NNI: done in 0.303188 secs using 99.26% CPU
WARNING: 2 threads for alignment length 11 will slow down analysis
Optimizing NNI: done in 0.851107 secs using 98.72% CPU
WARNING: 2 threads for alignment length 9 will slow down analysis
Optimizing NNI: done in 0.367986 secs using 99.18% CPU
WARNING: 2 threads for alignment length 10 will slow down analysis
Optimizing NNI: done in 0.53841 secs using 98.94% CPU
WARNING: 2 threads for alignment length 11 will slow down analysis
Optimizing NNI: done in 0.75946 secs using 98.79% CPU
WARNING: 2 threads for alignment length 11 will slow down analysis
Optimizing NNI: done in 0.288847 secs using 99.4% CPU
WARNING: 2 threads for alignment length 11 will slow down analysis
Optimizing NNI: done in 0.45094 secs using 98.89% CPU
WARNING: 2 threads for alignment length 10 will slow down analysis
Optimizing NNI: done in 0.276067 secs using 99.45% CPU
WARNING: 2 threads for alignment length 12 will slow down analysis
Optimizing NNI: done in 0.467518 secs using 99.02% CPU
WARNING: 2 threads for alignment length 11 will slow down analysis
Optimizing NNI: done in 0.22546 secs using 99.76% CPU
WARNING: 2 threads for alignment length 11 will slow down analysis
Optimizing NNI: done in 0.802254 secs using 98.73% CPU
WARNING: 2 threads for alignment length 10 will slow down analysis
Optimizing NNI: done in 0.679465 secs using 98.83% CPU
WARNING: 2 threads for alignment length 10 will slow down analysis
Optimizing NNI: done in 0.411888 secs using 99.08% CPU
WARNING: 2 threads for alignment length 8 will slow down analysis
Optimizing NNI: done in 0.465191 secs using 99.05% CPU
WARNING: 2 threads for alignment length 11 will slow down analysis
Optimizing NNI: done in 0.326797 secs using 99.12% CPU
WARNING: 2 threads for alignment length 12 will slow down analysis
Optimizing NNI: done in 0.554337 secs using 97.06% CPU
WARNING: 2 threads for alignment length 9 will slow down analysis
Optimizing NNI: done in 0.518496 secs using 98.85% CPU
WARNING: 2 threads for alignment length 9 will slow down analysis
Optimizing NNI: done in 0.255511 secs using 99.43% CPU
WARNING: 2 threads for alignment length 9 will slow down analysis
Optimizing NNI: done in 0.308754 secs using 99.48% CPU
WARNING: 2 threads for alignment length 13 will slow down analysis
Optimizing NNI: done in 0.253521 secs using 99.68% CPU
WARNING: 2 threads for alignment length 12 will slow down analysis
Optimizing NNI: done in 0.367635 secs using 99.17% CPU
WARNING: 2 threads for alignment length 11 will slow down analysis
Optimizing NNI: done in 0.247577 secs using 99.29% CPU
WARNING: 2 threads for alignment length 11 will slow down analysis
Optimizing NNI: done in 0.257016 secs using 99.51% CPU
WARNING: 2 threads for alignment length 9 will slow down analysis
Optimizing NNI: done in 0.274292 secs using 99.3% CPU
WARNING: 2 threads for alignment length 10 will slow down analysis
Optimizing NNI: done in 0.541026 secs using 98.95% CPU
WARNING: 2 threads for alignment length 11 will slow down analysis
Optimizing NNI: done in 0.284691 secs using 99.2% CPU
WARNING: 2 threads for alignment length 9 will slow down analysis
Optimizing NNI: done in 0.297531 secs using 99.33% CPU
WARNING: 2 threads for alignment length 12 will slow down analysis
Optimizing NNI: done in 0.906303 secs using 98.65% CPU
WARNING: 2 threads for alignment length 9 will slow down analysis
Optimizing NNI: done in 0.710154 secs using 98.76% CPU
WARNING: 2 threads for alignment length 12 will slow down analysis
Optimizing NNI: done in 0.170848 secs using 99.69% CPU
WARNING: 2 threads for alignment length 7 will slow down analysis
Optimizing NNI: done in 0.298218 secs using 99.15% CPU
WARNING: 2 threads for alignment length 11 will slow down analysis
Optimizing NNI: done in 0.26174 secs using 99.4% CPU
WARNING: 2 threads for alignment length 10 will slow down analysis
Optimizing NNI: done in 0.247545 secs using 95.26% CPU
WARNING: 2 threads for alignment length 10 will slow down analysis
Optimizing NNI: done in 0.263885 secs using 99.29% CPU
WARNING: 2 threads for alignment length 11 will slow down analysis
Optimizing NNI: done in 0.4738 secs using 99.02% CPU
WARNING: 2 threads for alignment length 11 will slow down analysis
Optimizing NNI: done in 0.419378 secs using 98.95% CPU
WARNING: 2 threads for alignment length 12 will slow down analysis
Optimizing NNI: done in 0.342489 secs using 99.22% CPU
100 samples done
WARNING: 2 threads for alignment length 12 will slow down analysis
Optimizing NNI: done in 0.154457 secs using 99.78% CPU
WARNING: 2 threads for alignment length 11 will slow down analysis
Optimizing NNI: done in 0.247378 secs using 99.51% CPU
WARNING: 2 threads for alignment length 13 will slow down analysis
Optimizing NNI: done in 0.24466 secs using 99.24% CPU
WARNING: 2 threads for alignment length 10 will slow down analysis
Optimizing NNI: done in 0.189872 secs using 99.66% CPU
WARNING: 2 threads for alignment length 13 will slow down analysis
Optimizing NNI: done in 0.197891 secs using 99.49% CPU
WARNING: 2 threads for alignment length 12 will slow down analysis
Optimizing NNI: done in 0.176226 secs using 99.63% CPU
WARNING: 2 threads for alignment length 12 will slow down analysis
Optimizing NNI: done in 0.23332 secs using 95.4% CPU
WARNING: 2 threads for alignment length 10 will slow down analysis
Optimizing NNI: done in 0.191357 secs using 99.81% CPU
WARNING: 2 threads for alignment length 11 will slow down analysis
Optimizing NNI: done in 0.398687 secs using 98.96% CPU
WARNING: 2 threads for alignment length 10 will slow down analysis
Optimizing NNI: done in 0.326056 secs using 99.07% CPU
WARNING: 2 threads for alignment length 10 will slow down analysis
Optimizing NNI: done in 0.67851 secs using 98.8% CPU
WARNING: 2 threads for alignment length 10 will slow down analysis
Optimizing NNI: done in 0.20051 secs using 99.87% CPU
WARNING: 2 threads for alignment length 13 will slow down analysis
Optimizing NNI: done in 0.180048 secs using 99.64% CPU
WARNING: 2 threads for alignment length 12 will slow down analysis
Optimizing NNI: done in 0.155514 secs using 100.1% CPU
WARNING: 2 threads for alignment length 11 will slow down analysis
Optimizing NNI: done in 0.334159 secs using 99.23% CPU
WARNING: 2 threads for alignment length 8 will slow down analysis
Optimizing NNI: done in 0.32635 secs using 99.22% CPU
WARNING: 2 threads for alignment length 12 will slow down analysis
Optimizing NNI: done in 0.419253 secs using 96.58% CPU
WARNING: 2 threads for alignment length 11 will slow down analysis
Optimizing NNI: done in 0.335625 secs using 99.04% CPU
WARNING: 2 threads for alignment length 10 will slow down analysis
Optimizing NNI: done in 0.225438 secs using 99.56% CPU
WARNING: 2 threads for alignment length 11 will slow down analysis
Optimizing NNI: done in 0.245117 secs using 99.48% CPU
WARNING: 2 threads for alignment length 13 will slow down analysis
Optimizing NNI: done in 0.28998 secs using 99.13% CPU
WARNING: 2 threads for alignment length 11 will slow down analysis
Optimizing NNI: done in 0.478777 secs using 98.86% CPU
WARNING: 2 threads for alignment length 11 will slow down analysis
Optimizing NNI: done in 0.274273 secs using 99.36% CPU
WARNING: 2 threads for alignment length 12 will slow down analysis
Optimizing NNI: done in 0.25957 secs using 99.21% CPU
WARNING: 2 threads for alignment length 9 will slow down analysis
Optimizing NNI: done in 0.28868 secs using 99.18% CPU
WARNING: 2 threads for alignment length 10 will slow down analysis
Optimizing NNI: done in 0.183258 secs using 99.9% CPU
WARNING: 2 threads for alignment length 12 will slow down analysis
Optimizing NNI: done in 0.332029 secs using 99.17% CPU
WARNING: 2 threads for alignment length 11 will slow down analysis
Optimizing NNI: done in 0.27319 secs using 99.37% CPU
WARNING: 2 threads for alignment length 15 will slow down analysis
Optimizing NNI: done in 0.19796 secs using 99.49% CPU
WARNING: 2 threads for alignment length 10 will slow down analysis
Optimizing NNI: done in 0.418416 secs using 98.97% CPU
WARNING: 2 threads for alignment length 11 will slow down analysis
Optimizing NNI: done in 0.195328 secs using 99.51% CPU
WARNING: 2 threads for alignment length 12 will slow down analysis
Optimizing NNI: done in 0.460089 secs using 98.85% CPU
WARNING: 2 threads for alignment length 10 will slow down analysis
Optimizing NNI: done in 0.558693 secs using 98.82% CPU
WARNING: 2 threads for alignment length 10 will slow down analysis
Optimizing NNI: done in 0.509348 secs using 98.82% CPU
WARNING: 2 threads for alignment length 11 will slow down analysis
Optimizing NNI: done in 0.43785 secs using 98.88% CPU
WARNING: 2 threads for alignment length 12 will slow down analysis
Optimizing NNI: done in 0.420258 secs using 98.9% CPU
WARNING: 2 threads for alignment length 11 will slow down analysis
Optimizing NNI: done in 0.532085 secs using 98.8% CPU
WARNING: 2 threads for alignment length 12 will slow down analysis
Optimizing NNI: done in 0.502553 secs using 98.82% CPU
WARNING: 2 threads for alignment length 10 will slow down analysis
Optimizing NNI: done in 0.666048 secs using 98.75% CPU
WARNING: 2 threads for alignment length 12 will slow down analysis
Optimizing NNI: done in 0.240265 secs using 99.3% CPU
WARNING: 2 threads for alignment length 9 will slow down analysis
Optimizing NNI: done in 0.277312 secs using 99.3% CPU
WARNING: 2 threads for alignment length 9 will slow down analysis
Optimizing NNI: done in 0.287158 secs using 99.33% CPU
WARNING: 2 threads for alignment length 12 will slow down analysis
Optimizing NNI: done in 0.262306 secs using 99.36% CPU
WARNING: 2 threads for alignment length 13 will slow down analysis
Optimizing NNI: done in 0.257847 secs using 99.24% CPU
WARNING: 2 threads for alignment length 11 will slow down analysis
Optimizing NNI: done in 0.252635 secs using 99.29% CPU
WARNING: 2 threads for alignment length 10 will slow down analysis
Optimizing NNI: done in 0.790719 secs using 98.7% CPU
WARNING: 2 threads for alignment length 12 will slow down analysis
Optimizing NNI: done in 0.415565 secs using 98.93% CPU
WARNING: 2 threads for alignment length 11 will slow down analysis
Optimizing NNI: done in 0.380509 secs using 98.95% CPU
WARNING: 2 threads for alignment length 12 will slow down analysis
Optimizing NNI: done in 0.208634 secs using 99.69% CPU
WARNING: 2 threads for alignment length 11 will slow down analysis
Optimizing NNI: done in 0.0953636 secs using 100.5% CPU
WARNING: 2 threads for alignment length 10 will slow down analysis
Optimizing NNI: done in 0.155671 secs using 99.71% CPU
WARNING: 2 threads for alignment length 10 will slow down analysis
Optimizing NNI: done in 0.392723 secs using 99% CPU
WARNING: 2 threads for alignment length 12 will slow down analysis
Optimizing NNI: done in 0.302632 secs using 99.26% CPU
WARNING: 2 threads for alignment length 7 will slow down analysis
Optimizing NNI: done in 0.676408 secs using 98.79% CPU
WARNING: 2 threads for alignment length 10 will slow down analysis
Optimizing NNI: done in 0.226781 secs using 99.36% CPU
WARNING: 2 threads for alignment length 8 will slow down analysis
Optimizing NNI: done in 0.279172 secs using 99.23% CPU
WARNING: 2 threads for alignment length 11 will slow down analysis
Optimizing NNI: done in 0.281231 secs using 99.39% CPU
WARNING: 2 threads for alignment length 12 will slow down analysis
Optimizing NNI: done in 0.275017 secs using 99.2% CPU
WARNING: 2 threads for alignment length 11 will slow down analysis
Optimizing NNI: done in 0.57478 secs using 98.91% CPU
WARNING: 2 threads for alignment length 10 will slow down analysis
Optimizing NNI: done in 0.343196 secs using 99.06% CPU
WARNING: 2 threads for alignment length 12 will slow down analysis
Optimizing NNI: done in 0.210948 secs using 99.44% CPU
WARNING: 2 threads for alignment length 10 will slow down analysis
Optimizing NNI: done in 0.176896 secs using 99.8% CPU
WARNING: 2 threads for alignment length 12 will slow down analysis
Optimizing NNI: done in 0.33161 secs using 99.08% CPU
WARNING: 2 threads for alignment length 9 will slow down analysis
Optimizing NNI: done in 0.557979 secs using 98.94% CPU
WARNING: 2 threads for alignment length 11 will slow down analysis
Optimizing NNI: done in 0.198943 secs using 99.5% CPU
WARNING: 2 threads for alignment length 12 will slow down analysis
Optimizing NNI: done in 0.395876 secs using 98.96% CPU
WARNING: 2 threads for alignment length 10 will slow down analysis
Optimizing NNI: done in 0.808351 secs using 98.77% CPU
WARNING: 2 threads for alignment length 9 will slow down analysis
Optimizing NNI: done in 0.359033 secs using 99.17% CPU
WARNING: 2 threads for alignment length 12 will slow down analysis
Optimizing NNI: done in 0.241245 secs using 99.51% CPU
WARNING: 2 threads for alignment length 12 will slow down analysis
Optimizing NNI: done in 0.240745 secs using 99.52% CPU
WARNING: 2 threads for alignment length 10 will slow down analysis
Optimizing NNI: done in 0.456256 secs using 99.01% CPU
WARNING: 2 threads for alignment length 10 will slow down analysis
Optimizing NNI: done in 0.235166 secs using 99.34% CPU
WARNING: 2 threads for alignment length 8 will slow down analysis
Optimizing NNI: done in 0.389666 secs using 99.12% CPU
WARNING: 2 threads for alignment length 10 will slow down analysis
Optimizing NNI: done in 0.16744 secs using 99.71% CPU
WARNING: 2 threads for alignment length 11 will slow down analysis
Optimizing NNI: done in 0.188464 secs using 99.57% CPU
WARNING: 2 threads for alignment length 9 will slow down analysis
Optimizing NNI: done in 0.276393 secs using 99.37% CPU
WARNING: 2 threads for alignment length 11 will slow down analysis
Optimizing NNI: done in 0.370835 secs using 98.96% CPU
WARNING: 2 threads for alignment length 12 will slow down analysis
Optimizing NNI: done in 0.223951 secs using 99.59% CPU
WARNING: 2 threads for alignment length 10 will slow down analysis
Optimizing NNI: done in 0.354248 secs using 99.06% CPU
WARNING: 2 threads for alignment length 9 will slow down analysis
Optimizing NNI: done in 0.822527 secs using 98.7% CPU
WARNING: 2 threads for alignment length 12 will slow down analysis
Optimizing NNI: done in 0.264082 secs using 99.39% CPU
WARNING: 2 threads for alignment length 11 will slow down analysis
Optimizing NNI: done in 0.382102 secs using 98.97% CPU
WARNING: 2 threads for alignment length 10 will slow down analysis
Optimizing NNI: done in 0.372663 secs using 98.96% CPU
WARNING: 2 threads for alignment length 12 will slow down analysis
Optimizing NNI: done in 0.284387 secs using 99.18% CPU
WARNING: 2 threads for alignment length 10 will slow down analysis
Optimizing NNI: done in 0.224613 secs using 99.58% CPU
WARNING: 2 threads for alignment length 11 will slow down analysis
Optimizing NNI: done in 0.224517 secs using 99.35% CPU
WARNING: 2 threads for alignment length 12 will slow down analysis
Optimizing NNI: done in 0.157245 secs using 100.1% CPU
WARNING: 2 threads for alignment length 12 will slow down analysis
Optimizing NNI: done in 0.168728 secs using 99.68% CPU
WARNING: 2 threads for alignment length 9 will slow down analysis
Optimizing NNI: done in 0.382258 secs using 99.05% CPU
WARNING: 2 threads for alignment length 10 will slow down analysis
Optimizing NNI: done in 0.275056 secs using 99.43% CPU
WARNING: 2 threads for alignment length 11 will slow down analysis
Optimizing NNI: done in 0.423697 secs using 99.06% CPU
WARNING: 2 threads for alignment length 11 will slow down analysis
Optimizing NNI: done in 0.821079 secs using 98.63% CPU
WARNING: 2 threads for alignment length 13 will slow down analysis
Optimizing NNI: done in 0.265176 secs using 95.76% CPU
WARNING: 2 threads for alignment length 11 will slow down analysis
Optimizing NNI: done in 0.720592 secs using 98.65% CPU
WARNING: 2 threads for alignment length 10 will slow down analysis
Optimizing NNI: done in 0.561447 secs using 98.83% CPU
WARNING: 2 threads for alignment length 11 will slow down analysis
Optimizing NNI: done in 0.26242 secs using 99.16% CPU
WARNING: 2 threads for alignment length 11 will slow down analysis
Optimizing NNI: done in 0.484409 secs using 98.88% CPU
WARNING: 2 threads for alignment length 11 will slow down analysis
Optimizing NNI: done in 0.465018 secs using 98.9% CPU
WARNING: 2 threads for alignment length 11 will slow down analysis
Optimizing NNI: done in 0.116529 secs using 100.2% CPU
WARNING: 2 threads for alignment length 12 will slow down analysis
Optimizing NNI: done in 0.236523 secs using 99.27% CPU
200 samples done
WARNING: 2 threads for alignment length 9 will slow down analysis
Optimizing NNI: done in 0.314756 secs using 99.04% CPU
WARNING: 2 threads for alignment length 13 will slow down analysis
Optimizing NNI: done in 0.155544 secs using 100% CPU
WARNING: 2 threads for alignment length 8 will slow down analysis
Optimizing NNI: done in 0.499699 secs using 98.87% CPU
WARNING: 2 threads for alignment length 10 will slow down analysis
Optimizing NNI: done in 0.287375 secs using 99.26% CPU
WARNING: 2 threads for alignment length 12 will slow down analysis
Optimizing NNI: done in 0.342792 secs using 99.1% CPU
WARNING: 2 threads for alignment length 12 will slow down analysis
Optimizing NNI: done in 0.447811 secs using 98.95% CPU
WARNING: 2 threads for alignment length 11 will slow down analysis
Optimizing NNI: done in 0.259343 secs using 99.2% CPU
WARNING: 2 threads for alignment length 9 will slow down analysis
Optimizing NNI: done in 0.273945 secs using 99.2% CPU
WARNING: 2 threads for alignment length 13 will slow down analysis
Optimizing NNI: done in 0.468218 secs using 98.85% CPU
WARNING: 2 threads for alignment length 11 will slow down analysis
Optimizing NNI: done in 0.345396 secs using 99% CPU
WARNING: 2 threads for alignment length 10 will slow down analysis
Optimizing NNI: done in 0.208578 secs using 99.48% CPU
WARNING: 2 threads for alignment length 11 will slow down analysis
Optimizing NNI: done in 0.455396 secs using 98.96% CPU
WARNING: 2 threads for alignment length 9 will slow down analysis
Optimizing NNI: done in 0.805219 secs using 98.74% CPU
WARNING: 2 threads for alignment length 12 will slow down analysis
Optimizing NNI: done in 0.244437 secs using 99.54% CPU
WARNING: 2 threads for alignment length 10 will slow down analysis
Optimizing NNI: done in 0.368819 secs using 99.12% CPU
WARNING: 2 threads for alignment length 13 will slow down analysis
Optimizing NNI: done in 0.643656 secs using 98.79% CPU
WARNING: 2 threads for alignment length 10 will slow down analysis
Optimizing NNI: done in 0.292923 secs using 99.07% CPU
WARNING: 2 threads for alignment length 9 will slow down analysis
Optimizing NNI: done in 0.839588 secs using 98.73% CPU
WARNING: 2 threads for alignment length 11 will slow down analysis
Optimizing NNI: done in 0.214237 secs using 99.32% CPU
WARNING: 2 threads for alignment length 10 will slow down analysis
Optimizing NNI: done in 0.187952 secs using 99.6% CPU
WARNING: 2 threads for alignment length 10 will slow down analysis
Optimizing NNI: done in 0.350612 secs using 99.08% CPU
WARNING: 2 threads for alignment length 12 will slow down analysis
Optimizing NNI: done in 0.170908 secs using 99.37% CPU
WARNING: 2 threads for alignment length 10 will slow down analysis
Optimizing NNI: done in 0.245092 secs using 99.05% CPU
WARNING: 2 threads for alignment length 12 will slow down analysis
Optimizing NNI: done in 0.127731 secs using 99.66% CPU
WARNING: 2 threads for alignment length 12 will slow down analysis
Optimizing NNI: done in 0.122531 secs using 99.65% CPU
WARNING: 2 threads for alignment length 9 will slow down analysis
Optimizing NNI: done in 0.231295 secs using 99.01% CPU
WARNING: 2 threads for alignment length 11 will slow down analysis
Optimizing NNI: done in 0.186878 secs using 99.17% CPU
WARNING: 2 threads for alignment length 11 will slow down analysis
Optimizing NNI: done in 0.134373 secs using 99.75% CPU
WARNING: 2 threads for alignment length 11 will slow down analysis
Optimizing NNI: done in 0.159767 secs using 99.26% CPU
WARNING: 2 threads for alignment length 11 will slow down analysis
Optimizing NNI: done in 0.194415 secs using 99.08% CPU
WARNING: 2 threads for alignment length 11 will slow down analysis
Optimizing NNI: done in 0.0924045 secs using 99.8% CPU
WARNING: 2 threads for alignment length 10 will slow down analysis
Optimizing NNI: done in 0.266098 secs using 98.89% CPU
WARNING: 2 threads for alignment length 10 will slow down analysis
Optimizing NNI: done in 0.31692 secs using 98.83% CPU
WARNING: 2 threads for alignment length 11 will slow down analysis
Optimizing NNI: done in 0.0874746 secs using 100% CPU
WARNING: 2 threads for alignment length 14 will slow down analysis
Optimizing NNI: done in 0.121447 secs using 99.52% CPU
WARNING: 2 threads for alignment length 10 will slow down analysis
Optimizing NNI: done in 0.156145 secs using 99.28% CPU
WARNING: 2 threads for alignment length 12 will slow down analysis
Optimizing NNI: done in 0.207571 secs using 99.02% CPU
WARNING: 2 threads for alignment length 11 will slow down analysis
Optimizing NNI: done in 0.275435 secs using 98.88% CPU
WARNING: 2 threads for alignment length 11 will slow down analysis
Optimizing NNI: done in 0.245192 secs using 99.03% CPU
WARNING: 2 threads for alignment length 11 will slow down analysis
Optimizing NNI: done in 0.242685 secs using 98.98% CPU
WARNING: 2 threads for alignment length 13 will slow down analysis
Optimizing NNI: done in 0.14232 secs using 99.36% CPU
WARNING: 2 threads for alignment length 10 will slow down analysis
Optimizing NNI: done in 0.174401 secs using 99.14% CPU
WARNING: 2 threads for alignment length 8 will slow down analysis
Optimizing NNI: done in 0.256566 secs using 98.91% CPU
WARNING: 2 threads for alignment length 11 will slow down analysis
Optimizing NNI: done in 0.0611297 secs using 100.5% CPU
WARNING: 2 threads for alignment length 12 will slow down analysis
Optimizing NNI: done in 0.128893 secs using 99.46% CPU
WARNING: 2 threads for alignment length 10 will slow down analysis
Optimizing NNI: done in 0.205939 secs using 99.06% CPU
WARNING: 2 threads for alignment length 12 will slow down analysis
Optimizing NNI: done in 0.164983 secs using 99.13% CPU
WARNING: 2 threads for alignment length 12 will slow down analysis
Optimizing NNI: done in 0.142513 secs using 99.32% CPU
WARNING: 2 threads for alignment length 13 will slow down analysis
Optimizing NNI: done in 0.145541 secs using 99.19% CPU
WARNING: 2 threads for alignment length 10 will slow down analysis
Optimizing NNI: done in 0.211761 secs using 98.96% CPU
WARNING: 2 threads for alignment length 12 will slow down analysis
Optimizing NNI: done in 0.0836437 secs using 100.2% CPU
WARNING: 2 threads for alignment length 11 will slow down analysis
Optimizing NNI: done in 0.174391 secs using 99.14% CPU
WARNING: 2 threads for alignment length 9 will slow down analysis
Optimizing NNI: done in 0.364715 secs using 98.72% CPU
WARNING: 2 threads for alignment length 11 will slow down analysis
Optimizing NNI: done in 0.120851 secs using 99.4% CPU
WARNING: 2 threads for alignment length 10 will slow down analysis
Optimizing NNI: done in 0.179496 secs using 98.02% CPU
WARNING: 2 threads for alignment length 11 will slow down analysis
Optimizing NNI: done in 0.140835 secs using 99.31% CPU
WARNING: 2 threads for alignment length 9 will slow down analysis
Optimizing NNI: done in 0.0919237 secs using 99.74% CPU
WARNING: 2 threads for alignment length 12 will slow down analysis
Optimizing NNI: done in 0.104443 secs using 99.66% CPU
WARNING: 2 threads for alignment length 12 will slow down analysis
Optimizing NNI: done in 0.0953622 secs using 99.75% CPU
WARNING: 2 threads for alignment length 9 will slow down analysis
Optimizing NNI: done in 0.234707 secs using 99.01% CPU
WARNING: 2 threads for alignment length 10 will slow down analysis
Optimizing NNI: done in 0.253071 secs using 98.9% CPU
WARNING: 2 threads for alignment length 9 will slow down analysis
Optimizing NNI: done in 0.174421 secs using 99.14% CPU
WARNING: 2 threads for alignment length 12 will slow down analysis
Optimizing NNI: done in 0.190093 secs using 99.1% CPU
WARNING: 2 threads for alignment length 12 will slow down analysis
Optimizing NNI: done in 0.12403 secs using 99.47% CPU
WARNING: 2 threads for alignment length 11 will slow down analysis
Optimizing NNI: done in 0.180846 secs using 99.11% CPU
WARNING: 2 threads for alignment length 11 will slow down analysis
Optimizing NNI: done in 0.164781 secs using 99.18% CPU
WARNING: 2 threads for alignment length 8 will slow down analysis
Optimizing NNI: done in 0.212238 secs using 99.06% CPU
WARNING: 2 threads for alignment length 11 will slow down analysis
Optimizing NNI: done in 0.229468 secs using 98.98% CPU
WARNING: 2 threads for alignment length 12 will slow down analysis
Optimizing NNI: done in 0.0944886 secs using 100.2% CPU
WARNING: 2 threads for alignment length 13 will slow down analysis
Optimizing NNI: done in 0.199488 secs using 99.07% CPU
WARNING: 2 threads for alignment length 10 will slow down analysis
Optimizing NNI: done in 0.166567 secs using 99.15% CPU
WARNING: 2 threads for alignment length 11 will slow down analysis
Optimizing NNI: done in 0.171416 secs using 99.14% CPU
WARNING: 2 threads for alignment length 10 will slow down analysis
Optimizing NNI: done in 0.242788 secs using 99.08% CPU
WARNING: 2 threads for alignment length 12 will slow down analysis
Optimizing NNI: done in 0.131982 secs using 99.68% CPU
WARNING: 2 threads for alignment length 10 will slow down analysis
Optimizing NNI: done in 0.184857 secs using 99.24% CPU
WARNING: 2 threads for alignment length 12 will slow down analysis
Optimizing NNI: done in 0.203769 secs using 99.1% CPU
WARNING: 2 threads for alignment length 10 will slow down analysis
Optimizing NNI: done in 0.207339 secs using 99.05% CPU
WARNING: 2 threads for alignment length 9 will slow down analysis
Optimizing NNI: done in 0.185652 secs using 99.29% CPU
WARNING: 2 threads for alignment length 10 will slow down analysis
Optimizing NNI: done in 0.424809 secs using 98.94% CPU
WARNING: 2 threads for alignment length 11 will slow down analysis
Optimizing NNI: done in 0.125939 secs using 100.1% CPU
WARNING: 2 threads for alignment length 8 will slow down analysis
Optimizing NNI: done in 0.128644 secs using 99.58% CPU
WARNING: 2 threads for alignment length 11 will slow down analysis
Optimizing NNI: done in 0.0868854 secs using 100.1% CPU
WARNING: 2 threads for alignment length 11 will slow down analysis
Optimizing NNI: done in 0.116801 secs using 99.48% CPU
WARNING: 2 threads for alignment length 10 will slow down analysis
Optimizing NNI: done in 0.155821 secs using 99.27% CPU
WARNING: 2 threads for alignment length 9 will slow down analysis
Optimizing NNI: done in 0.184323 secs using 99.12% CPU
WARNING: 2 threads for alignment length 12 will slow down analysis
Optimizing NNI: done in 0.167051 secs using 99.19% CPU
WARNING: 2 threads for alignment length 11 will slow down analysis
Optimizing NNI: done in 0.21067 secs using 99.06% CPU
WARNING: 2 threads for alignment length 9 will slow down analysis
Optimizing NNI: done in 0.281472 secs using 95.43% CPU
WARNING: 2 threads for alignment length 11 will slow down analysis
Optimizing NNI: done in 0.1381 secs using 99.41% CPU
WARNING: 2 threads for alignment length 13 will slow down analysis
Optimizing NNI: done in 0.126218 secs using 99.48% CPU
WARNING: 2 threads for alignment length 11 will slow down analysis
Optimizing NNI: done in 0.159766 secs using 99.33% CPU
WARNING: 2 threads for alignment length 12 will slow down analysis
Optimizing NNI: done in 0.159249 secs using 99.28% CPU
WARNING: 2 threads for alignment length 9 will slow down analysis
Optimizing NNI: done in 0.350008 secs using 98.77% CPU
WARNING: 2 threads for alignment length 13 will slow down analysis
Optimizing NNI: done in 0.15365 secs using 99.21% CPU
WARNING: 2 threads for alignment length 10 will slow down analysis
Optimizing NNI: done in 0.158808 secs using 99.23% CPU
WARNING: 2 threads for alignment length 12 will slow down analysis
Optimizing NNI: done in 0.196502 secs using 99.08% CPU
WARNING: 2 threads for alignment length 10 will slow down analysis
Optimizing NNI: done in 0.272905 secs using 98.9% CPU
WARNING: 2 threads for alignment length 10 will slow down analysis
Optimizing NNI: done in 0.106966 secs using 99.69% CPU
WARNING: 2 threads for alignment length 10 will slow down analysis
Optimizing NNI: done in 0.412325 secs using 98.75% CPU
WARNING: 2 threads for alignment length 12 will slow down analysis
Optimizing NNI: done in 0.189757 secs using 99.09% CPU
300 samples done
WARNING: 2 threads for alignment length 11 will slow down analysis
Optimizing NNI: done in 0.0985163 secs using 99.67% CPU
WARNING: 2 threads for alignment length 11 will slow down analysis
Optimizing NNI: done in 0.335904 secs using 98.99% CPU
WARNING: 2 threads for alignment length 9 will slow down analysis
Optimizing NNI: done in 0.350586 secs using 98.38% CPU
WARNING: 2 threads for alignment length 10 will slow down analysis
Optimizing NNI: done in 0.26448 secs using 99.09% CPU
WARNING: 2 threads for alignment length 10 will slow down analysis
Optimizing NNI: done in 0.19725 secs using 99.24% CPU
WARNING: 2 threads for alignment length 13 will slow down analysis
Optimizing NNI: done in 0.33971 secs using 98.89% CPU
WARNING: 2 threads for alignment length 10 will slow down analysis
Optimizing NNI: done in 0.3551 secs using 98.81% CPU
WARNING: 2 threads for alignment length 12 will slow down analysis
Optimizing NNI: done in 0.293452 secs using 98.91% CPU
WARNING: 2 threads for alignment length 12 will slow down analysis
Optimizing NNI: done in 0.273843 secs using 98.95% CPU
WARNING: 2 threads for alignment length 8 will slow down analysis
Optimizing NNI: done in 0.0985485 secs using 99.94% CPU
WARNING: 2 threads for alignment length 11 will slow down analysis
Optimizing NNI: done in 0.138094 secs using 99.46% CPU
WARNING: 2 threads for alignment length 11 will slow down analysis
Optimizing NNI: done in 0.140595 secs using 92.44% CPU
WARNING: 2 threads for alignment length 10 will slow down analysis
Optimizing NNI: done in 0.106895 secs using 100.1% CPU
WARNING: 2 threads for alignment length 11 will slow down analysis
Optimizing NNI: done in 0.350066 secs using 96.02% CPU
WARNING: 2 threads for alignment length 13 will slow down analysis
Optimizing NNI: done in 0.178762 secs using 99.28% CPU
WARNING: 2 threads for alignment length 9 will slow down analysis
Optimizing NNI: done in 0.312223 secs using 98.99% CPU
WARNING: 2 threads for alignment length 9 will slow down analysis
Optimizing NNI: done in 0.310191 secs using 98.94% CPU
WARNING: 2 threads for alignment length 11 will slow down analysis
Optimizing NNI: done in 0.256344 secs using 99.01% CPU
WARNING: 2 threads for alignment length 12 will slow down analysis
Optimizing NNI: done in 0.332834 secs using 98.86% CPU
WARNING: 2 threads for alignment length 12 will slow down analysis
Optimizing NNI: done in 0.331609 secs using 98.84% CPU
WARNING: 2 threads for alignment length 12 will slow down analysis
Optimizing NNI: done in 0.18177 secs using 99.23% CPU
WARNING: 2 threads for alignment length 12 will slow down analysis
Optimizing NNI: done in 0.119034 secs using 99.56% CPU
WARNING: 2 threads for alignment length 11 will slow down analysis
Optimizing NNI: done in 0.213906 secs using 94.78% CPU
WARNING: 2 threads for alignment length 10 will slow down analysis
Optimizing NNI: done in 0.0976158 secs using 100% CPU
WARNING: 2 threads for alignment length 11 will slow down analysis
Optimizing NNI: done in 0.195546 secs using 99.35% CPU
WARNING: 2 threads for alignment length 12 will slow down analysis
Optimizing NNI: done in 0.147294 secs using 99.35% CPU
WARNING: 2 threads for alignment length 11 will slow down analysis
Optimizing NNI: done in 0.0871972 secs using 100.1% CPU
WARNING: 2 threads for alignment length 12 will slow down analysis
Optimizing NNI: done in 0.334551 secs using 98.94% CPU
WARNING: 2 threads for alignment length 13 will slow down analysis
Optimizing NNI: done in 0.0991161 secs using 99.93% CPU
WARNING: 2 threads for alignment length 10 will slow down analysis
Optimizing NNI: done in 0.262614 secs using 98.98% CPU
WARNING: 2 threads for alignment length 12 will slow down analysis
Optimizing NNI: done in 0.199997 secs using 99.21% CPU
WARNING: 2 threads for alignment length 12 will slow down analysis
Optimizing NNI: done in 0.12976 secs using 99.69% CPU
WARNING: 2 threads for alignment length 12 will slow down analysis
Optimizing NNI: done in 0.161282 secs using 99.42% CPU
WARNING: 2 threads for alignment length 11 will slow down analysis
Optimizing NNI: done in 0.213566 secs using 99.19% CPU
WARNING: 2 threads for alignment length 11 will slow down analysis
Optimizing NNI: done in 0.10882 secs using 99.98% CPU
WARNING: 2 threads for alignment length 14 will slow down analysis
Optimizing NNI: done in 0.152026 secs using 99.53% CPU
WARNING: 2 threads for alignment length 8 will slow down analysis
Optimizing NNI: done in 0.256396 secs using 99.03% CPU
WARNING: 2 threads for alignment length 12 will slow down analysis
Optimizing NNI: done in 0.211061 secs using 99.15% CPU
WARNING: 2 threads for alignment length 9 will slow down analysis
Optimizing NNI: done in 0.246648 secs using 99.04% CPU
WARNING: 2 threads for alignment length 11 will slow down analysis
Optimizing NNI: done in 0.232757 secs using 95.13% CPU
WARNING: 2 threads for alignment length 12 will slow down analysis
Optimizing NNI: done in 0.147918 secs using 99.49% CPU
WARNING: 2 threads for alignment length 9 will slow down analysis
Optimizing NNI: done in 0.300236 secs using 98.92% CPU
WARNING: 2 threads for alignment length 9 will slow down analysis
Optimizing NNI: done in 0.211695 secs using 99.12% CPU
WARNING: 2 threads for alignment length 11 will slow down analysis
Optimizing NNI: done in 0.435448 secs using 98.78% CPU
WARNING: 2 threads for alignment length 10 will slow down analysis
Optimizing NNI: done in 0.690459 secs using 98.63% CPU
WARNING: 2 threads for alignment length 10 will slow down analysis
Optimizing NNI: done in 0.443821 secs using 98.81% CPU
WARNING: 2 threads for alignment length 11 will slow down analysis
Optimizing NNI: done in 0.225564 secs using 99.19% CPU
WARNING: 2 threads for alignment length 13 will slow down analysis
Optimizing NNI: done in 0.172438 secs using 99.66% CPU
WARNING: 2 threads for alignment length 10 will slow down analysis
Optimizing NNI: done in 0.234195 secs using 99.16% CPU
WARNING: 2 threads for alignment length 13 will slow down analysis
Optimizing NNI: done in 0.0630697 secs using 100.9% CPU
WARNING: 2 threads for alignment length 10 will slow down analysis
Optimizing NNI: done in 0.243555 secs using 99.09% CPU
WARNING: 2 threads for alignment length 11 will slow down analysis
Optimizing NNI: done in 0.190867 secs using 99.21% CPU
WARNING: 2 threads for alignment length 11 will slow down analysis
Optimizing NNI: done in 0.177909 secs using 99.37% CPU
WARNING: 2 threads for alignment length 11 will slow down analysis
Optimizing NNI: done in 0.42713 secs using 98.78% CPU
WARNING: 2 threads for alignment length 10 will slow down analysis
Optimizing NNI: done in 0.208565 secs using 99.12% CPU
WARNING: 2 threads for alignment length 12 will slow down analysis
Optimizing NNI: done in 0.203844 secs using 99.16% CPU
WARNING: 2 threads for alignment length 10 will slow down analysis
Optimizing NNI: done in 0.217808 secs using 99.14% CPU
WARNING: 2 threads for alignment length 12 will slow down analysis
Optimizing NNI: done in 0.137145 secs using 99.58% CPU
WARNING: 2 threads for alignment length 12 will slow down analysis
Optimizing NNI: done in 0.11807 secs using 99.78% CPU
WARNING: 2 threads for alignment length 10 will slow down analysis
Optimizing NNI: done in 0.244005 secs using 99.13% CPU
WARNING: 2 threads for alignment length 10 will slow down analysis
Optimizing NNI: done in 0.452312 secs using 96.57% CPU
WARNING: 2 threads for alignment length 12 will slow down analysis
Optimizing NNI: done in 0.16883 secs using 99.32% CPU
WARNING: 2 threads for alignment length 11 will slow down analysis
Optimizing NNI: done in 0.237283 secs using 99.09% CPU
WARNING: 2 threads for alignment length 11 will slow down analysis
Optimizing NNI: done in 0.264813 secs using 95.32% CPU
WARNING: 2 threads for alignment length 10 will slow down analysis
Optimizing NNI: done in 0.113502 secs using 99.78% CPU
WARNING: 2 threads for alignment length 8 will slow down analysis
Optimizing NNI: done in 0.201532 secs using 99.2% CPU
WARNING: 2 threads for alignment length 13 will slow down analysis
Optimizing NNI: done in 0.214728 secs using 99.21% CPU
WARNING: 2 threads for alignment length 12 will slow down analysis
Optimizing NNI: done in 0.137402 secs using 99.53% CPU
WARNING: 2 threads for alignment length 12 will slow down analysis
Optimizing NNI: done in 0.250497 secs using 99% CPU
WARNING: 2 threads for alignment length 12 will slow down analysis
Optimizing NNI: done in 0.161153 secs using 99.36% CPU
WARNING: 2 threads for alignment length 11 will slow down analysis
Optimizing NNI: done in 0.210463 secs using 99.3% CPU
WARNING: 2 threads for alignment length 10 will slow down analysis
Optimizing NNI: done in 0.100766 secs using 100% CPU
WARNING: 2 threads for alignment length 9 will slow down analysis
Optimizing NNI: done in 0.436622 secs using 98.74% CPU
WARNING: 2 threads for alignment length 14 will slow down analysis
Optimizing NNI: done in 0.129948 secs using 99.59% CPU
WARNING: 2 threads for alignment length 12 will slow down analysis
Optimizing NNI: done in 0.190012 secs using 99.51% CPU
WARNING: 2 threads for alignment length 10 will slow down analysis
Optimizing NNI: done in 0.171023 secs using 99.42% CPU
WARNING: 2 threads for alignment length 10 will slow down analysis
Optimizing NNI: done in 0.324134 secs using 98.92% CPU
WARNING: 2 threads for alignment length 13 will slow down analysis
Optimizing NNI: done in 0.247419 secs using 99.14% CPU
WARNING: 2 threads for alignment length 11 will slow down analysis
Optimizing NNI: done in 0.315611 secs using 98.97% CPU
WARNING: 2 threads for alignment length 11 will slow down analysis
Optimizing NNI: done in 0.231142 secs using 99.18% CPU
WARNING: 2 threads for alignment length 12 will slow down analysis
Optimizing NNI: done in 0.585946 secs using 98.71% CPU
WARNING: 2 threads for alignment length 11 will slow down analysis
Optimizing NNI: done in 0.238907 secs using 99.13% CPU
WARNING: 2 threads for alignment length 11 will slow down analysis
Optimizing NNI: done in 0.238675 secs using 99.08% CPU
WARNING: 2 threads for alignment length 14 will slow down analysis
Optimizing NNI: done in 0.278331 secs using 99.04% CPU
WARNING: 2 threads for alignment length 12 will slow down analysis
Optimizing NNI: done in 0.138755 secs using 99.65% CPU
WARNING: 2 threads for alignment length 12 will slow down analysis
Optimizing NNI: done in 0.258758 secs using 99.06% CPU
WARNING: 2 threads for alignment length 11 will slow down analysis
Optimizing NNI: done in 0.19899 secs using 99.26% CPU
WARNING: 2 threads for alignment length 12 will slow down analysis
Optimizing NNI: done in 0.130816 secs using 92.31% CPU
WARNING: 2 threads for alignment length 14 will slow down analysis
Optimizing NNI: done in 0.166278 secs using 99.57% CPU
WARNING: 2 threads for alignment length 12 will slow down analysis
Optimizing NNI: done in 0.209689 secs using 99.22% CPU
WARNING: 2 threads for alignment length 12 will slow down analysis
Optimizing NNI: done in 0.218808 secs using 99.18% CPU
WARNING: 2 threads for alignment length 12 will slow down analysis
Optimizing NNI: done in 0.256935 secs using 99.06% CPU
WARNING: 2 threads for alignment length 11 will slow down analysis
Optimizing NNI: done in 0.155693 secs using 99.66% CPU
WARNING: 2 threads for alignment length 12 will slow down analysis
Optimizing NNI: done in 0.14896 secs using 99.54% CPU
WARNING: 2 threads for alignment length 12 will slow down analysis
Optimizing NNI: done in 0.356714 secs using 98.84% CPU
WARNING: 2 threads for alignment length 11 will slow down analysis
Optimizing NNI: done in 0.0784676 secs using 100.9% CPU
WARNING: 2 threads for alignment length 11 will slow down analysis
Optimizing NNI: done in 0.298573 secs using 98.95% CPU
WARNING: 2 threads for alignment length 11 will slow down analysis
Optimizing NNI: done in 0.36268 secs using 98.85% CPU
WARNING: 2 threads for alignment length 11 will slow down analysis
Optimizing NNI: done in 0.420902 secs using 98.79% CPU
WARNING: 2 threads for alignment length 9 will slow down analysis
Optimizing NNI: done in 0.153776 secs using 99.45% CPU
400 samples done
WARNING: 2 threads for alignment length 12 will slow down analysis
Optimizing NNI: done in 0.337341 secs using 98.87% CPU
WARNING: 2 threads for alignment length 10 will slow down analysis
Optimizing NNI: done in 0.332179 secs using 98.9% CPU
WARNING: 2 threads for alignment length 14 will slow down analysis
Optimizing NNI: done in 0.19166 secs using 99.26% CPU
WARNING: 2 threads for alignment length 9 will slow down analysis
Optimizing NNI: done in 0.326511 secs using 98.91% CPU
WARNING: 2 threads for alignment length 9 will slow down analysis
Optimizing NNI: done in 0.376071 secs using 98.82% CPU
WARNING: 2 threads for alignment length 11 will slow down analysis
Optimizing NNI: done in 0.232948 secs using 99.12% CPU
WARNING: 2 threads for alignment length 10 will slow down analysis
Optimizing NNI: done in 0.489967 secs using 98.71% CPU
WARNING: 2 threads for alignment length 12 will slow down analysis
Optimizing NNI: done in 0.222271 secs using 99.22% CPU
WARNING: 2 threads for alignment length 11 will slow down analysis
Optimizing NNI: done in 0.18467 secs using 99.29% CPU
WARNING: 2 threads for alignment length 12 will slow down analysis
Optimizing NNI: done in 0.12723 secs using 99.72% CPU
WARNING: 2 threads for alignment length 11 will slow down analysis
Optimizing NNI: done in 0.134792 secs using 99.76% CPU
WARNING: 2 threads for alignment length 11 will slow down analysis
Optimizing NNI: done in 0.428815 secs using 98.8% CPU
WARNING: 2 threads for alignment length 12 will slow down analysis
Optimizing NNI: done in 0.37331 secs using 98.83% CPU
WARNING: 2 threads for alignment length 9 will slow down analysis
Optimizing NNI: done in 0.290815 secs using 98.99% CPU
WARNING: 2 threads for alignment length 10 will slow down analysis
Optimizing NNI: done in 0.309553 secs using 98.92% CPU
WARNING: 2 threads for alignment length 9 will slow down analysis
Optimizing NNI: done in 0.20758 secs using 99.18% CPU
WARNING: 2 threads for alignment length 9 will slow down analysis
Optimizing NNI: done in 0.292106 secs using 98.92% CPU
WARNING: 2 threads for alignment length 13 will slow down analysis
Optimizing NNI: done in 0.0970669 secs using 99.99% CPU
WARNING: 2 threads for alignment length 10 will slow down analysis
Optimizing NNI: done in 0.242404 secs using 98.94% CPU
WARNING: 2 threads for alignment length 12 will slow down analysis
Optimizing NNI: done in 0.10034 secs using 99.71% CPU
WARNING: 2 threads for alignment length 11 will slow down analysis
Optimizing NNI: done in 0.166719 secs using 93.56% CPU
WARNING: 2 threads for alignment length 11 will slow down analysis
Optimizing NNI: done in 0.24567 secs using 98.9% CPU
WARNING: 2 threads for alignment length 11 will slow down analysis
Optimizing NNI: done in 0.147114 secs using 99.26% CPU
WARNING: 2 threads for alignment length 11 will slow down analysis
Optimizing NNI: done in 0.220703 secs using 98.98% CPU
WARNING: 2 threads for alignment length 11 will slow down analysis
Optimizing NNI: done in 0.217233 secs using 99% CPU
WARNING: 2 threads for alignment length 12 will slow down analysis
Optimizing NNI: done in 0.13058 secs using 99.4% CPU
WARNING: 2 threads for alignment length 11 will slow down analysis
Optimizing NNI: done in 0.205229 secs using 99.02% CPU
WARNING: 2 threads for alignment length 13 will slow down analysis
Optimizing NNI: done in 0.078089 secs using 100% CPU
WARNING: 2 threads for alignment length 11 will slow down analysis
Optimizing NNI: done in 0.134997 secs using 99.36% CPU
WARNING: 2 threads for alignment length 12 will slow down analysis
Optimizing NNI: done in 0.156999 secs using 99.21% CPU
WARNING: 2 threads for alignment length 11 will slow down analysis
Optimizing NNI: done in 0.163834 secs using 99.21% CPU
WARNING: 2 threads for alignment length 10 will slow down analysis
Optimizing NNI: done in 0.0930318 secs using 99.83% CPU
WARNING: 2 threads for alignment length 13 will slow down analysis
Optimizing NNI: done in 0.0860945 secs using 99.87% CPU
WARNING: 2 threads for alignment length 13 will slow down analysis
Optimizing NNI: done in 0.164679 secs using 99.17% CPU
WARNING: 2 threads for alignment length 12 will slow down analysis
Optimizing NNI: done in 0.0899441 secs using 99.79% CPU
WARNING: 2 threads for alignment length 11 will slow down analysis
Optimizing NNI: done in 0.203754 secs using 99% CPU
WARNING: 2 threads for alignment length 12 will slow down analysis
Optimizing NNI: done in 0.468231 secs using 96.56% CPU
WARNING: 2 threads for alignment length 12 will slow down analysis
Optimizing NNI: done in 0.135126 secs using 99.4% CPU
WARNING: 2 threads for alignment length 10 will slow down analysis
Optimizing NNI: done in 0.216961 secs using 99.04% CPU
WARNING: 2 threads for alignment length 11 will slow down analysis
Optimizing NNI: done in 0.0978407 secs using 99.83% CPU
WARNING: 2 threads for alignment length 11 will slow down analysis
Optimizing NNI: done in 0.151685 secs using 99.52% CPU
WARNING: 2 threads for alignment length 12 will slow down analysis
Optimizing NNI: done in 0.166397 secs using 99.26% CPU
WARNING: 2 threads for alignment length 11 will slow down analysis
Optimizing NNI: done in 0.204567 secs using 99.05% CPU
WARNING: 2 threads for alignment length 9 will slow down analysis
Optimizing NNI: done in 0.332151 secs using 98.8% CPU
WARNING: 2 threads for alignment length 12 will slow down analysis
Optimizing NNI: done in 0.25657 secs using 99.07% CPU
WARNING: 2 threads for alignment length 13 will slow down analysis
Optimizing NNI: done in 0.2494 secs using 98.99% CPU
WARNING: 2 threads for alignment length 9 will slow down analysis
Optimizing NNI: done in 0.217672 secs using 99.04% CPU
WARNING: 2 threads for alignment length 12 will slow down analysis
Optimizing NNI: done in 0.133741 secs using 99.46% CPU
WARNING: 2 threads for alignment length 10 will slow down analysis
Optimizing NNI: done in 0.0848312 secs using 100% CPU
WARNING: 2 threads for alignment length 11 will slow down analysis
Optimizing NNI: done in 0.262713 secs using 98.92% CPU
WARNING: 2 threads for alignment length 12 will slow down analysis
Optimizing NNI: done in 0.107234 secs using 99.72% CPU
WARNING: 2 threads for alignment length 11 will slow down analysis
Optimizing NNI: done in 0.093972 secs using 99.85% CPU
WARNING: 2 threads for alignment length 9 will slow down analysis
Optimizing NNI: done in 0.187144 secs using 99.15% CPU
WARNING: 2 threads for alignment length 11 will slow down analysis
Optimizing NNI: done in 0.136218 secs using 99.4% CPU
WARNING: 2 threads for alignment length 12 will slow down analysis
Optimizing NNI: done in 0.202987 secs using 99.1% CPU
WARNING: 2 threads for alignment length 11 will slow down analysis
Optimizing NNI: done in 0.394316 secs using 98.74% CPU
WARNING: 2 threads for alignment length 9 will slow down analysis
Optimizing NNI: done in 0.180811 secs using 99.5% CPU
WARNING: 2 threads for alignment length 14 will slow down analysis
Optimizing NNI: done in 0.107203 secs using 100% CPU
WARNING: 2 threads for alignment length 10 will slow down analysis
Optimizing NNI: done in 0.225054 secs using 99.12% CPU
WARNING: 2 threads for alignment length 11 will slow down analysis
Optimizing NNI: done in 0.126206 secs using 99.58% CPU
WARNING: 2 threads for alignment length 12 will slow down analysis
Optimizing NNI: done in 0.266136 secs using 98.96% CPU
WARNING: 2 threads for alignment length 12 will slow down analysis
Optimizing NNI: done in 0.106979 secs using 99.72% CPU
WARNING: 2 threads for alignment length 9 will slow down analysis
Optimizing NNI: done in 0.121476 secs using 99.55% CPU
WARNING: 2 threads for alignment length 12 will slow down analysis
Optimizing NNI: done in 0.260188 secs using 98.91% CPU
WARNING: 2 threads for alignment length 11 will slow down analysis
Optimizing NNI: done in 0.147854 secs using 99.57% CPU
WARNING: 2 threads for alignment length 12 will slow down analysis
Optimizing NNI: done in 0.195181 secs using 99.04% CPU
WARNING: 2 threads for alignment length 10 will slow down analysis
Optimizing NNI: done in 0.206517 secs using 99.02% CPU
WARNING: 2 threads for alignment length 9 will slow down analysis
Optimizing NNI: done in 0.137996 secs using 99.28% CPU
WARNING: 2 threads for alignment length 9 will slow down analysis
Optimizing NNI: done in 0.184963 secs using 99.05% CPU
WARNING: 2 threads for alignment length 12 will slow down analysis
Optimizing NNI: done in 0.102181 secs using 99.59% CPU
WARNING: 2 threads for alignment length 12 will slow down analysis
Optimizing NNI: done in 0.164252 secs using 99.16% CPU
WARNING: 2 threads for alignment length 11 will slow down analysis
Optimizing NNI: done in 0.093752 secs using 99.67% CPU
WARNING: 2 threads for alignment length 8 will slow down analysis
Optimizing NNI: done in 0.205357 secs using 98.97% CPU
WARNING: 2 threads for alignment length 11 will slow down analysis
Optimizing NNI: done in 0.111561 secs using 99.5% CPU
WARNING: 2 threads for alignment length 10 will slow down analysis
Optimizing NNI: done in 0.107471 secs using 99.53% CPU
WARNING: 2 threads for alignment length 10 will slow down analysis
Optimizing NNI: done in 0.100759 secs using 99.9% CPU
WARNING: 2 threads for alignment length 8 will slow down analysis
Optimizing NNI: done in 0.202681 secs using 99.07% CPU
WARNING: 2 threads for alignment length 10 will slow down analysis
Optimizing NNI: done in 0.149689 secs using 99.24% CPU
WARNING: 2 threads for alignment length 10 will slow down analysis
Optimizing NNI: done in 0.119747 secs using 99.48% CPU
WARNING: 2 threads for alignment length 10 will slow down analysis
Optimizing NNI: done in 0.199012 secs using 99.14% CPU
WARNING: 2 threads for alignment length 11 will slow down analysis
Optimizing NNI: done in 0.217808 secs using 98.98% CPU
WARNING: 2 threads for alignment length 11 will slow down analysis
Optimizing NNI: done in 0.213883 secs using 99.02% CPU
WARNING: 2 threads for alignment length 10 will slow down analysis
Optimizing NNI: done in 0.0919242 secs using 99.82% CPU
WARNING: 2 threads for alignment length 14 will slow down analysis
Optimizing NNI: done in 0.130907 secs using 99.41% CPU
WARNING: 2 threads for alignment length 11 will slow down analysis
Optimizing NNI: done in 0.215298 secs using 98.96% CPU
WARNING: 2 threads for alignment length 11 will slow down analysis
Optimizing NNI: done in 0.164602 secs using 99.21% CPU
WARNING: 2 threads for alignment length 15 will slow down analysis
Optimizing NNI: done in 0.10783 secs using 99.63% CPU
WARNING: 2 threads for alignment length 11 will slow down analysis
Optimizing NNI: done in 0.132536 secs using 99.39% CPU
WARNING: 2 threads for alignment length 11 will slow down analysis
Optimizing NNI: done in 0.163224 secs using 99.18% CPU
WARNING: 2 threads for alignment length 10 will slow down analysis
Optimizing NNI: done in 0.269319 secs using 98.87% CPU
WARNING: 2 threads for alignment length 9 will slow down analysis
Optimizing NNI: done in 0.117386 secs using 99.57% CPU
WARNING: 2 threads for alignment length 13 will slow down analysis
Optimizing NNI: done in 0.414293 secs using 98.69% CPU
WARNING: 2 threads for alignment length 11 will slow down analysis
Optimizing NNI: done in 0.148261 secs using 99.23% CPU
WARNING: 2 threads for alignment length 9 will slow down analysis
Optimizing NNI: done in 0.36476 secs using 98.87% CPU
WARNING: 2 threads for alignment length 10 will slow down analysis
Optimizing NNI: done in 0.0995204 secs using 99.76% CPU
WARNING: 2 threads for alignment length 10 will slow down analysis
Optimizing NNI: done in 0.0867737 secs using 99.84% CPU
WARNING: 2 threads for alignment length 10 will slow down analysis
Optimizing NNI: done in 0.594618 secs using 98.64% CPU
WARNING: 2 threads for alignment length 9 will slow down analysis
Optimizing NNI: done in 0.184566 secs using 99.08% CPU
WARNING: 2 threads for alignment length 11 will slow down analysis
Optimizing NNI: done in 0.228027 secs using 99% CPU
WARNING: 2 threads for alignment length 12 will slow down analysis
Optimizing NNI: done in 0.153985 secs using 99.28% CPU
500 samples done
WARNING: 2 threads for alignment length 12 will slow down analysis
Optimizing NNI: done in 0.114231 secs using 99.56% CPU
WARNING: 2 threads for alignment length 11 will slow down analysis
Optimizing NNI: done in 0.15108 secs using 99.26% CPU
WARNING: 2 threads for alignment length 12 will slow down analysis
Optimizing NNI: done in 0.11536 secs using 99.56% CPU
WARNING: 2 threads for alignment length 10 will slow down analysis
Optimizing NNI: done in 0.225465 secs using 98.97% CPU
WARNING: 2 threads for alignment length 10 will slow down analysis
Optimizing NNI: done in 0.16581 secs using 99.23% CPU
WARNING: 2 threads for alignment length 10 will slow down analysis
Optimizing NNI: done in 0.172446 secs using 99.13% CPU
WARNING: 2 threads for alignment length 11 will slow down analysis
Optimizing NNI: done in 0.244278 secs using 98.91% CPU
WARNING: 2 threads for alignment length 11 will slow down analysis
Optimizing NNI: done in 0.151639 secs using 99.24% CPU
WARNING: 2 threads for alignment length 11 will slow down analysis
Optimizing NNI: done in 0.204801 secs using 99.04% CPU
WARNING: 2 threads for alignment length 11 will slow down analysis
Optimizing NNI: done in 0.181722 secs using 99.18% CPU
WARNING: 2 threads for alignment length 11 will slow down analysis
Optimizing NNI: done in 0.168401 secs using 99.22% CPU
WARNING: 2 threads for alignment length 11 will slow down analysis
Optimizing NNI: done in 0.0973105 secs using 99.75% CPU
WARNING: 2 threads for alignment length 12 will slow down analysis
Optimizing NNI: done in 0.274149 secs using 98.9% CPU
WARNING: 2 threads for alignment length 10 will slow down analysis
Optimizing NNI: done in 0.242277 secs using 98.93% CPU
WARNING: 2 threads for alignment length 9 will slow down analysis
Optimizing NNI: done in 0.318388 secs using 98.8% CPU
WARNING: 2 threads for alignment length 12 will slow down analysis
Optimizing NNI: done in 0.146177 secs using 99.35% CPU
WARNING: 2 threads for alignment length 12 will slow down analysis
Optimizing NNI: done in 0.172207 secs using 99.14% CPU
WARNING: 2 threads for alignment length 9 will slow down analysis
Optimizing NNI: done in 0.269693 secs using 98.83% CPU
WARNING: 2 threads for alignment length 10 will slow down analysis
Optimizing NNI: done in 0.261747 secs using 98.87% CPU
WARNING: 2 threads for alignment length 12 will slow down analysis
Optimizing NNI: done in 0.245797 secs using 98.88% CPU
WARNING: 2 threads for alignment length 10 will slow down analysis
Optimizing NNI: done in 0.322763 secs using 98.76% CPU
WARNING: 2 threads for alignment length 12 will slow down analysis
Optimizing NNI: done in 0.114202 secs using 99.77% CPU
WARNING: 2 threads for alignment length 10 will slow down analysis
Optimizing NNI: done in 0.145149 secs using 99.21% CPU
WARNING: 2 threads for alignment length 11 will slow down analysis
Optimizing NNI: done in 0.132159 secs using 99.32% CPU
WARNING: 2 threads for alignment length 12 will slow down analysis
Optimizing NNI: done in 0.1079 secs using 90.49% CPU
WARNING: 2 threads for alignment length 11 will slow down analysis
Optimizing NNI: done in 0.208006 secs using 98.96% CPU
WARNING: 2 threads for alignment length 12 will slow down analysis
Optimizing NNI: done in 0.118639 secs using 99.77% CPU
WARNING: 2 threads for alignment length 12 will slow down analysis
Optimizing NNI: done in 0.164263 secs using 99.18% CPU
WARNING: 2 threads for alignment length 13 will slow down analysis
Optimizing NNI: done in 0.088043 secs using 99.8% CPU
WARNING: 2 threads for alignment length 10 will slow down analysis
Optimizing NNI: done in 0.233543 secs using 98.89% CPU
WARNING: 2 threads for alignment length 10 will slow down analysis
Optimizing NNI: done in 0.24983 secs using 98.86% CPU
WARNING: 2 threads for alignment length 11 will slow down analysis
Optimizing NNI: done in 0.123294 secs using 99.39% CPU
WARNING: 2 threads for alignment length 11 will slow down analysis
Optimizing NNI: done in 0.134495 secs using 99.3% CPU
WARNING: 2 threads for alignment length 11 will slow down analysis
Optimizing NNI: done in 0.170339 secs using 99.08% CPU
WARNING: 2 threads for alignment length 12 will slow down analysis
Optimizing NNI: done in 0.184056 secs using 99.03% CPU
WARNING: 2 threads for alignment length 10 will slow down analysis
Optimizing NNI: done in 0.232874 secs using 98.9% CPU
WARNING: 2 threads for alignment length 15 will slow down analysis
Optimizing NNI: done in 0.111146 secs using 99.54% CPU
WARNING: 2 threads for alignment length 9 will slow down analysis
Optimizing NNI: done in 0.488705 secs using 98.62% CPU
WARNING: 2 threads for alignment length 11 will slow down analysis
Optimizing NNI: done in 0.0625986 secs using 100.5% CPU
WARNING: 2 threads for alignment length 9 will slow down analysis
Optimizing NNI: done in 0.26973 secs using 98.84% CPU
WARNING: 2 threads for alignment length 12 will slow down analysis
Optimizing NNI: done in 0.178235 secs using 93.57% CPU
WARNING: 2 threads for alignment length 10 will slow down analysis
Optimizing NNI: done in 0.151466 secs using 99.26% CPU
WARNING: 2 threads for alignment length 8 will slow down analysis
Optimizing NNI: done in 0.527654 secs using 98.69% CPU
WARNING: 2 threads for alignment length 9 will slow down analysis
Optimizing NNI: done in 0.277477 secs using 98.89% CPU
WARNING: 2 threads for alignment length 10 will slow down analysis
Optimizing NNI: done in 0.135721 secs using 99.85% CPU
WARNING: 2 threads for alignment length 8 will slow down analysis
Optimizing NNI: done in 0.279919 secs using 98.9% CPU
WARNING: 2 threads for alignment length 10 will slow down analysis
Optimizing NNI: done in 0.120398 secs using 100.1% CPU
WARNING: 2 threads for alignment length 9 will slow down analysis
Optimizing NNI: done in 0.176868 secs using 99.19% CPU
WARNING: 2 threads for alignment length 12 will slow down analysis
Optimizing NNI: done in 0.177045 secs using 99.17% CPU
WARNING: 2 threads for alignment length 11 will slow down analysis
Optimizing NNI: done in 0.242596 secs using 98.94% CPU
WARNING: 2 threads for alignment length 11 will slow down analysis
Optimizing NNI: done in 0.232565 secs using 98.96% CPU
WARNING: 2 threads for alignment length 13 will slow down analysis
Optimizing NNI: done in 0.125127 secs using 99.46% CPU
WARNING: 2 threads for alignment length 11 will slow down analysis
Optimizing NNI: done in 0.164787 secs using 99.16% CPU
WARNING: 2 threads for alignment length 10 will slow down analysis
Optimizing NNI: done in 0.435937 secs using 98.67% CPU
WARNING: 2 threads for alignment length 9 will slow down analysis
Optimizing NNI: done in 0.189064 secs using 99.65% CPU
WARNING: 2 threads for alignment length 10 will slow down analysis
Optimizing NNI: done in 0.489702 secs using 98.78% CPU
WARNING: 2 threads for alignment length 7 will slow down analysis
Optimizing NNI: done in 0.142184 secs using 99.47% CPU
WARNING: 2 threads for alignment length 11 will slow down analysis
Optimizing NNI: done in 0.203288 secs using 99.14% CPU
WARNING: 2 threads for alignment length 10 will slow down analysis
Optimizing NNI: done in 0.278526 secs using 98.9% CPU
WARNING: 2 threads for alignment length 8 will slow down analysis
Optimizing NNI: done in 0.191779 secs using 99.13% CPU
WARNING: 2 threads for alignment length 10 will slow down analysis
Optimizing NNI: done in 0.318293 secs using 98.78% CPU
WARNING: 2 threads for alignment length 12 will slow down analysis
Optimizing NNI: done in 0.0984787 secs using 99.98% CPU
WARNING: 2 threads for alignment length 10 will slow down analysis
Optimizing NNI: done in 0.369804 secs using 98.84% CPU
WARNING: 2 threads for alignment length 11 will slow down analysis
Optimizing NNI: done in 0.443028 secs using 98.68% CPU
WARNING: 2 threads for alignment length 12 will slow down analysis
Optimizing NNI: done in 0.192427 secs using 99.28% CPU
WARNING: 2 threads for alignment length 12 will slow down analysis
Optimizing NNI: done in 0.0879855 secs using 99.99% CPU
WARNING: 2 threads for alignment length 11 will slow down analysis
Optimizing NNI: done in 0.255304 secs using 98.94% CPU
WARNING: 2 threads for alignment length 12 will slow down analysis
Optimizing NNI: done in 0.19787 secs using 99.11% CPU
WARNING: 2 threads for alignment length 11 will slow down analysis
Optimizing NNI: done in 0.143378 secs using 99.53% CPU
WARNING: 2 threads for alignment length 13 will slow down analysis
Optimizing NNI: done in 0.245548 secs using 99.18% CPU
WARNING: 2 threads for alignment length 10 will slow down analysis
Optimizing NNI: done in 0.478741 secs using 98.73% CPU
WARNING: 2 threads for alignment length 11 will slow down analysis
Optimizing NNI: done in 0.27012 secs using 99.02% CPU
WARNING: 2 threads for alignment length 11 will slow down analysis
Optimizing NNI: done in 0.21801 secs using 99.06% CPU
WARNING: 2 threads for alignment length 10 will slow down analysis
Optimizing NNI: done in 0.200181 secs using 99.06% CPU
WARNING: 2 threads for alignment length 11 will slow down analysis
Optimizing NNI: done in 0.211188 secs using 99.07% CPU
WARNING: 2 threads for alignment length 11 will slow down analysis
Optimizing NNI: done in 0.246961 secs using 98.93% CPU
WARNING: 2 threads for alignment length 11 will slow down analysis
Optimizing NNI: done in 0.239935 secs using 98.98% CPU
WARNING: 2 threads for alignment length 8 will slow down analysis
Optimizing NNI: done in 0.278787 secs using 98.79% CPU
WARNING: 2 threads for alignment length 11 will slow down analysis
Optimizing NNI: done in 0.157997 secs using 99.21% CPU
WARNING: 2 threads for alignment length 12 will slow down analysis
Optimizing NNI: done in 0.0747698 secs using 99.92% CPU
WARNING: 2 threads for alignment length 8 will slow down analysis
Optimizing NNI: done in 0.335222 secs using 98.77% CPU
WARNING: 2 threads for alignment length 11 will slow down analysis
Optimizing NNI: done in 0.187029 secs using 99.18% CPU
WARNING: 2 threads for alignment length 11 will slow down analysis
Optimizing NNI: done in 0.37037 secs using 98.75% CPU
WARNING: 2 threads for alignment length 12 will slow down analysis
Optimizing NNI: done in 0.118091 secs using 99.71% CPU
WARNING: 2 threads for alignment length 11 will slow down analysis
Optimizing NNI: done in 0.154535 secs using 99.38% CPU
WARNING: 2 threads for alignment length 11 will slow down analysis
Optimizing NNI: done in 0.0928658 secs using 99.92% CPU
WARNING: 2 threads for alignment length 10 will slow down analysis
Optimizing NNI: done in 0.23809 secs using 98.99% CPU
WARNING: 2 threads for alignment length 14 will slow down analysis
Optimizing NNI: done in 0.0941586 secs using 99.82% CPU
WARNING: 2 threads for alignment length 10 will slow down analysis
Optimizing NNI: done in 0.284498 secs using 99.26% CPU
WARNING: 2 threads for alignment length 9 will slow down analysis
Optimizing NNI: done in 0.0522272 secs using 101.5% CPU
WARNING: 2 threads for alignment length 11 will slow down analysis
Optimizing NNI: done in 0.277083 secs using 98.92% CPU
WARNING: 2 threads for alignment length 12 will slow down analysis
Optimizing NNI: done in 0.109773 secs using 100.4% CPU
WARNING: 2 threads for alignment length 10 will slow down analysis
Optimizing NNI: done in 0.263416 secs using 98.94% CPU
WARNING: 2 threads for alignment length 12 will slow down analysis
Optimizing NNI: done in 0.11533 secs using 100.1% CPU
WARNING: 2 threads for alignment length 13 will slow down analysis
Optimizing NNI: done in 0.171708 secs using 99.26% CPU
WARNING: 2 threads for alignment length 10 will slow down analysis
Optimizing NNI: done in 0.367828 secs using 98.82% CPU
WARNING: 2 threads for alignment length 11 will slow down analysis
Optimizing NNI: done in 0.284534 secs using 98.96% CPU
WARNING: 2 threads for alignment length 12 will slow down analysis
Optimizing NNI: done in 0.246177 secs using 99.05% CPU
WARNING: 2 threads for alignment length 13 will slow down analysis
Optimizing NNI: done in 0.22649 secs using 99.34% CPU
WARNING: 2 threads for alignment length 11 will slow down analysis
Optimizing NNI: done in 0.321589 secs using 98.99% CPU
600 samples done
WARNING: 2 threads for alignment length 11 will slow down analysis
Optimizing NNI: done in 0.282878 secs using 98.99% CPU
WARNING: 2 threads for alignment length 11 will slow down analysis
Optimizing NNI: done in 0.169283 secs using 99.4% CPU
WARNING: 2 threads for alignment length 12 will slow down analysis
Optimizing NNI: done in 0.3464 secs using 98.88% CPU
WARNING: 2 threads for alignment length 9 will slow down analysis
Optimizing NNI: done in 0.131649 secs using 99.68% CPU
WARNING: 2 threads for alignment length 10 will slow down analysis
Optimizing NNI: done in 0.284965 secs using 98.89% CPU
WARNING: 2 threads for alignment length 12 will slow down analysis
Optimizing NNI: done in 0.14257 secs using 99.41% CPU
WARNING: 2 threads for alignment length 10 will slow down analysis
Optimizing NNI: done in 0.206532 secs using 99.06% CPU
WARNING: 2 threads for alignment length 10 will slow down analysis
Optimizing NNI: done in 0.146048 secs using 99.43% CPU
WARNING: 2 threads for alignment length 10 will slow down analysis
Optimizing NNI: done in 0.282646 secs using 98.93% CPU
WARNING: 2 threads for alignment length 10 will slow down analysis
Optimizing NNI: done in 0.290359 secs using 99.11% CPU
WARNING: 2 threads for alignment length 11 will slow down analysis
Optimizing NNI: done in 0.198644 secs using 99.29% CPU
WARNING: 2 threads for alignment length 10 will slow down analysis
Optimizing NNI: done in 0.376126 secs using 98.85% CPU
WARNING: 2 threads for alignment length 10 will slow down analysis
Optimizing NNI: done in 0.142095 secs using 99.59% CPU
WARNING: 2 threads for alignment length 12 will slow down analysis
Optimizing NNI: done in 0.147929 secs using 99.47% CPU
WARNING: 2 threads for alignment length 13 will slow down analysis
Optimizing NNI: done in 0.226457 secs using 99.09% CPU
WARNING: 2 threads for alignment length 11 will slow down analysis
Optimizing NNI: done in 0.0964767 secs using 100.1% CPU
WARNING: 2 threads for alignment length 12 will slow down analysis
Optimizing NNI: done in 0.342471 secs using 98.88% CPU
WARNING: 2 threads for alignment length 11 will slow down analysis
Optimizing NNI: done in 0.405118 secs using 98.86% CPU
WARNING: 2 threads for alignment length 8 will slow down analysis
Optimizing NNI: done in 0.22543 secs using 99.56% CPU
WARNING: 2 threads for alignment length 10 will slow down analysis
Optimizing NNI: done in 0.354218 secs using 98.83% CPU
WARNING: 2 threads for alignment length 9 will slow down analysis
Optimizing NNI: done in 0.337991 secs using 98.85% CPU
WARNING: 2 threads for alignment length 11 will slow down analysis
Optimizing NNI: done in 0.374945 secs using 98.86% CPU
WARNING: 2 threads for alignment length 10 will slow down analysis
Optimizing NNI: done in 0.270339 secs using 99.02% CPU
WARNING: 2 threads for alignment length 10 will slow down analysis
Optimizing NNI: done in 0.233771 secs using 99.1% CPU
WARNING: 2 threads for alignment length 13 will slow down analysis
Optimizing NNI: done in 0.280464 secs using 99.05% CPU
WARNING: 2 threads for alignment length 12 will slow down analysis
Optimizing NNI: done in 0.178355 secs using 99.39% CPU
WARNING: 2 threads for alignment length 8 will slow down analysis
Optimizing NNI: done in 0.154435 secs using 99.6% CPU
WARNING: 2 threads for alignment length 12 will slow down analysis
Optimizing NNI: done in 0.172095 secs using 99.46% CPU
WARNING: 2 threads for alignment length 12 will slow down analysis
Optimizing NNI: done in 0.307674 secs using 99.08% CPU
WARNING: 2 threads for alignment length 10 will slow down analysis
Optimizing NNI: done in 0.168332 secs using 99.48% CPU
WARNING: 2 threads for alignment length 12 will slow down analysis
Optimizing NNI: done in 0.364768 secs using 98.87% CPU
WARNING: 2 threads for alignment length 11 will slow down analysis
Optimizing NNI: done in 0.213988 secs using 99.44% CPU
WARNING: 2 threads for alignment length 11 will slow down analysis
Optimizing NNI: done in 0.358022 secs using 98.88% CPU
WARNING: 2 threads for alignment length 10 will slow down analysis
Optimizing NNI: done in 0.301781 secs using 98.96% CPU
WARNING: 2 threads for alignment length 14 will slow down analysis
Optimizing NNI: done in 0.206812 secs using 99.6% CPU
WARNING: 2 threads for alignment length 10 will slow down analysis
Optimizing NNI: done in 0.299528 secs using 99.2% CPU
WARNING: 2 threads for alignment length 12 will slow down analysis
Optimizing NNI: done in 0.231009 secs using 99.38% CPU
WARNING: 2 threads for alignment length 12 will slow down analysis
Optimizing NNI: done in 0.728368 secs using 98.7% CPU
WARNING: 2 threads for alignment length 10 will slow down analysis
Optimizing NNI: done in 0.225004 secs using 99.27% CPU
WARNING: 2 threads for alignment length 12 will slow down analysis
Optimizing NNI: done in 0.133359 secs using 99.69% CPU
WARNING: 2 threads for alignment length 12 will slow down analysis
Optimizing NNI: done in 0.12434 secs using 99.68% CPU
WARNING: 2 threads for alignment length 11 will slow down analysis
Optimizing NNI: done in 0.381948 secs using 98.79% CPU
WARNING: 2 threads for alignment length 10 will slow down analysis
Optimizing NNI: done in 0.15787 secs using 99.48% CPU
WARNING: 2 threads for alignment length 11 will slow down analysis
Optimizing NNI: done in 0.270178 secs using 99.01% CPU
WARNING: 2 threads for alignment length 10 will slow down analysis
Optimizing NNI: done in 0.359377 secs using 96.18% CPU
WARNING: 2 threads for alignment length 11 will slow down analysis
Optimizing NNI: done in 0.148415 secs using 99.51% CPU
WARNING: 2 threads for alignment length 9 will slow down analysis
Optimizing NNI: done in 0.23766 secs using 99.09% CPU
WARNING: 2 threads for alignment length 10 will slow down analysis
Optimizing NNI: done in 0.229004 secs using 99.13% CPU
WARNING: 2 threads for alignment length 12 will slow down analysis
Optimizing NNI: done in 0.34455 secs using 98.86% CPU
WARNING: 2 threads for alignment length 11 will slow down analysis
Optimizing NNI: done in 0.194713 secs using 99.25% CPU
WARNING: 2 threads for alignment length 12 will slow down analysis
Optimizing NNI: done in 0.181347 secs using 99.41% CPU
WARNING: 2 threads for alignment length 10 will slow down analysis
Optimizing NNI: done in 0.131839 secs using 99.64% CPU
WARNING: 2 threads for alignment length 12 will slow down analysis
Optimizing NNI: done in 0.0781915 secs using 100.5% CPU
WARNING: 2 threads for alignment length 9 will slow down analysis
Optimizing NNI: done in 0.251952 secs using 98.99% CPU
WARNING: 2 threads for alignment length 11 will slow down analysis
Optimizing NNI: done in 0.139075 secs using 99.83% CPU
WARNING: 2 threads for alignment length 11 will slow down analysis
Optimizing NNI: done in 0.119381 secs using 100.2% CPU
WARNING: 2 threads for alignment length 10 will slow down analysis
Optimizing NNI: done in 0.323525 secs using 98.93% CPU
WARNING: 2 threads for alignment length 11 will slow down analysis
Optimizing NNI: done in 0.344273 secs using 98.85% CPU
WARNING: 2 threads for alignment length 11 will slow down analysis
Optimizing NNI: done in 0.125725 secs using 99.83% CPU
WARNING: 2 threads for alignment length 11 will slow down analysis
Optimizing NNI: done in 0.242246 secs using 99.12% CPU
WARNING: 2 threads for alignment length 12 will slow down analysis
Optimizing NNI: done in 0.212401 secs using 99.27% CPU
WARNING: 2 threads for alignment length 11 will slow down analysis
Optimizing NNI: done in 0.260149 secs using 99.04% CPU
WARNING: 2 threads for alignment length 12 will slow down analysis
Optimizing NNI: done in 0.144001 secs using 99.64% CPU
WARNING: 2 threads for alignment length 11 will slow down analysis
Optimizing NNI: done in 0.184624 secs using 99.29% CPU
WARNING: 2 threads for alignment length 12 will slow down analysis
Optimizing NNI: done in 0.262085 secs using 99.22% CPU
WARNING: 2 threads for alignment length 10 will slow down analysis
Optimizing NNI: done in 0.263964 secs using 95.43% CPU
WARNING: 2 threads for alignment length 11 will slow down analysis
Optimizing NNI: done in 0.272871 secs using 99.01% CPU
WARNING: 2 threads for alignment length 10 will slow down analysis
Optimizing NNI: done in 0.146064 secs using 99.5% CPU
WARNING: 2 threads for alignment length 8 will slow down analysis
Optimizing NNI: done in 0.317554 secs using 98.88% CPU
WARNING: 2 threads for alignment length 11 will slow down analysis
Optimizing NNI: done in 0.23008 secs using 99.13% CPU
WARNING: 2 threads for alignment length 10 will slow down analysis
Optimizing NNI: done in 0.099399 secs using 100.1% CPU
WARNING: 2 threads for alignment length 13 will slow down analysis
Optimizing NNI: done in 0.228879 secs using 99.1% CPU
WARNING: 2 threads for alignment length 10 will slow down analysis
Optimizing NNI: done in 0.278608 secs using 99.18% CPU
WARNING: 2 threads for alignment length 10 will slow down analysis
Optimizing NNI: done in 0.11433 secs using 99.88% CPU
WARNING: 2 threads for alignment length 12 will slow down analysis
Optimizing NNI: done in 0.128019 secs using 99.64% CPU
WARNING: 2 threads for alignment length 10 will slow down analysis
Optimizing NNI: done in 0.234804 secs using 99.05% CPU
WARNING: 2 threads for alignment length 11 will slow down analysis
Optimizing NNI: done in 0.105561 secs using 100% CPU
WARNING: 2 threads for alignment length 12 will slow down analysis
Optimizing NNI: done in 0.216825 secs using 99.13% CPU
WARNING: 2 threads for alignment length 11 will slow down analysis
Optimizing NNI: done in 0.153391 secs using 99.52% CPU
WARNING: 2 threads for alignment length 10 will slow down analysis
Optimizing NNI: done in 0.449579 secs using 98.76% CPU
WARNING: 2 threads for alignment length 11 will slow down analysis
Optimizing NNI: done in 0.183914 secs using 99.39% CPU
WARNING: 2 threads for alignment length 11 will slow down analysis
Optimizing NNI: done in 0.198927 secs using 99.2% CPU
WARNING: 2 threads for alignment length 11 will slow down analysis
Optimizing NNI: done in 0.141251 secs using 99.58% CPU
WARNING: 2 threads for alignment length 12 will slow down analysis
Optimizing NNI: done in 0.182588 secs using 99.29% CPU
WARNING: 2 threads for alignment length 11 will slow down analysis
Optimizing NNI: done in 0.279698 secs using 99.03% CPU
WARNING: 2 threads for alignment length 11 will slow down analysis
Optimizing NNI: done in 0.108513 secs using 99.9% CPU
WARNING: 2 threads for alignment length 10 will slow down analysis
Optimizing NNI: done in 0.361732 secs using 98.94% CPU
WARNING: 2 threads for alignment length 9 will slow down analysis
Optimizing NNI: done in 0.299172 secs using 98.94% CPU
WARNING: 2 threads for alignment length 12 will slow down analysis
Optimizing NNI: done in 0.229276 secs using 99.13% CPU
WARNING: 2 threads for alignment length 11 will slow down analysis
Optimizing NNI: done in 0.322932 secs using 98.91% CPU
WARNING: 2 threads for alignment length 10 will slow down analysis
Optimizing NNI: done in 0.235242 secs using 99.08% CPU
WARNING: 2 threads for alignment length 10 will slow down analysis
Optimizing NNI: done in 0.0689166 secs using 100.9% CPU
WARNING: 2 threads for alignment length 10 will slow down analysis
Optimizing NNI: done in 0.233947 secs using 99.07% CPU
WARNING: 2 threads for alignment length 12 will slow down analysis
Optimizing NNI: done in 0.0608694 secs using 101.2% CPU
WARNING: 2 threads for alignment length 11 will slow down analysis
Optimizing NNI: done in 0.195973 secs using 99.23% CPU
WARNING: 2 threads for alignment length 10 will slow down analysis
Optimizing NNI: done in 0.254223 secs using 99% CPU
WARNING: 2 threads for alignment length 10 will slow down analysis
Optimizing NNI: done in 0.135138 secs using 99.63% CPU
WARNING: 2 threads for alignment length 12 will slow down analysis
Optimizing NNI: done in 0.199569 secs using 99.2% CPU
WARNING: 2 threads for alignment length 10 will slow down analysis
Optimizing NNI: done in 0.350231 secs using 98.88% CPU
WARNING: 2 threads for alignment length 11 will slow down analysis
Optimizing NNI: done in 0.227585 secs using 99.15% CPU
700 samples done
WARNING: 2 threads for alignment length 12 will slow down analysis
Optimizing NNI: done in 0.295865 secs using 98.96% CPU
WARNING: 2 threads for alignment length 14 will slow down analysis
Optimizing NNI: done in 0.135945 secs using 99.56% CPU
WARNING: 2 threads for alignment length 12 will slow down analysis
Optimizing NNI: done in 0.299352 secs using 99.1% CPU
WARNING: 2 threads for alignment length 11 will slow down analysis
Optimizing NNI: done in 0.11284 secs using 99.9% CPU
WARNING: 2 threads for alignment length 11 will slow down analysis
Optimizing NNI: done in 0.188152 secs using 99.27% CPU
WARNING: 2 threads for alignment length 12 will slow down analysis
Optimizing NNI: done in 0.258141 secs using 99.01% CPU
WARNING: 2 threads for alignment length 10 will slow down analysis
Optimizing NNI: done in 0.333161 secs using 98.84% CPU
WARNING: 2 threads for alignment length 11 will slow down analysis
Optimizing NNI: done in 0.264244 secs using 99.01% CPU
WARNING: 2 threads for alignment length 10 will slow down analysis
Optimizing NNI: done in 0.351509 secs using 98.83% CPU
WARNING: 2 threads for alignment length 12 will slow down analysis
Optimizing NNI: done in 0.285197 secs using 99.13% CPU
WARNING: 2 threads for alignment length 10 will slow down analysis
Optimizing NNI: done in 0.242004 secs using 99.11% CPU
WARNING: 2 threads for alignment length 9 will slow down analysis
Optimizing NNI: done in 0.488354 secs using 98.71% CPU
WARNING: 2 threads for alignment length 9 will slow down analysis
Optimizing NNI: done in 0.113948 secs using 99.96% CPU
WARNING: 2 threads for alignment length 12 will slow down analysis
Optimizing NNI: done in 0.299833 secs using 95.78% CPU
WARNING: 2 threads for alignment length 10 will slow down analysis
Optimizing NNI: done in 0.135854 secs using 99.72% CPU
WARNING: 2 threads for alignment length 9 will slow down analysis
Optimizing NNI: done in 0.107789 secs using 99.88% CPU
WARNING: 2 threads for alignment length 10 will slow down analysis
Optimizing NNI: done in 0.201615 secs using 99.49% CPU
WARNING: 2 threads for alignment length 11 will slow down analysis
Optimizing NNI: done in 0.167472 secs using 99.4% CPU
WARNING: 2 threads for alignment length 9 will slow down analysis
Optimizing NNI: done in 0.16095 secs using 99.72% CPU
WARNING: 2 threads for alignment length 11 will slow down analysis
Optimizing NNI: done in 0.438141 secs using 98.76% CPU
WARNING: 2 threads for alignment length 13 will slow down analysis
Optimizing NNI: done in 0.192539 secs using 99.25% CPU
WARNING: 2 threads for alignment length 12 will slow down analysis
Optimizing NNI: done in 0.143743 secs using 99.5% CPU
WARNING: 2 threads for alignment length 9 will slow down analysis
Optimizing NNI: done in 0.501425 secs using 98.79% CPU
WARNING: 2 threads for alignment length 11 will slow down analysis
Optimizing NNI: done in 0.330526 secs using 98.86% CPU
WARNING: 2 threads for alignment length 10 will slow down analysis
Optimizing NNI: done in 0.142996 secs using 99.82% CPU
WARNING: 2 threads for alignment length 11 will slow down analysis
Optimizing NNI: done in 0.329172 secs using 98.87% CPU
WARNING: 2 threads for alignment length 11 will slow down analysis
Optimizing NNI: done in 0.18372 secs using 99.31% CPU
WARNING: 2 threads for alignment length 11 will slow down analysis
Optimizing NNI: done in 0.385422 secs using 98.79% CPU
WARNING: 2 threads for alignment length 10 will slow down analysis
Optimizing NNI: done in 0.13773 secs using 99.54% CPU
WARNING: 2 threads for alignment length 11 will slow down analysis
Optimizing NNI: done in 0.2184 secs using 99.13% CPU
WARNING: 2 threads for alignment length 12 will slow down analysis
Optimizing NNI: done in 0.119451 secs using 99.82% CPU
WARNING: 2 threads for alignment length 10 will slow down analysis
Optimizing NNI: done in 0.348552 secs using 98.82% CPU
WARNING: 2 threads for alignment length 12 will slow down analysis
Optimizing NNI: done in 0.291127 secs using 98.91% CPU
WARNING: 2 threads for alignment length 11 will slow down analysis
Optimizing NNI: done in 0.414595 secs using 98.78% CPU
WARNING: 2 threads for alignment length 12 will slow down analysis
Optimizing NNI: done in 0.153759 secs using 99.37% CPU
WARNING: 2 threads for alignment length 9 will slow down analysis
Optimizing NNI: done in 0.584905 secs using 98.63% CPU
WARNING: 2 threads for alignment length 13 will slow down analysis
Optimizing NNI: done in 0.132157 secs using 99.65% CPU
WARNING: 2 threads for alignment length 11 will slow down analysis
Optimizing NNI: done in 0.292317 secs using 98.91% CPU
WARNING: 2 threads for alignment length 13 will slow down analysis
Optimizing NNI: done in 0.139277 secs using 99.51% CPU
WARNING: 2 threads for alignment length 11 will slow down analysis
Optimizing NNI: done in 0.222581 secs using 99.14% CPU
WARNING: 2 threads for alignment length 11 will slow down analysis
Optimizing NNI: done in 0.170279 secs using 99.38% CPU
WARNING: 2 threads for alignment length 14 will slow down analysis
Optimizing NNI: done in 0.147375 secs using 99.45% CPU
WARNING: 2 threads for alignment length 13 will slow down analysis
Optimizing NNI: done in 0.113311 secs using 99.77% CPU
WARNING: 2 threads for alignment length 9 will slow down analysis
Optimizing NNI: done in 0.113412 secs using 100.4% CPU
WARNING: 2 threads for alignment length 11 will slow down analysis
Optimizing NNI: done in 0.160071 secs using 99.45% CPU
WARNING: 2 threads for alignment length 10 will slow down analysis
Optimizing NNI: done in 0.367116 secs using 98.8% CPU
WARNING: 2 threads for alignment length 11 will slow down analysis
Optimizing NNI: done in 0.124434 secs using 99.67% CPU
WARNING: 2 threads for alignment length 10 will slow down analysis
Optimizing NNI: done in 0.180418 secs using 99.62% CPU
WARNING: 2 threads for alignment length 14 will slow down analysis
Optimizing NNI: done in 0.172786 secs using 93.6% CPU
WARNING: 2 threads for alignment length 11 will slow down analysis
Optimizing NNI: done in 0.229772 secs using 99.14% CPU
WARNING: 2 threads for alignment length 10 will slow down analysis
Optimizing NNI: done in 0.150879 secs using 99.49% CPU
WARNING: 2 threads for alignment length 9 will slow down analysis
Optimizing NNI: done in 0.155131 secs using 99.47% CPU
WARNING: 2 threads for alignment length 10 will slow down analysis
Optimizing NNI: done in 0.310816 secs using 98.89% CPU
WARNING: 2 threads for alignment length 12 will slow down analysis
Optimizing NNI: done in 0.121638 secs using 99.71% CPU
WARNING: 2 threads for alignment length 11 will slow down analysis
Optimizing NNI: done in 0.208253 secs using 99.15% CPU
WARNING: 2 threads for alignment length 14 will slow down analysis
Optimizing NNI: done in 0.288292 secs using 98.99% CPU
WARNING: 2 threads for alignment length 12 will slow down analysis
Optimizing NNI: done in 0.151648 secs using 99.49% CPU
WARNING: 2 threads for alignment length 11 will slow down analysis
Optimizing NNI: done in 0.279536 secs using 99.11% CPU
WARNING: 2 threads for alignment length 13 will slow down analysis
Optimizing NNI: done in 0.146618 secs using 99.6% CPU
WARNING: 2 threads for alignment length 12 will slow down analysis
Optimizing NNI: done in 0.176429 secs using 99.49% CPU
WARNING: 2 threads for alignment length 11 will slow down analysis
Optimizing NNI: done in 0.192399 secs using 99.26% CPU
WARNING: 2 threads for alignment length 13 will slow down analysis
Optimizing NNI: done in 0.14581 secs using 99.55% CPU
WARNING: 2 threads for alignment length 10 will slow down analysis
Optimizing NNI: done in 0.225076 secs using 99.12% CPU
WARNING: 2 threads for alignment length 10 will slow down analysis
Optimizing NNI: done in 0.220591 secs using 99.2% CPU
WARNING: 2 threads for alignment length 9 will slow down analysis
Optimizing NNI: done in 0.226222 secs using 99.12% CPU
WARNING: 2 threads for alignment length 13 will slow down analysis
Optimizing NNI: done in 0.21577 secs using 99.12% CPU
WARNING: 2 threads for alignment length 11 will slow down analysis
Optimizing NNI: done in 0.138172 secs using 99.59% CPU
WARNING: 2 threads for alignment length 12 will slow down analysis
Optimizing NNI: done in 0.132367 secs using 99.78% CPU
WARNING: 2 threads for alignment length 11 will slow down analysis
Optimizing NNI: done in 0.179261 secs using 99.33% CPU
WARNING: 2 threads for alignment length 10 will slow down analysis
Optimizing NNI: done in 0.195451 secs using 99.24% CPU
WARNING: 2 threads for alignment length 12 will slow down analysis
Optimizing NNI: done in 0.268447 secs using 99% CPU
WARNING: 2 threads for alignment length 13 will slow down analysis
Optimizing NNI: done in 0.0917558 secs using 101.1% CPU
WARNING: 2 threads for alignment length 10 will slow down analysis
Optimizing NNI: done in 0.177658 secs using 99.48% CPU
WARNING: 2 threads for alignment length 11 will slow down analysis
Optimizing NNI: done in 0.491974 secs using 98.73% CPU
WARNING: 2 threads for alignment length 8 will slow down analysis
Optimizing NNI: done in 0.28207 secs using 99.09% CPU
WARNING: 2 threads for alignment length 12 will slow down analysis
Optimizing NNI: done in 0.385596 secs using 99% CPU
WARNING: 2 threads for alignment length 11 will slow down analysis
Optimizing NNI: done in 0.337161 secs using 98.98% CPU
WARNING: 2 threads for alignment length 13 will slow down analysis
Optimizing NNI: done in 0.289454 secs using 99.06% CPU
WARNING: 2 threads for alignment length 11 will slow down analysis
Optimizing NNI: done in 0.360369 secs using 98.89% CPU
WARNING: 2 threads for alignment length 10 will slow down analysis
Optimizing NNI: done in 0.437493 secs using 98.9% CPU
WARNING: 2 threads for alignment length 13 will slow down analysis
Optimizing NNI: done in 0.343896 secs using 98.92% CPU
WARNING: 2 threads for alignment length 12 will slow down analysis
Optimizing NNI: done in 0.215217 secs using 99.33% CPU
WARNING: 2 threads for alignment length 12 will slow down analysis
Optimizing NNI: done in 0.24564 secs using 99.12% CPU
WARNING: 2 threads for alignment length 13 will slow down analysis
Optimizing NNI: done in 0.355342 secs using 98.94% CPU
WARNING: 2 threads for alignment length 12 will slow down analysis
Optimizing NNI: done in 0.260791 secs using 99.59% CPU
WARNING: 2 threads for alignment length 12 will slow down analysis
Optimizing NNI: done in 0.372579 secs using 98.99% CPU
WARNING: 2 threads for alignment length 11 will slow down analysis
Optimizing NNI: done in 0.224625 secs using 99.24% CPU
WARNING: 2 threads for alignment length 11 will slow down analysis
Optimizing NNI: done in 0.300616 secs using 99.27% CPU
WARNING: 2 threads for alignment length 12 will slow down analysis
Optimizing NNI: done in 0.264081 secs using 99.21% CPU
WARNING: 2 threads for alignment length 13 will slow down analysis
Optimizing NNI: done in 0.266021 secs using 95.26% CPU
WARNING: 2 threads for alignment length 12 will slow down analysis
Optimizing NNI: done in 0.138821 secs using 99.63% CPU
WARNING: 2 threads for alignment length 10 will slow down analysis
Optimizing NNI: done in 0.164674 secs using 99.52% CPU
WARNING: 2 threads for alignment length 12 will slow down analysis
Optimizing NNI: done in 0.183212 secs using 99.35% CPU
WARNING: 2 threads for alignment length 10 will slow down analysis
Optimizing NNI: done in 0.264014 secs using 99.06% CPU
WARNING: 2 threads for alignment length 13 will slow down analysis
Optimizing NNI: done in 0.187107 secs using 99.8% CPU
WARNING: 2 threads for alignment length 13 will slow down analysis
Optimizing NNI: done in 0.166381 secs using 99.69% CPU
WARNING: 2 threads for alignment length 13 will slow down analysis
Optimizing NNI: done in 0.648168 secs using 98.72% CPU
WARNING: 2 threads for alignment length 11 will slow down analysis
Optimizing NNI: done in 0.218634 secs using 99.28% CPU
WARNING: 2 threads for alignment length 13 will slow down analysis
Optimizing NNI: done in 0.190954 secs using 99.33% CPU
WARNING: 2 threads for alignment length 13 will slow down analysis
Optimizing NNI: done in 0.11627 secs using 99.87% CPU
800 samples done
WARNING: 2 threads for alignment length 13 will slow down analysis
Optimizing NNI: done in 0.186882 secs using 99.22% CPU
WARNING: 2 threads for alignment length 10 will slow down analysis
Optimizing NNI: done in 0.204393 secs using 99.23% CPU
WARNING: 2 threads for alignment length 12 will slow down analysis
Optimizing NNI: done in 0.162857 secs using 99.61% CPU
WARNING: 2 threads for alignment length 9 will slow down analysis
Optimizing NNI: done in 0.312631 secs using 98.93% CPU
WARNING: 2 threads for alignment length 11 will slow down analysis
Optimizing NNI: done in 0.15014 secs using 99.49% CPU
WARNING: 2 threads for alignment length 11 will slow down analysis
Optimizing NNI: done in 0.277588 secs using 99.04% CPU
WARNING: 2 threads for alignment length 11 will slow down analysis
Optimizing NNI: done in 0.176243 secs using 99.72% CPU
WARNING: 2 threads for alignment length 12 will slow down analysis
Optimizing NNI: done in 0.127516 secs using 100% CPU
WARNING: 2 threads for alignment length 12 will slow down analysis
Optimizing NNI: done in 0.446101 secs using 98.81% CPU
WARNING: 2 threads for alignment length 10 will slow down analysis
Optimizing NNI: done in 0.167687 secs using 99.49% CPU
WARNING: 2 threads for alignment length 12 will slow down analysis
Optimizing NNI: done in 0.139719 secs using 99.69% CPU
WARNING: 2 threads for alignment length 10 will slow down analysis
Optimizing NNI: done in 0.228042 secs using 99.27% CPU
WARNING: 2 threads for alignment length 9 will slow down analysis
Optimizing NNI: done in 0.223327 secs using 99.29% CPU
WARNING: 2 threads for alignment length 10 will slow down analysis
Optimizing NNI: done in 0.274224 secs using 98.97% CPU
WARNING: 2 threads for alignment length 10 will slow down analysis
Optimizing NNI: done in 0.18282 secs using 99.35% CPU
WARNING: 2 threads for alignment length 9 will slow down analysis
Optimizing NNI: done in 0.295963 secs using 99.1% CPU
WARNING: 2 threads for alignment length 11 will slow down analysis
Optimizing NNI: done in 0.257797 secs using 99.17% CPU
WARNING: 2 threads for alignment length 11 will slow down analysis
Optimizing NNI: done in 0.0844959 secs using 101.1% CPU
WARNING: 2 threads for alignment length 10 will slow down analysis
Optimizing NNI: done in 0.240114 secs using 99.37% CPU
WARNING: 2 threads for alignment length 12 will slow down analysis
Optimizing NNI: done in 0.343033 secs using 99.06% CPU
WARNING: 2 threads for alignment length 11 will slow down analysis
Optimizing NNI: done in 0.279693 secs using 99.1% CPU
WARNING: 2 threads for alignment length 11 will slow down analysis
Optimizing NNI: done in 0.293284 secs using 98.99% CPU
WARNING: 2 threads for alignment length 10 will slow down analysis
Optimizing NNI: done in 0.578384 secs using 98.68% CPU
WARNING: 2 threads for alignment length 10 will slow down analysis
Optimizing NNI: done in 0.117722 secs using 91.38% CPU
WARNING: 2 threads for alignment length 12 will slow down analysis
Optimizing NNI: done in 0.258248 secs using 99.27% CPU
WARNING: 2 threads for alignment length 12 will slow down analysis
Optimizing NNI: done in 0.121973 secs using 99.8% CPU
WARNING: 2 threads for alignment length 11 will slow down analysis
Optimizing NNI: done in 0.217108 secs using 99.07% CPU
WARNING: 2 threads for alignment length 10 will slow down analysis
Optimizing NNI: done in 0.197218 secs using 99.17% CPU
WARNING: 2 threads for alignment length 9 will slow down analysis
Optimizing NNI: done in 0.414886 secs using 98.81% CPU
WARNING: 2 threads for alignment length 11 will slow down analysis
Optimizing NNI: done in 0.217177 secs using 99.17% CPU
WARNING: 2 threads for alignment length 9 will slow down analysis
Optimizing NNI: done in 0.569729 secs using 98.64% CPU
WARNING: 2 threads for alignment length 11 will slow down analysis
Optimizing NNI: done in 0.196066 secs using 99.33% CPU
WARNING: 2 threads for alignment length 9 will slow down analysis
Optimizing NNI: done in 0.363605 secs using 98.87% CPU
WARNING: 2 threads for alignment length 10 will slow down analysis
Optimizing NNI: done in 0.136347 secs using 99.63% CPU
WARNING: 2 threads for alignment length 12 will slow down analysis
Optimizing NNI: done in 0.115222 secs using 99.94% CPU
WARNING: 2 threads for alignment length 10 will slow down analysis
Optimizing NNI: done in 0.366673 secs using 98.8% CPU
WARNING: 2 threads for alignment length 11 will slow down analysis
Optimizing NNI: done in 0.114556 secs using 99.63% CPU
WARNING: 2 threads for alignment length 12 will slow down analysis
Optimizing NNI: done in 0.200236 secs using 99.08% CPU
WARNING: 2 threads for alignment length 13 will slow down analysis
Optimizing NNI: done in 0.316219 secs using 98.75% CPU
WARNING: 2 threads for alignment length 12 will slow down analysis
Optimizing NNI: done in 0.081577 secs using 99.91% CPU
WARNING: 2 threads for alignment length 10 will slow down analysis
Optimizing NNI: done in 0.175975 secs using 99.1% CPU
WARNING: 2 threads for alignment length 13 will slow down analysis
Optimizing NNI: done in 0.0870062 secs using 99.74% CPU
WARNING: 2 threads for alignment length 10 will slow down analysis
Optimizing NNI: done in 0.110249 secs using 99.47% CPU
WARNING: 2 threads for alignment length 11 will slow down analysis
Optimizing NNI: done in 0.168106 secs using 99.05% CPU
WARNING: 2 threads for alignment length 10 will slow down analysis
Optimizing NNI: done in 0.319245 secs using 98.84% CPU
WARNING: 2 threads for alignment length 12 will slow down analysis
Optimizing NNI: done in 0.197347 secs using 99.06% CPU
WARNING: 2 threads for alignment length 11 will slow down analysis
Optimizing NNI: done in 0.210908 secs using 99.06% CPU
WARNING: 2 threads for alignment length 9 will slow down analysis
Optimizing NNI: done in 0.145566 secs using 99.36% CPU
WARNING: 2 threads for alignment length 10 will slow down analysis
Optimizing NNI: done in 0.396725 secs using 98.73% CPU
WARNING: 2 threads for alignment length 10 will slow down analysis
Optimizing NNI: done in 0.115851 secs using 99.58% CPU
WARNING: 2 threads for alignment length 10 will slow down analysis
Optimizing NNI: done in 0.148282 secs using 99.75% CPU
WARNING: 2 threads for alignment length 12 will slow down analysis
Optimizing NNI: done in 0.0911514 secs using 99.83% CPU
WARNING: 2 threads for alignment length 11 will slow down analysis
Optimizing NNI: done in 0.0656209 secs using 100.3% CPU
WARNING: 2 threads for alignment length 12 will slow down analysis
Optimizing NNI: done in 0.145958 secs using 99.32% CPU
WARNING: 2 threads for alignment length 12 will slow down analysis
Optimizing NNI: done in 0.0955389 secs using 99.6% CPU
WARNING: 2 threads for alignment length 11 will slow down analysis
Optimizing NNI: done in 0.229452 secs using 98.88% CPU
WARNING: 2 threads for alignment length 9 will slow down analysis
Optimizing NNI: done in 0.287342 secs using 98.86% CPU
WARNING: 2 threads for alignment length 10 will slow down analysis
Optimizing NNI: done in 0.119285 secs using 99.49% CPU
WARNING: 2 threads for alignment length 11 will slow down analysis
Optimizing NNI: done in 0.251474 secs using 98.88% CPU
WARNING: 2 threads for alignment length 12 will slow down analysis
Optimizing NNI: done in 0.173099 secs using 99.15% CPU
WARNING: 2 threads for alignment length 9 will slow down analysis
Optimizing NNI: done in 0.3133 secs using 98.86% CPU
WARNING: 2 threads for alignment length 12 will slow down analysis
Optimizing NNI: done in 0.180183 secs using 99.12% CPU
WARNING: 2 threads for alignment length 9 will slow down analysis
Optimizing NNI: done in 0.316138 secs using 95.73% CPU
WARNING: 2 threads for alignment length 10 will slow down analysis
Optimizing NNI: done in 0.174036 secs using 99.17% CPU
WARNING: 2 threads for alignment length 13 will slow down analysis
Optimizing NNI: done in 0.22133 secs using 99.23% CPU
WARNING: 2 threads for alignment length 12 will slow down analysis
Optimizing NNI: done in 0.130301 secs using 99.66% CPU
WARNING: 2 threads for alignment length 12 will slow down analysis
Optimizing NNI: done in 0.152193 secs using 99.45% CPU
WARNING: 2 threads for alignment length 11 will slow down analysis
Optimizing NNI: done in 0.37686 secs using 98.79% CPU
WARNING: 2 threads for alignment length 11 will slow down analysis
Optimizing NNI: done in 0.314306 secs using 98.84% CPU
WARNING: 2 threads for alignment length 11 will slow down analysis
Optimizing NNI: done in 0.115356 secs using 99.59% CPU
WARNING: 2 threads for alignment length 12 will slow down analysis
Optimizing NNI: done in 0.115684 secs using 99.54% CPU
WARNING: 2 threads for alignment length 7 will slow down analysis
Optimizing NNI: done in 0.171107 secs using 99.18% CPU
WARNING: 2 threads for alignment length 13 will slow down analysis
Optimizing NNI: done in 0.0780099 secs using 99.94% CPU
WARNING: 2 threads for alignment length 9 will slow down analysis
Optimizing NNI: done in 0.0780316 secs using 99.95% CPU
WARNING: 2 threads for alignment length 12 will slow down analysis
Optimizing NNI: done in 0.102408 secs using 99.79% CPU
WARNING: 2 threads for alignment length 11 will slow down analysis
Optimizing NNI: done in 0.108895 secs using 99.45% CPU
WARNING: 2 threads for alignment length 13 will slow down analysis
Optimizing NNI: done in 0.0934798 secs using 99.63% CPU
WARNING: 2 threads for alignment length 11 will slow down analysis
Optimizing NNI: done in 0.0793341 secs using 99.91% CPU
WARNING: 2 threads for alignment length 11 will slow down analysis
Optimizing NNI: done in 0.181241 secs using 99.08% CPU
WARNING: 2 threads for alignment length 11 will slow down analysis
Optimizing NNI: done in 0.118592 secs using 99.55% CPU
WARNING: 2 threads for alignment length 13 will slow down analysis
Optimizing NNI: done in 0.118139 secs using 99.46% CPU
WARNING: 2 threads for alignment length 9 will slow down analysis
Optimizing NNI: done in 0.142628 secs using 99.31% CPU
WARNING: 2 threads for alignment length 8 will slow down analysis
Optimizing NNI: done in 0.162302 secs using 99.17% CPU
WARNING: 2 threads for alignment length 11 will slow down analysis
Optimizing NNI: done in 0.138516 secs using 99.34% CPU
WARNING: 2 threads for alignment length 11 will slow down analysis
Optimizing NNI: done in 0.0460612 secs using 101.2% CPU
WARNING: 2 threads for alignment length 10 will slow down analysis
Optimizing NNI: done in 0.215583 secs using 99.07% CPU
WARNING: 2 threads for alignment length 12 will slow down analysis
Optimizing NNI: done in 0.177234 secs using 99.14% CPU
WARNING: 2 threads for alignment length 12 will slow down analysis
Optimizing NNI: done in 0.0806968 secs using 99.96% CPU
WARNING: 2 threads for alignment length 10 will slow down analysis
Optimizing NNI: done in 0.197531 secs using 99.05% CPU
WARNING: 2 threads for alignment length 11 will slow down analysis
Optimizing NNI: done in 0.288611 secs using 98.95% CPU
WARNING: 2 threads for alignment length 13 will slow down analysis
Optimizing NNI: done in 0.305408 secs using 98.82% CPU
WARNING: 2 threads for alignment length 13 will slow down analysis
Optimizing NNI: done in 0.169993 secs using 99.17% CPU
WARNING: 2 threads for alignment length 10 will slow down analysis
Optimizing NNI: done in 0.242535 secs using 98.94% CPU
WARNING: 2 threads for alignment length 12 will slow down analysis
Optimizing NNI: done in 0.160219 secs using 99.23% CPU
WARNING: 2 threads for alignment length 11 will slow down analysis
Optimizing NNI: done in 0.345275 secs using 99.07% CPU
WARNING: 2 threads for alignment length 10 will slow down analysis
Optimizing NNI: done in 0.510938 secs using 98.69% CPU
WARNING: 2 threads for alignment length 8 will slow down analysis
Optimizing NNI: done in 0.123809 secs using 99.5% CPU
WARNING: 2 threads for alignment length 11 will slow down analysis
Optimizing NNI: done in 0.131377 secs using 100.1% CPU
WARNING: 2 threads for alignment length 12 will slow down analysis
Optimizing NNI: done in 0.16935 secs using 99.31% CPU
WARNING: 2 threads for alignment length 13 will slow down analysis
Optimizing NNI: done in 0.102106 secs using 99.83% CPU
900 samples done
WARNING: 2 threads for alignment length 12 will slow down analysis
Optimizing NNI: done in 0.252088 secs using 98.97% CPU
WARNING: 2 threads for alignment length 11 will slow down analysis
Optimizing NNI: done in 0.155318 secs using 99.31% CPU
WARNING: 2 threads for alignment length 10 will slow down analysis
Optimizing NNI: done in 0.300233 secs using 98.86% CPU
WARNING: 2 threads for alignment length 12 will slow down analysis
Optimizing NNI: done in 0.33369 secs using 98.82% CPU
WARNING: 2 threads for alignment length 10 will slow down analysis
Optimizing NNI: done in 0.141659 secs using 99.34% CPU
WARNING: 2 threads for alignment length 11 will slow down analysis
Optimizing NNI: done in 0.183117 secs using 99.15% CPU
WARNING: 2 threads for alignment length 10 will slow down analysis
Optimizing NNI: done in 0.290216 secs using 98.9% CPU
WARNING: 2 threads for alignment length 11 will slow down analysis
Optimizing NNI: done in 0.0602996 secs using 100.8% CPU
WARNING: 2 threads for alignment length 7 will slow down analysis
Optimizing NNI: done in 0.283175 secs using 98.86% CPU
WARNING: 2 threads for alignment length 11 will slow down analysis
Optimizing NNI: done in 0.143451 secs using 99.27% CPU
WARNING: 2 threads for alignment length 10 will slow down analysis
Optimizing NNI: done in 0.135397 secs using 99.35% CPU
WARNING: 2 threads for alignment length 8 will slow down analysis
Optimizing NNI: done in 0.34703 secs using 98.75% CPU
WARNING: 2 threads for alignment length 10 will slow down analysis
Optimizing NNI: done in 0.092029 secs using 99.76% CPU
WARNING: 2 threads for alignment length 11 will slow down analysis
Optimizing NNI: done in 0.181614 secs using 99.08% CPU
WARNING: 2 threads for alignment length 9 will slow down analysis
Optimizing NNI: done in 0.11203 secs using 99.84% CPU
WARNING: 2 threads for alignment length 8 will slow down analysis
Optimizing NNI: done in 0.424485 secs using 98.76% CPU
WARNING: 2 threads for alignment length 12 will slow down analysis
Optimizing NNI: done in 0.262539 secs using 98.98% CPU
WARNING: 2 threads for alignment length 12 will slow down analysis
Optimizing NNI: done in 0.16616 secs using 99.28% CPU
WARNING: 2 threads for alignment length 9 will slow down analysis
Optimizing NNI: done in 0.160078 secs using 99.24% CPU
WARNING: 2 threads for alignment length 10 will slow down analysis
Optimizing NNI: done in 0.190566 secs using 99.11% CPU
WARNING: 2 threads for alignment length 10 will slow down analysis
Optimizing NNI: done in 0.093703 secs using 99.77% CPU
WARNING: 2 threads for alignment length 10 will slow down analysis
Optimizing NNI: done in 0.105844 secs using 99.54% CPU
WARNING: 2 threads for alignment length 10 will slow down analysis
Optimizing NNI: done in 0.203166 secs using 99.05% CPU
WARNING: 2 threads for alignment length 10 will slow down analysis
Optimizing NNI: done in 0.137744 secs using 99.35% CPU
WARNING: 2 threads for alignment length 10 will slow down analysis
Optimizing NNI: done in 0.22944 secs using 98.94% CPU
WARNING: 2 threads for alignment length 12 will slow down analysis
Optimizing NNI: done in 0.0876753 secs using 99.83% CPU
WARNING: 2 threads for alignment length 11 will slow down analysis
Optimizing NNI: done in 0.176319 secs using 99.06% CPU
WARNING: 2 threads for alignment length 9 will slow down analysis
Optimizing NNI: done in 0.154634 secs using 99.22% CPU
WARNING: 2 threads for alignment length 11 will slow down analysis
Optimizing NNI: done in 0.0862313 secs using 99.79% CPU
WARNING: 2 threads for alignment length 9 will slow down analysis
Optimizing NNI: done in 0.235096 secs using 98.91% CPU
WARNING: 2 threads for alignment length 13 will slow down analysis
Optimizing NNI: done in 0.197933 secs using 99.03% CPU
WARNING: 2 threads for alignment length 9 will slow down analysis
Optimizing NNI: done in 0.184658 secs using 99.11% CPU
WARNING: 2 threads for alignment length 11 will slow down analysis
Optimizing NNI: done in 0.146193 secs using 99.73% CPU
WARNING: 2 threads for alignment length 10 will slow down analysis
Optimizing NNI: done in 0.23662 secs using 99.01% CPU
WARNING: 2 threads for alignment length 11 will slow down analysis
Optimizing NNI: done in 0.198578 secs using 99.13% CPU
WARNING: 2 threads for alignment length 12 will slow down analysis
Optimizing NNI: done in 0.372258 secs using 98.77% CPU
WARNING: 2 threads for alignment length 12 will slow down analysis
Optimizing NNI: done in 0.189269 secs using 99.31% CPU
WARNING: 2 threads for alignment length 11 will slow down analysis
Optimizing NNI: done in 0.148495 secs using 99.34% CPU
WARNING: 2 threads for alignment length 13 will slow down analysis
Optimizing NNI: done in 0.145241 secs using 99.36% CPU
WARNING: 2 threads for alignment length 11 will slow down analysis
Optimizing NNI: done in 0.146488 secs using 99.33% CPU
WARNING: 2 threads for alignment length 9 will slow down analysis
Optimizing NNI: done in 0.220973 secs using 99.04% CPU
WARNING: 2 threads for alignment length 10 will slow down analysis
Optimizing NNI: done in 0.286613 secs using 98.99% CPU
WARNING: 2 threads for alignment length 9 will slow down analysis
Optimizing NNI: done in 0.179118 secs using 99.17% CPU
WARNING: 2 threads for alignment length 9 will slow down analysis
Optimizing NNI: done in 0.167338 secs using 99.2% CPU
WARNING: 2 threads for alignment length 13 will slow down analysis
Optimizing NNI: done in 0.0652939 secs using 100.5% CPU
WARNING: 2 threads for alignment length 12 will slow down analysis
Optimizing NNI: done in 0.164287 secs using 99.53% CPU
WARNING: 2 threads for alignment length 11 will slow down analysis
Optimizing NNI: done in 0.134829 secs using 99.61% CPU
WARNING: 2 threads for alignment length 13 will slow down analysis
Optimizing NNI: done in 0.157475 secs using 99.46% CPU
WARNING: 2 threads for alignment length 11 will slow down analysis
Optimizing NNI: done in 0.224856 secs using 99.04% CPU
WARNING: 2 threads for alignment length 10 will slow down analysis
Optimizing NNI: done in 0.093572 secs using 99.94% CPU
WARNING: 2 threads for alignment length 13 will slow down analysis
Optimizing NNI: done in 0.201536 secs using 94.26% CPU
WARNING: 2 threads for alignment length 12 will slow down analysis
Optimizing NNI: done in 0.153711 secs using 99.29% CPU
WARNING: 2 threads for alignment length 10 will slow down analysis
Optimizing NNI: done in 0.171828 secs using 99.21% CPU
WARNING: 2 threads for alignment length 12 will slow down analysis
Optimizing NNI: done in 0.13451 secs using 99.39% CPU
WARNING: 2 threads for alignment length 12 will slow down analysis
Optimizing NNI: done in 0.310311 secs using 98.84% CPU
WARNING: 2 threads for alignment length 12 will slow down analysis
Optimizing NNI: done in 0.189954 secs using 99.2% CPU
WARNING: 2 threads for alignment length 11 will slow down analysis
Optimizing NNI: done in 0.196696 secs using 99.12% CPU
WARNING: 2 threads for alignment length 13 will slow down analysis
Optimizing NNI: done in 0.12163 secs using 99.31% CPU
WARNING: 2 threads for alignment length 11 will slow down analysis
Optimizing NNI: done in 0.0848739 secs using 99.81% CPU
WARNING: 2 threads for alignment length 10 will slow down analysis
Optimizing NNI: done in 0.10366 secs using 100.6% CPU
WARNING: 2 threads for alignment length 11 will slow down analysis
Optimizing NNI: done in 0.116473 secs using 99.44% CPU
WARNING: 2 threads for alignment length 9 will slow down analysis
Optimizing NNI: done in 0.334481 secs using 99.05% CPU
WARNING: 2 threads for alignment length 12 will slow down analysis
Optimizing NNI: done in 0.200854 secs using 99.62% CPU
WARNING: 2 threads for alignment length 12 will slow down analysis
Optimizing NNI: done in 0.158614 secs using 99.51% CPU
WARNING: 2 threads for alignment length 12 will slow down analysis
Optimizing NNI: done in 0.178431 secs using 99.25% CPU
WARNING: 2 threads for alignment length 11 will slow down analysis
Optimizing NNI: done in 0.172931 secs using 99.56% CPU
WARNING: 2 threads for alignment length 11 will slow down analysis
Optimizing NNI: done in 0.147666 secs using 99.54% CPU
WARNING: 2 threads for alignment length 14 will slow down analysis
Optimizing NNI: done in 0.162907 secs using 99.39% CPU
WARNING: 2 threads for alignment length 12 will slow down analysis
Optimizing NNI: done in 0.196916 secs using 99.14% CPU
WARNING: 2 threads for alignment length 11 will slow down analysis
Optimizing NNI: done in 0.125007 secs using 99.69% CPU
WARNING: 2 threads for alignment length 12 will slow down analysis
Optimizing NNI: done in 0.129978 secs using 99.47% CPU
WARNING: 2 threads for alignment length 10 will slow down analysis
Optimizing NNI: done in 0.0866931 secs using 99.94% CPU
WARNING: 2 threads for alignment length 13 will slow down analysis
Optimizing NNI: done in 0.0996865 secs using 99.55% CPU
WARNING: 2 threads for alignment length 12 will slow down analysis
Optimizing NNI: done in 0.19357 secs using 98.99% CPU
WARNING: 2 threads for alignment length 10 will slow down analysis
Optimizing NNI: done in 0.142905 secs using 99.44% CPU
WARNING: 2 threads for alignment length 8 will slow down analysis
Optimizing NNI: done in 0.308382 secs using 98.81% CPU
WARNING: 2 threads for alignment length 12 will slow down analysis
Optimizing NNI: done in 0.113587 secs using 99.54% CPU
WARNING: 2 threads for alignment length 10 will slow down analysis
Optimizing NNI: done in 0.261225 secs using 99.13% CPU
WARNING: 2 threads for alignment length 10 will slow down analysis
Optimizing NNI: done in 0.332887 secs using 98.89% CPU
WARNING: 2 threads for alignment length 12 will slow down analysis
Optimizing NNI: done in 0.235861 secs using 99.15% CPU
WARNING: 2 threads for alignment length 11 will slow down analysis
Optimizing NNI: done in 0.665608 secs using 98.64% CPU
WARNING: 2 threads for alignment length 11 will slow down analysis
Optimizing NNI: done in 0.262351 secs using 99.16% CPU
WARNING: 2 threads for alignment length 10 will slow down analysis
Optimizing NNI: done in 0.22462 secs using 99.13% CPU
WARNING: 2 threads for alignment length 13 will slow down analysis
Optimizing NNI: done in 0.229063 secs using 99.12% CPU
WARNING: 2 threads for alignment length 12 will slow down analysis
Optimizing NNI: done in 0.233755 secs using 99.26% CPU
WARNING: 2 threads for alignment length 14 will slow down analysis
Optimizing NNI: done in 0.18299 secs using 99.41% CPU
WARNING: 2 threads for alignment length 13 will slow down analysis
Optimizing NNI: done in 0.208731 secs using 99.14% CPU
WARNING: 2 threads for alignment length 12 will slow down analysis
Optimizing NNI: done in 0.266091 secs using 99.14% CPU
WARNING: 2 threads for alignment length 10 will slow down analysis
Optimizing NNI: done in 0.221638 secs using 99.2% CPU
WARNING: 2 threads for alignment length 10 will slow down analysis
Optimizing NNI: done in 0.346766 secs using 98.89% CPU
WARNING: 2 threads for alignment length 10 will slow down analysis
Optimizing NNI: done in 0.480209 secs using 99.02% CPU
WARNING: 2 threads for alignment length 14 will slow down analysis
Optimizing NNI: done in 0.463374 secs using 98.84% CPU
WARNING: 2 threads for alignment length 10 will slow down analysis
Optimizing NNI: done in 0.370261 secs using 98.94% CPU
WARNING: 2 threads for alignment length 11 will slow down analysis
Optimizing NNI: done in 0.197134 secs using 99.53% CPU
WARNING: 2 threads for alignment length 10 will slow down analysis
Optimizing NNI: done in 0.26101 secs using 99.02% CPU
WARNING: 2 threads for alignment length 12 will slow down analysis
Optimizing NNI: done in 0.44759 secs using 98.94% CPU
WARNING: 2 threads for alignment length 11 will slow down analysis
Optimizing NNI: done in 0.492441 secs using 98.73% CPU
WARNING: 2 threads for alignment length 12 will slow down analysis
Optimizing NNI: done in 0.548797 secs using 98.86% CPU
WARNING: 2 threads for alignment length 12 will slow down analysis
Optimizing NNI: done in 0.156647 secs using 99.74% CPU
WARNING: 2 threads for alignment length 12 will slow down analysis
Optimizing NNI: done in 0.385475 secs using 98.98% CPU
1000 samples done
Total 982 ufboot trees refined
TREE SEARCH COMPLETED AFTER 102 ITERATIONS / Time: 0h:11m:52s

--------------------------------------------------------------------
|                    FINALIZING TREE SEARCH                        |
--------------------------------------------------------------------
Performs final model parameters optimization
Estimate model parameters (epsilon = 0.010)
1. Initial log-likelihood: -322.167
Optimal log-likelihood: -322.167
Nonsynonymous/synonymous ratio (omega): 0.013
Transition/transversion ratio (kappa): 1.136
Gamma shape alpha: 2.697
Parameters optimization took 1 rounds (0.173 sec)
BEST SCORE FOUND : -322.167

Testing tree branches by SH-like aLRT with 1000 replicates...
0.162 sec.
Creating bootstrap support values...
Split supports printed to NEXUS file Sorensen2006.H3.Aligned.NT.Subsampled.fas.splits.nex
Total tree length: 7.868

Total number of iterations: 102
CPU time used for tree search: 614.805 sec (0h:10m:14s)
Wall-clock time used for tree search: 488.606 sec (0h:8m:8s)
Total CPU time used: 1036.907 sec (0h:17m:16s)
Total wall-clock time used: 713.149 sec (0h:11m:53s)
UFBoot trees printed to Sorensen2006.H3.Aligned.NT.Subsampled.fas.ufboot

Computing bootstrap consensus tree...
Reading input file Sorensen2006.H3.Aligned.NT.Subsampled.fas.splits.nex...
16 taxa and 354 splits.
Consensus tree written to Sorensen2006.H3.Aligned.NT.Subsampled.fas.contree
Reading input trees file Sorensen2006.H3.Aligned.NT.Subsampled.fas.contree
Log-likelihood of consensus tree: -322.334

Analysis results written to: 
  IQ-TREE report:                Sorensen2006.H3.Aligned.NT.Subsampled.fas.iqtree
  Maximum-likelihood tree:       Sorensen2006.H3.Aligned.NT.Subsampled.fas.treefile
  Likelihood distances:          Sorensen2006.H3.Aligned.NT.Subsampled.fas.mldist

Ultrafast bootstrap approximation results written to:
  Split support values:          Sorensen2006.H3.Aligned.NT.Subsampled.fas.splits.nex
  Consensus tree:                Sorensen2006.H3.Aligned.NT.Subsampled.fas.contree
  UFBoot trees:                  Sorensen2006.H3.Aligned.NT.Subsampled.fas.ufboot
  Screen log file:               Sorensen2006.H3.Aligned.NT.Subsampled.fas.log

Date and Time: Thu May 22 03:11:26 2025
