IQ-TREE version 3.0.1 for Linux x86 64-bit built May 22 2025
Developed by Bui Quang Minh, Thomas Wong, Nhan Ly-Trong, Huaiyan Ren
Contributed by Lam-Tung Nguyen, Dominik Schrempf, Chris Bielow,
Olga Chernomor, Michael Woodhams, Diep Thi Hoang, Heiko Schmidt

Host:    Hiroaki (AVX2, FMA3, 15 GB RAM)
Command: ../../iqtree3ForkBuild/build/iqtree3 -s Yamasaki2015.18S28S.Subsampled.fas -m MIX+MFP -mrate-twice 1 -B 1000 -bnni -alrt 1000 -T AUTO --redo
Seed:    731225 (Using SPRNG - Scalable Parallel Random Number Generator)
Time:    Thu May 22 03:09:18 2025
Kernel:  AVX+FMA - auto-detect threads (8 CPU cores detected)

Reading alignment file Yamasaki2015.18S28S.Subsampled.fas ... Fasta format detected
Reading fasta file: done in 0.000647957 secs using 20.68% CPU
Alignment most likely contains DNA/RNA sequences
Constructing alignment: done in 9.107e-05 secs using 96.63% CPU
Alignment has 50 sequences with 50 columns, 27 distinct patterns
16 parsimony-informative, 8 singleton sites, 26 constant sites
                                  Gap/Ambiguity  Composition  p-value
Analyzing sequences: done in 0.00427895 secs using 993.1% CPU
   1  Amphiporus_sp.                      0.00%    passed     94.74%
   2  Anaspides_tasmaniae                 0.00%    passed     98.02%
   3  Anoplodactylus_portus               0.00%    passed     99.28%
   4  Ascaris_lumbricoides                0.00%    passed     98.01%
   5  Callibaetis_ferrugineus             0.00%    passed     98.17%
   6  Callipallene_sp.                    0.00%    passed     99.28%
   7  Calocheiridius_cf._termitophilus    0.00%    passed     96.21%
   8  Cherokia_georgiana                  0.00%    passed     99.22%
   9  Chordodes_morgani                   0.00%    passed     89.39%
  10  Ciona_intestinalis                  0.00%    passed     97.21%
  11  Craterostigmus_tasmanianus          0.00%    passed     99.22%
  12  Cyprididae_sp.                      0.00%    passed     99.28%
  13  Dilta_littoralis                    0.00%    passed     98.17%
  14  Eremobates_sp.                      0.00%    passed     98.09%
  15  Eulimnadia_texana                   0.00%    passed     98.31%
  16  Gaetice_depressus                   0.00%    passed     98.31%
  17  Gomphocerinae_sp.                   0.00%    passed     99.90%
  18  Gordius_aquaticus                   0.00%    passed     73.63%
  19  Gromphadorhina_laevigata            0.00%    passed     98.17%
  20  Halicryptus_spinulosus              0.00%    passed     99.49%
  21  Heteromysis_sp.                     0.00%    passed     99.49%
  22  Homarus_americanus                  0.00%    passed     97.21%
  23  Limulus_polyphemus                  0.00%    passed     98.09%
  24  Mantis_religiosa                    0.00%    passed     98.17%
  25  Mastigoproctus_giganteus            0.00%    passed     99.22%
  26  Mecaphesa_asperata                  0.00%    passed     99.90%
  27  Merope_tuber                        0.00%    passed     90.52%
  28  Milnesium_tardigradum               0.00%    passed     98.09%
  29  Orthoporus_sp.                      0.00%    passed     99.22%
  30  Pandinus_imperator                  0.00%    passed     99.49%
  31  Panulirus_argus                     0.00%    passed     93.39%
  32  Peripatoides_novaezealandiae        0.00%    passed     96.38%
  33  Placopecten_magellanicus            0.00%    passed     96.79%
  34  Podura_aquatica                     0.00%    passed     93.66%
  35  Polyxenidae_sp.                     0.00%    passed     99.28%
  36  Priapulus_caudatus                  0.00%    passed     99.49%
  37  Ptychodera_flava                    0.00%    passed     99.28%
  38  Pycnophyes_sp.                      0.00%    passed     82.05%
  39  Rugiloricus_sp.                     0.00%    passed     91.71%
  40  Scutigera_coleoptrata               0.00%    passed     99.22%
  41  Siro_rubens                         0.00%    passed     99.49%
  42  Sminthurus_viridis                  0.00%    passed     98.09%
  43  Squilla_empusa                      2.00%    passed     99.12%
  44  Stylochus_zebra                     0.00%    passed     90.84%
  45  Trichinella_spiralis                0.00%    passed     89.32%
  46  Triops_longicaudatus                0.00%    passed     89.57%
  47  Urechis_caupo                       0.00%    passed     96.79%
  48  Vespula_pensylvanica                0.00%    passed     92.73%
  49  Xiphinema_rivesi                    0.00%    passed     96.21%
  50  Zootermopsis_angusticollis          0.00%    passed     98.17%
****  TOTAL                               0.04%  0 sequences failed composition chi2 test (p-value<5%; df=3)
NOTE: Callipallene_sp. is identical to Anoplodactylus_portus but kept for subsequent analysis
NOTE: Gromphadorhina_laevigata is identical to Callibaetis_ferrugineus but kept for subsequent analysis
NOTE: Craterostigmus_tasmanianus is identical to Cherokia_georgiana but kept for subsequent analysis
NOTE: Gaetice_depressus is identical to Eulimnadia_texana but kept for subsequent analysis
NOTE: Heteromysis_sp. is identical to Halicryptus_spinulosus but kept for subsequent analysis
NOTE: Urechis_caupo is identical to Placopecten_magellanicus but kept for subsequent analysis
Checking for duplicate sequences: done in 0.00564917 secs using 550.8% CPU
Identifying sites to remove: done in 3.9335e-05 secs using 96.61% CPU
NOTE: 5 identical sequences (see below) will be ignored for subsequent analysis
NOTE: Mantis_religiosa (identical to Callibaetis_ferrugineus) is ignored but added at the end
NOTE: Zootermopsis_angusticollis (identical to Callibaetis_ferrugineus) is ignored but added at the end
NOTE: Mastigoproctus_giganteus (identical to Cherokia_georgiana) is ignored but added at the end
NOTE: Orthoporus_sp. (identical to Cherokia_georgiana) is ignored but added at the end
NOTE: Priapulus_caudatus (identical to Halicryptus_spinulosus) is ignored but added at the end
Alignment was printed to Yamasaki2015.18S28S.Subsampled.fas.uniqueseq.phy

For your convenience alignment with unique sequences printed to Yamasaki2015.18S28S.Subsampled.fas.uniqueseq.phy
--------------------------------------------------------------------
|                Running MixtureFinder                             |
--------------------------------------------------------------------


Create initial parsimony tree by phylogenetic likelihood library (PLL)... 0.002 seconds
Measuring multi-threading efficiency up to 8 CPU cores
Increase to 10 rounds for branch lengths
1140 trees examined
Threads: 1 / Time: 8.006 sec / Speedup: 1.000 / Efficiency: 100% / LogL: -534
Threads: 2 / Time: 10.390 sec / Speedup: 0.771 / Efficiency: 39% / LogL: -534
Determining AUTO threadcount: done in 18.3977 secs using 146.5% CPU
BEST NUMBER OF THREADS: 1

Perform fast likelihood tree search using GTR+I+G model...
Estimate model parameters (epsilon = 5.000)
Perform nearest neighbor interchange...
Optimizing NNI: done in 0.0393452 secs using 97.99% CPU
Estimate model parameters (epsilon = 1.000)
1. Initial log-likelihood: -373.326
2. Current log-likelihood: -372.197
Optimal log-likelihood: -372.176
Rate parameters:  A-C: 3.37379  A-G: 7.65115  A-T: 8.08880  C-G: 1.85084  C-T: 8.98607  G-T: 1.00000
Base frequencies:  A: 0.305  C: 0.231  G: 0.223  T: 0.241
Proportion of invariable sites: 0.257
Gamma shape alpha: 0.942
Parameters optimization took 2 rounds (0.021 sec)
Time for fast ML tree search: 0.077 seconds

NOTE: ModelFinder requires 0 MB RAM!
ModelFinder will test up to 484 DNA models (sample size: 50 epsilon: 0.100) ...
 No. Model         -LnL         df  AIC          AICc         BIC
  1  JC            399.878      87  973.756      16285.756    1140.102
  2  JC+I          386.151      88  948.302      16612.302    1116.560
  3  JC+G4         382.410      88  940.819      16604.819    1109.077
  4  JC+I+G4       382.217      89  942.435      16962.435    1112.605
  5  JC+R2         382.496      89  942.992      16962.992    1113.162
  6  JC+R3         382.317      91  946.635      17690.635    1120.629
 14  JC+I+R2       382.298      90  944.597      17324.597    1116.679
 15  JC+I+R3       379.147      92  942.294      18054.294    1118.201
 24  F81+FO+I      384.189      91  950.379      17694.379    1124.373
 25  F81+FO+G4     380.152      91  942.304      17686.304    1116.298
 26  F81+FO+I+G4   379.963      92  943.926      18055.926    1119.832
 27  F81+FO+R2     380.189      92  944.377      18056.377    1120.283
 36  F81+FO+I+R2   379.970      93  945.940      18429.940    1123.758
 37  F81+FO+I+R3   376.887      95  943.773      19183.773    1125.416
 46  K2P+I         383.440      89  944.880      16964.880    1115.050
 47  K2P+G4        379.586      89  937.173      16957.173    1107.343
 48  K2P+I+G4      379.397      90  938.795      17318.795    1110.877
 49  K2P+R2        379.622      90  939.245      17319.245    1111.327
 58  K2P+I+R2      379.419      91  940.839      17684.839    1114.833
 59  K2P+I+R3      376.263      93  938.527      18422.527    1116.345
 68  HKY+FO+I      381.099      92  946.199      18058.199    1122.105
 69  HKY+FO+G4     376.590      92  937.180      18049.180    1113.087
 70  HKY+FO+I+G4   376.416      93  938.833      18422.833    1116.651
 71  HKY+FO+R2     376.583      93  939.166      18423.166    1116.984
 80  HKY+FO+I+R2   376.328      94  940.656      18800.656    1120.386
 81  HKY+FO+I+R3   373.293      96  938.585      19562.585    1122.140
 90  TNe+I         383.216      90  946.432      17326.432    1118.514
 91  TNe+G4        379.584      90  939.169      17319.169    1111.251
 92  TNe+I+G4      379.369      91  940.738      17684.738    1114.732
 93  TNe+R2        379.589      91  941.179      17685.179    1115.173
102  TNe+I+R2      379.408      92  942.816      18054.816    1118.723
103  TNe+I+R3      376.233      94  940.467      18800.467    1120.197
112  TN+FO+I       380.914      93  947.828      18431.828    1125.646
113  TN+FO+G4      376.523      93  939.047      18423.047    1116.865
114  TN+FO+I+G4    376.409      94  940.818      18800.818    1120.549
115  TN+FO+R2      376.329      94  940.657      18800.657    1120.387
124  TN+FO+I+R2    376.291      95  942.582      19182.582    1124.224
125  TN+FO+I+R3    373.162      97  940.324      19952.324    1125.790
134  K3P+I         381.752      90  943.505      17323.505    1115.587
135  K3P+G4        377.915      90  935.830      17315.830    1107.912
136  K3P+I+G4      377.721      91  937.443      17681.443    1111.437
137  K3P+R2        377.967      91  937.934      17681.934    1111.928
146  K3P+I+R2      377.747      92  939.494      18051.494    1115.400
147  K3P+I+R3      374.705      94  937.411      18797.411    1117.141
156  K3Pu+FO+I     379.651      93  945.302      18429.302    1123.120
157  K3Pu+FO+G4    375.139      93  936.279      18420.279    1114.097
158  K3Pu+FO+I+G4  374.951      94  937.902      18797.902    1117.633
159  K3Pu+FO+R2    375.162      94  938.325      18798.325    1118.055
168  K3Pu+FO+I+R2  374.943      95  939.887      19179.887    1121.529
169  K3Pu+FO+I+R3  371.737      97  937.474      19949.474    1122.940
178  TPM2+I        378.160      90  936.319      17316.319    1108.401
179  TPM2+G4       374.723      90  929.445      17309.445    1101.527
180  TPM2+I+G4     374.470      91  930.940      17674.940    1104.934
181  TPM2+R2       374.964      91  931.928      17675.928    1105.922
190  TPM2+I+R2     374.745      92  933.490      18045.490    1109.396
191  TPM2+I+R3     371.834      94  931.668      18791.668    1111.398
200  TPM2u+FO+I    377.502      93  941.004      18425.004    1118.822
201  TPM2u+FO+G4   374.114      93  934.229      18418.229    1112.047
202  TPM2u+FO+I+G4 373.861      94  935.722      18795.722    1115.452
203  TPM2u+FO+R2   374.325      94  936.650      18796.650    1116.380
212  TPM2u+FO+I+R2 373.959      95  937.917      19177.917    1119.560
213  TPM2u+FO+I+R3 371.183      97  936.367      19948.367    1121.833
222  TPM3+I        382.281      90  944.562      17324.562    1116.644
223  TPM3+G4       378.234      90  936.468      17316.468    1108.550
224  TPM3+I+G4     378.020      91  938.039      17682.039    1112.033
225  TPM3+R2       378.272      91  938.544      17682.544    1112.538
234  TPM3+I+R2     378.160      92  940.319      18052.319    1116.225
235  TPM3+I+R3     374.740      94  937.479      18797.479    1117.209
244  TPM3u+FO+I    380.199      93  946.398      18430.398    1124.216
245  TPM3u+FO+G4   375.438      93  936.875      18420.875    1114.693
246  TPM3u+FO+I+G4 375.198      94  938.396      18798.396    1118.127
247  TPM3u+FO+R2   375.475      94  938.950      18798.950    1118.680
256  TPM3u+FO+I+R2 375.337      95  940.673      19180.673    1122.316
257  TPM3u+FO+I+R3 371.796      97  937.592      19949.592    1123.058
266  TIMe+I        381.584      91  945.168      17689.168    1119.163
267  TIMe+G4       377.915      91  937.831      17681.831    1111.825
268  TIMe+I+G4     377.708      92  939.416      18051.416    1115.322
269  TIMe+R2       377.912      92  939.823      18051.823    1115.729
278  TIMe+I+R2     377.746      93  941.493      18425.493    1119.311
279  TIMe+I+R3     374.695      95  939.391      19179.391    1121.033
288  TIM+FO+I      379.527      94  947.055      18807.055    1126.785
289  TIM+FO+G4     375.030      94  938.060      18798.060    1117.791
290  TIM+FO+I+G4   374.932      95  939.864      19179.864    1121.506
291  TIM+FO+R2     374.777      95  939.555      19179.555    1121.197
300  TIM+FO+I+R2   374.881      96  941.761      19565.761    1125.315
301  TIM+FO+I+R3   371.539      98  939.079      20343.079    1126.457
310  TIM2e+I       377.991      91  937.983      17681.983    1111.977
311  TIM2e+G4      374.721      91  931.442      17675.442    1105.436
312  TIM2e+I+G4    374.474      92  932.948      18044.948    1108.855
313  TIM2e+R2      374.888      92  933.776      18045.776    1109.683
322  TIM2e+I+R2    374.744      93  935.488      18419.488    1113.306
323  TIM2e+I+R3    371.816      95  933.633      19173.633    1115.275
332  TIM2+FO+I     377.289      94  942.579      18802.579    1122.309
333  TIM2+FO+G4    374.107      94  936.215      18796.215    1115.945
334  TIM2+FO+I+G4  373.859      95  937.718      19177.718    1119.360
335  TIM2+FO+R2    374.176      95  938.351      19178.351    1119.993
344  TIM2+FO+I+R2  373.945      96  939.889      19563.889    1123.443
345  TIM2+FO+I+R3  371.172      98  938.345      20342.345    1125.723
354  TIM3e+I       382.043      91  946.087      17690.087    1120.081
355  TIM3e+G4      378.227      91  938.453      17682.453    1112.447
356  TIM3e+I+G4    377.964      92  939.929      18051.929    1115.835
357  TIM3e+R2      378.230      92  940.460      18052.460    1116.366
366  TIM3e+I+R2    378.100      93  942.201      18426.201    1120.019
367  TIM3e+I+R3    374.712      95  939.424      19179.424    1121.066
376  TIM3+FO+I     380.027      94  948.054      18808.054    1127.784
377  TIM3+FO+G4    375.391      94  938.783      18798.783    1118.513
378  TIM3+FO+I+G4  375.198      95  940.395      19180.395    1122.037
379  TIM3+FO+R2    375.097      95  940.195      19180.195    1121.837
388  TIM3+FO+I+R2  375.301      96  942.603      19566.603    1126.157
389  TIM3+FO+I+R3  371.647      98  939.295      20343.295    1126.673
398  TVMe+I        376.303      92  936.607      18048.607    1112.513
399  TVMe+G4       372.751      92  929.502      18041.502    1105.408
400  TVMe+I+G4     372.510      93  931.020      18415.020    1108.838
401  TVMe+R2       372.912      93  931.825      18415.825    1109.643
410  TVMe+I+R2     372.824      94  933.648      18793.648    1113.378
411  TVMe+I+R3     369.719      96  931.437      19555.437    1114.991
420  TVM+FO+I      375.923      95  941.847      19181.847    1123.489
421  TVM+FO+G4     372.327      95  934.654      19174.654    1116.296
422  TVM+FO+I+G4   372.066      96  936.132      19560.132    1119.686
423  TVM+FO+R2     372.515      96  937.029      19561.029    1120.583
432  TVM+FO+I+R2   372.291      97  938.582      19950.582    1124.048
433  TVM+FO+I+R3   369.071      99  936.141      20736.141    1125.432
442  SYM+I         376.142      93  938.284      18422.284    1116.102
443  SYM+G4        372.747      93  931.494      18415.494    1109.312
444  SYM+I+G4      372.506      94  933.012      18793.012    1112.742
445  SYM+R2        372.841      94  933.681      18793.681    1113.412
454  SYM+I+R2      372.817      95  935.634      19175.634    1117.276
455  SYM+I+R3      369.711      97  933.423      19945.423    1118.889
464  GTR+FO+I      375.743      96  943.486      19567.486    1127.041
465  GTR+FO+G4     372.321      96  936.643      19560.643    1120.197
466  GTR+FO+I+G4   372.061      97  938.121      19950.121    1123.587
467  GTR+FO+R2     372.316      97  938.632      19950.632    1124.099
476  GTR+FO+I+R2   372.277      98  940.554      20344.554    1127.932
477  GTR+FO+I+R3   369.065      100 938.130      21138.130    1129.332
Akaike Information Criterion:           TPM2+G4
Corrected Akaike Information Criterion: JC
Bayesian Information Criterion:         TPM2+G4
Best-fit model: TPM2+G4 chosen according to BIC

All model information printed to Yamasaki2015.18S28S.Subsampled.fas.model.gz
CPU time for ModelFinder: 28.712 seconds (0h:0m:28s)
Wall-clock time for ModelFinder: 20.294 seconds (0h:0m:20s)

Model: TPM2+G4; df: 90; loglike: -374.723; BIC score: 1101.527

Keep adding an additional class until there is no better BIC value

NOTE: MixtureFinder 2-class models requires 0 MB RAM!
ModelFinder will test up to 22 DNA models (sample size: 50 epsilon: 0.100) ...
 No. Model         -LnL         df  AIC          AICc         BIC
  1  MIX{TPM2,JC}+G4 371.881      91  925.762      17669.762    1099.756
  2  MIX{TPM2,F81+FO}+G4 371.366      94  930.733      18790.733    1110.463
  3  MIX{TPM2,K2P}+G4 371.416      92  926.831      18038.831    1102.738
  4  MIX{TPM2,HKY+FO}+G4 371.101      95  932.202      19172.202    1113.844
  5  MIX{TPM2,TNe}+G4 371.330      93  928.660      18412.660    1106.479
  6  MIX{TPM2,TN+FO}+G4 371.092      96  934.184      19558.184    1117.738
  7  MIX{TPM2,K3P}+G4 370.406      93  926.812      18410.812    1104.630
  8  MIX{TPM2,K3Pu+FO}+G4 369.106      96  930.212      19554.212    1113.767
  9  MIX{TPM2,TPM2}+G4 371.211      93  928.422      18412.422    1106.240
 10  MIX{TPM2,TPM2u+FO}+G4 373.320      96  938.639      19562.639    1122.194
 11  MIX{TPM2,TPM3}+G4 371.401      93  928.802      18412.802    1106.620
 12  MIX{TPM2,TPM3u+FO}+G4 373.485      96  938.971      19562.971    1122.525
 13  MIX{TPM2,TIMe}+G4 372.047      94  932.094      18792.094    1111.824
 14  MIX{TPM2,TIM+FO}+G4 369.026      97  932.053      19944.053    1117.519
 15  MIX{TPM2,TIM2e}+G4 372.086      94  932.171      18792.171    1111.901
 16  MIX{TPM2,TIM2+FO}+G4 369.546      97  933.093      19945.093    1118.559
 17  MIX{TPM2,TIM3e}+G4 372.197      94  932.395      18792.395    1112.125
 18  MIX{TPM2,TIM3+FO}+G4 370.480      97  934.960      19946.960    1120.426
 19  MIX{TPM2,TVMe}+G4 370.813      95  931.626      19171.626    1113.269
 20  MIX{TPM2,TVM+FO}+G4 369.020      98  934.040      20338.040    1121.418
 21  MIX{TPM2,SYM}+G4 370.036      96  932.072      19556.072    1115.626
 22  MIX{TPM2,GTR+FO}+G4 368.974      99  935.948      20735.948    1125.238
Best-fit model: MIX{TPM2,JC}+G4 chosen according to BIC

All model information printed to Yamasaki2015.18S28S.Subsampled.fas.model.gz
CPU time for MixtureFinder 2-class models: 1.885 seconds (0h:0m:1s)
Wall-clock time for MixtureFinder 2-class models: 1.947 seconds (0h:0m:1s)

Model: MIX{TPM2,JC}+G4; df: 91; loglike: -371.881; BIC score: 1099.756;

NOTE: MixtureFinder 3-class models requires 0 MB RAM!
ModelFinder will test up to 22 DNA models (sample size: 50 epsilon: 0.100) ...
 No. Model         -LnL         df  AIC          AICc         BIC
  1  MIX{TPM2,JC,JC}+G4 371.881      92  927.762      18039.762    1103.668
  2  MIX{TPM2,JC,F81+FO}+G4 371.390      95  932.780      19172.780    1114.423
  3  MIX{TPM2,JC,K2P}+G4 371.435      93  928.870      18412.870    1106.688
  4  MIX{TPM2,JC,HKY+FO}+G4 371.150      96  934.300      19558.300    1117.854
  5  MIX{TPM2,JC,TNe}+G4 371.347      94  930.694      18790.694    1110.424
  6  MIX{TPM2,JC,TN+FO}+G4 371.139      97  936.278      19948.278    1121.744
  7  MIX{TPM2,JC,K3P}+G4 370.414      94  928.828      18788.828    1108.558
  8  MIX{TPM2,JC,K3Pu+FO}+G4 370.035      97  934.070      19946.070    1119.536
  9  MIX{TPM2,JC,TPM2}+G4 371.223      94  930.445      18790.445    1110.175
 10  MIX{TPM2,JC,TPM2u+FO}+G4 369.314      97  932.628      19944.628    1118.094
 11  MIX{TPM2,JC,TPM3}+G4 371.410      94  930.820      18790.820    1110.550
 12  MIX{TPM2,JC,TPM3u+FO}+G4 371.119      97  936.238      19948.238    1121.704
 13  MIX{TPM2,JC,TIMe}+G4 370.301      95  930.601      19170.601    1112.243
 14  MIX{TPM2,JC,TIM+FO}+G4 369.991      98  935.981      20339.981    1123.360
 15  MIX{TPM2,JC,TIM2e}+G4 370.975      95  931.949      19171.949    1113.591
 16  MIX{TPM2,JC,TIM2+FO}+G4 369.229      98  934.457      20338.457    1121.836
 17  MIX{TPM2,JC,TIM3e}+G4 370.946      95  931.893      19171.893    1113.535
 18  MIX{TPM2,JC,TIM3+FO}+G4 370.656      98  937.311      20341.311    1124.690
 19  MIX{TPM2,JC,TVMe}+G4 367.947      96  927.895      19551.895    1111.449
 20  MIX{TPM2,JC,TVM+FO}+G4 367.879      99  933.757      20733.757    1123.047
 21  MIX{TPM2,JC,SYM}+G4 367.922      97  929.843      19941.843    1115.310
 22  MIX{TPM2,JC,GTR+FO}+G4 367.871      100 935.742      21135.742    1126.944
Best-fit model: MIX{TPM2,JC,JC}+G4 chosen according to BIC

All model information printed to Yamasaki2015.18S28S.Subsampled.fas.model.gz
CPU time for MixtureFinder 3-class models: 1.456 seconds (0h:0m:1s)
Wall-clock time for MixtureFinder 3-class models: 1.532 seconds (0h:0m:1s)

Model: MIX{TPM2,JC,JC}+G4; df: 92; loglike: -371.881; BIC score: 1103.668;

NOTE: MixtureFinder 2-class models requires 0 MB RAM!
ModelFinder will test up to 22 DNA models (sample size: 50 epsilon: 0.100) ...
 No. Model         -LnL         df  AIC          AICc         BIC
  1  MIX{TPM2,JC}  388.669      90  957.338      17337.338    1129.420
  2  MIX{TPM2,JC}+I 375.168      91  932.336      17676.336    1106.330
  3  MIX{TPM2,JC}+G4 371.881      91  925.762      17669.762    1099.756
  4  MIX{TPM2,JC}+I+G4 371.654      92  927.307      18039.307    1103.213
  5  MIX{TPM2,JC}+R2 372.111      92  928.222      18040.222    1104.128
  6  MIX{TPM2,JC}+R3 369.369      94  926.737      18786.737    1106.467
 14  MIX{TPM2,JC}+I+R2 371.974      93  929.948      18413.948    1107.766
 15  MIX{TPM2,JC}+I+R3 369.197      95  928.394      19168.394    1110.036
Best-fit model: MIX{TPM2,JC}+G4 chosen according to BIC

All model information printed to Yamasaki2015.18S28S.Subsampled.fas.model.gz
CPU time for MixtureFinder 2-class models: 0.305 seconds (0h:0m:0s)
Wall-clock time for MixtureFinder 2-class models: 0.337 seconds (0h:0m:0s)
-------------------------------------------------------
  Best-fit Q-Mixture model: MIX{TPM2,JC}+G4
-------------------------------------------------------
Generating 1000 samples for ultrafast bootstrap (seed: 731225)...

NOTE: 0 MB RAM (0 GB) is required!
Estimate model parameters (epsilon = 0.100)
1. Initial log-likelihood: -372.667
2. Current log-likelihood: -371.884
Optimal log-likelihood: -371.881
Rate parameters:  A-C: 71.12838  A-G: 100.00000  A-T: 71.12838  C-G: 1.00000  C-T: 100.00000  G-T: 1.00000
Warning! Some parameters hit the boundaries
Base frequencies:  A: 0.250  C: 0.250  G: 0.250  T: 0.250
Rate parameters:  A-C: 1.00000  A-G: 1.00000  A-T: 1.00000  C-G: 1.00000  C-T: 1.00000  G-T: 1.00000
Base frequencies:  A: 0.250  C: 0.250  G: 0.250  T: 0.250
Mixture weights: 0.789 0.211
Gamma shape alpha: 0.481
Parameters optimization took 2 rounds (0.055 sec)
Wrote distance file to... 
Computing ML distances based on estimated model parameters...
Calculating distance matrix: done in 0.0114695 secs using 97.99% CPU
Computing ML distances took 0.012431 sec (of wall-clock time) 0.011444 sec (of CPU time)
Setting up auxiliary I and S matrices: done in 9.3117e-05 secs using 97.73% CPU
Constructing RapidNJ tree: done in 0.000340142 secs using 103.2% CPU
Computing RapidNJ tree took 0.001150 sec (of wall-clock time) 0.000607 sec (of CPU time)
Log-likelihood of RapidNJ tree: -377.118
--------------------------------------------------------------------
|             INITIALIZING CANDIDATE TREE SET                      |
--------------------------------------------------------------------
Generating 98 parsimony trees... 0.175 second
Computing log-likelihood of 98 initial trees ... 0.161 seconds
Current best score: -369.701

Do NNI search on 20 best initial trees
Optimizing NNI: done in 0.0809405 secs using 86.14% CPU
Estimate model parameters (epsilon = 0.100)
BETTER TREE FOUND at iteration 1: -368.380
Optimizing NNI: done in 0.0998822 secs using 88.33% CPU
Optimizing NNI: done in 0.0780309 secs using 98.23% CPU
Estimate model parameters (epsilon = 0.100)
BETTER TREE FOUND at iteration 3: -367.837
Optimizing NNI: done in 0.0297994 secs using 65.57% CPU
Optimizing NNI: done in 0.0697233 secs using 97.91% CPU
Optimizing NNI: done in 0.0460961 secs using 77.1% CPU
Optimizing NNI: done in 0.08812 secs using 98.33% CPU
Optimizing NNI: done in 0.0763148 secs using 98.36% CPU
Optimizing NNI: done in 0.0688316 secs using 98.36% CPU
Optimizing NNI: done in 0.0469362 secs using 98.36% CPU
Iteration 10 / LogL: -374.575 / Time: 0h:0m:25s
Optimizing NNI: done in 0.0480052 secs using 98.36% CPU
Optimizing NNI: done in 0.119791 secs using 98.37% CPU
Optimizing NNI: done in 0.110946 secs using 89.64% CPU
Optimizing NNI: done in 0.0612523 secs using 82.36% CPU
Optimizing NNI: done in 0.128635 secs using 90.72% CPU
Optimizing NNI: done in 0.0850178 secs using 98.37% CPU
Optimizing NNI: done in 0.0708389 secs using 98.36% CPU
Optimizing NNI: done in 0.0315052 secs using 98.35% CPU
Optimizing NNI: done in 0.0715563 secs using 90.86% CPU
Optimizing NNI: done in 0.0652048 secs using 92.95% CPU
Iteration 20 / LogL: -375.709 / Time: 0h:0m:26s
Finish initializing candidate tree set (20)
Current best tree score: -367.837 / CPU time: 1.907
Number of iterations: 20
--------------------------------------------------------------------
|               OPTIMIZING CANDIDATE TREE SET                      |
--------------------------------------------------------------------
Optimizing NNI: done in 0.062663 secs using 92.78% CPU
Optimizing NNI: done in 0.0764455 secs using 85.71% CPU
Optimizing NNI: done in 0.0393113 secs using 90.05% CPU
Optimizing NNI: done in 0.0994215 secs using 88.5% CPU
Optimizing NNI: done in 0.0794801 secs using 98.37% CPU
Optimizing NNI: done in 0.120261 secs using 98.35% CPU
Optimizing NNI: done in 0.0960907 secs using 98.34% CPU
Estimate model parameters (epsilon = 0.100)
BETTER TREE FOUND at iteration 27: -366.931
Optimizing NNI: done in 0.117552 secs using 98.37% CPU
Optimizing NNI: done in 0.123722 secs using 90.59% CPU
Optimizing NNI: done in 0.0663256 secs using 98.34% CPU
Iteration 30 / LogL: -367.992 / Time: 0h:0m:27s (0h:0m:10s left)
Optimizing NNI: done in 0.0728921 secs using 98.36% CPU
Optimizing NNI: done in 0.0432999 secs using 64.79% CPU
Optimizing NNI: done in 0.0620615 secs using 98.3% CPU
Optimizing NNI: done in 0.0494661 secs using 98.36% CPU
Optimizing NNI: done in 0.0614057 secs using 98.38% CPU
Optimizing NNI: done in 0.0739442 secs using 98.38% CPU
Optimizing NNI: done in 0.206033 secs using 98.39% CPU
Optimizing NNI: done in 0.0804003 secs using 98.38% CPU
Optimizing NNI: done in 0.0909391 secs using 98.38% CPU
Optimizing NNI: done in 0.138101 secs using 91.37% CPU
Iteration 40 / LogL: -367.992 / Time: 0h:0m:28s (0h:0m:8s left)
Optimizing NNI: done in 0.0770802 secs using 98.37% CPU
Optimizing NNI: done in 0.0743143 secs using 98.38% CPU
Optimizing NNI: done in 0.0599317 secs using 98.38% CPU
Optimizing NNI: done in 0.105733 secs using 98.38% CPU
Optimizing NNI: done in 0.0629893 secs using 98.07% CPU
Optimizing NNI: done in 0.0831959 secs using 98.38% CPU
Optimizing NNI: done in 0.109669 secs using 89.43% CPU
Optimizing NNI: done in 0.0798234 secs using 98.38% CPU
Optimizing NNI: done in 0.101105 secs using 98.38% CPU
Optimizing NNI: done in 0.0386187 secs using 98.37% CPU
Iteration 50 / LogL: -380.795 / Time: 0h:0m:28s (0h:0m:7s left)
Optimizing NNI: done in 0.118264 secs using 98.37% CPU
Optimizing NNI: done in 0.0469217 secs using 98.37% CPU
Optimizing NNI: done in 0.0596738 secs using 82.36% CPU
Optimizing NNI: done in 0.0807767 secs using 98.38% CPU
Optimizing NNI: done in 0.0609168 secs using 98.38% CPU
Optimizing NNI: done in 0.0795503 secs using 98.38% CPU
Optimizing NNI: done in 0.0595872 secs using 98.38% CPU
Optimizing NNI: done in 0.0857112 secs using 98.38% CPU
Optimizing NNI: done in 0.103202 secs using 88.97% CPU
Optimizing NNI: done in 0.0492408 secs using 78.38% CPU
Iteration 60 / LogL: -366.980 / Time: 0h:0m:29s (0h:0m:6s left)
Optimizing NNI: done in 0.110373 secs using 80.95% CPU
Optimizing NNI: done in 0.0599868 secs using 98.32% CPU
Optimizing NNI: done in 0.101521 secs using 98.32% CPU
Optimizing NNI: done in 0.057157 secs using 98.37% CPU
Optimizing NNI: done in 0.0660318 secs using 98.38% CPU
Optimizing NNI: done in 0.0607247 secs using 98.38% CPU
Optimizing NNI: done in 0.0877989 secs using 98.38% CPU
Optimizing NNI: done in 0.0963834 secs using 88.35% CPU
Optimizing NNI: done in 0.0619613 secs using 98.24% CPU
Optimizing NNI: done in 0.0661511 secs using 98.38% CPU
Iteration 70 / LogL: -366.931 / Time: 0h:0m:30s (0h:0m:5s left)
Optimizing NNI: done in 0.0863933 secs using 87.14% CPU
Optimizing NNI: done in 0.10104 secs using 98.38% CPU
Optimizing NNI: done in 0.0907613 secs using 98.38% CPU
Optimizing NNI: done in 0.0697851 secs using 98.38% CPU
Optimizing NNI: done in 0.0884808 secs using 98.38% CPU
Optimizing NNI: done in 0.0587255 secs using 98.38% CPU
Optimizing NNI: done in 0.0922993 secs using 98.38% CPU
Optimizing NNI: done in 0.099431 secs using 86.1% CPU
Optimizing NNI: done in 0.0809301 secs using 86.51% CPU
Optimizing NNI: done in 0.0964473 secs using 98.38% CPU
Iteration 80 / LogL: -368.347 / Time: 0h:0m:31s (0h:0m:4s left)
Optimizing NNI: done in 0.0976047 secs using 88.33% CPU
Optimizing NNI: done in 0.115201 secs using 86.12% CPU
Optimizing NNI: done in 0.109524 secs using 98.38% CPU
Optimizing NNI: done in 0.0622883 secs using 98.38% CPU
Optimizing NNI: done in 0.0755689 secs using 98.38% CPU
Optimizing NNI: done in 0.0692097 secs using 98.38% CPU
Optimizing NNI: done in 0.0769257 secs using 98.38% CPU
Optimizing NNI: done in 0.060873 secs using 98.38% CPU
Optimizing NNI: done in 0.0866189 secs using 86.84% CPU
Optimizing NNI: done in 0.081687 secs using 86.36% CPU
Iteration 90 / LogL: -366.931 / Time: 0h:0m:32s (0h:0m:3s left)
Optimizing NNI: done in 0.106379 secs using 98.38% CPU
Optimizing NNI: done in 0.0597574 secs using 98.38% CPU
Optimizing NNI: done in 0.0923626 secs using 98.38% CPU
Optimizing NNI: done in 0.093277 secs using 87.69% CPU
Optimizing NNI: done in 0.0713529 secs using 98.12% CPU
Optimizing NNI: done in 0.0629739 secs using 98.38% CPU
Optimizing NNI: done in 0.0772556 secs using 98.38% CPU
Optimizing NNI: done in 0.0761984 secs using 85.55% CPU
Optimizing NNI: done in 0.0832014 secs using 86.98% CPU
Optimizing NNI: done in 0.100974 secs using 98.33% CPU
Iteration 100 / LogL: -367.873 / Time: 0h:0m:33s (0h:0m:2s left)
Optimizing NNI: done in 0.0773809 secs using 98.37% CPU
Optimizing NNI: done in 0.0720172 secs using 84.75% CPU
Optimizing NNI: done in 0.0770837 secs using 85.68% CPU
Optimizing NNI: done in 0.0854857 secs using 98.38% CPU
Optimizing NNI: done in 0.0539565 secs using 80.18% CPU
Optimizing NNI: done in 0.148256 secs using 98.37% CPU
Optimizing NNI: done in 0.0992716 secs using 88.7% CPU
Optimizing NNI: done in 0.102948 secs using 98.38% CPU
Optimizing NNI: done in 0.0748458 secs using 98.38% CPU
Optimizing NNI: done in 0.119091 secs using 98.38% CPU
Iteration 110 / LogL: -370.554 / Time: 0h:0m:34s (0h:0m:1s left)
Optimizing NNI: done in 0.0672292 secs using 98.38% CPU
Optimizing NNI: done in 0.0721403 secs using 98.38% CPU
Estimate model parameters (epsilon = 0.100)
BETTER TREE FOUND at iteration 112: -366.907
Optimizing NNI: done in 0.0797155 secs using 98.24% CPU
Optimizing NNI: done in 0.0593133 secs using 98.37% CPU
Optimizing NNI: done in 0.0777721 secs using 98.2% CPU
Optimizing NNI: done in 0.0550433 secs using 63.01% CPU
Optimizing NNI: done in 0.0663505 secs using 98.19% CPU
Optimizing NNI: done in 0.0922752 secs using 98.38% CPU
Optimizing NNI: done in 0.119752 secs using 90.26% CPU
Optimizing NNI: done in 0.0613456 secs using 82.25% CPU
Iteration 120 / LogL: -373.376 / Time: 0h:0m:35s (0h:0m:8s left)
Optimizing NNI: done in 0.113685 secs using 89.58% CPU
Optimizing NNI: done in 0.0348893 secs using 98.22% CPU
Optimizing NNI: done in 0.0724752 secs using 98.3% CPU
Optimizing NNI: done in 0.0774491 secs using 85.72% CPU
Optimizing NNI: done in 0.0972203 secs using 88.25% CPU
Optimizing NNI: done in 0.0691872 secs using 98.38% CPU
Optimizing NNI: done in 0.111426 secs using 98.38% CPU
Optimizing NNI: done in 0.0915884 secs using 98.38% CPU
Optimizing NNI: done in 0.0834521 secs using 98.38% CPU
Optimizing NNI: done in 0.105003 secs using 89.1% CPU
Iteration 130 / LogL: -372.375 / Time: 0h:0m:36s (0h:0m:7s left)
Optimizing NNI: done in 0.0881928 secs using 98.35% CPU
Optimizing NNI: done in 0.0896974 secs using 87.48% CPU
Optimizing NNI: done in 0.0781118 secs using 98.36% CPU
Optimizing NNI: done in 0.104667 secs using 98.37% CPU
Optimizing NNI: done in 0.082457 secs using 98.37% CPU
Optimizing NNI: done in 0.0826798 secs using 98.37% CPU
Optimizing NNI: done in 0.0980275 secs using 98.37% CPU
Optimizing NNI: done in 0.106793 secs using 98.37% CPU
Estimate model parameters (epsilon = 0.100)
BETTER TREE FOUND at iteration 138: -365.700
Optimizing NNI: done in 0.0791751 secs using 98.37% CPU
Optimizing NNI: done in 0.0628271 secs using 83.45% CPU
Iteration 140 / LogL: -366.989 / Time: 0h:0m:36s (0h:0m:9s left)
Optimizing NNI: done in 0.0879819 secs using 98.2% CPU
Optimizing NNI: done in 0.0791468 secs using 98.37% CPU
Optimizing NNI: done in 0.0903403 secs using 98.26% CPU
Optimizing NNI: done in 0.0562856 secs using 80.86% CPU
Optimizing NNI: done in 0.0653919 secs using 98.35% CPU
Optimizing NNI: done in 0.090052 secs using 98.37% CPU
Optimizing NNI: done in 0.0881165 secs using 98.37% CPU
Optimizing NNI: done in 0.079667 secs using 86.54% CPU
Optimizing NNI: done in 0.0751735 secs using 98.33% CPU
Optimizing NNI: done in 0.0950801 secs using 98.35% CPU
Iteration 150 / LogL: -371.785 / Time: 0h:0m:37s (0h:0m:8s left)
Optimizing NNI: done in 0.0830071 secs using 98.35% CPU
Optimizing NNI: done in 0.123599 secs using 98.37% CPU
Optimizing NNI: done in 0.0875514 secs using 98.36% CPU
Optimizing NNI: done in 0.0733716 secs using 71.69% CPU
Optimizing NNI: done in 0.0633296 secs using 98.37% CPU
Optimizing NNI: done in 0.0891684 secs using 87.38% CPU
Optimizing NNI: done in 0.0858553 secs using 86.93% CPU
Optimizing NNI: done in 0.0779171 secs using 98.31% CPU
Optimizing NNI: done in 0.114264 secs using 98.37% CPU
Optimizing NNI: done in 0.0872941 secs using 98.37% CPU
Estimate model parameters (epsilon = 0.100)
BETTER TREE FOUND at iteration 160: -365.652
Iteration 160 / LogL: -365.652 / Time: 0h:0m:38s (0h:0m:9s left)
Optimizing NNI: done in 0.0906964 secs using 98.37% CPU
Optimizing NNI: done in 0.0742482 secs using 85.98% CPU
Optimizing NNI: done in 0.0831092 secs using 98.21% CPU
Optimizing NNI: done in 0.096324 secs using 98.22% CPU
Optimizing NNI: done in 0.0663245 secs using 98.36% CPU
Optimizing NNI: done in 0.117594 secs using 98.37% CPU
Optimizing NNI: done in 0.0668951 secs using 98.37% CPU
Optimizing NNI: done in 0.0703306 secs using 98.37% CPU
Estimate model parameters (epsilon = 0.100)
BETTER TREE FOUND at iteration 168: -364.801
Optimizing NNI: done in 0.0815011 secs using 98.37% CPU
Optimizing NNI: done in 0.125408 secs using 98.37% CPU
Estimate model parameters (epsilon = 0.100)
BETTER TREE FOUND at iteration 170: -364.059
Iteration 170 / LogL: -364.059 / Time: 0h:0m:39s (0h:0m:9s left)
Optimizing NNI: done in 0.0828741 secs using 98.19% CPU
Optimizing NNI: done in 0.0371824 secs using 98.36% CPU
Optimizing NNI: done in 0.14465 secs using 98.36% CPU
Optimizing NNI: done in 0.132026 secs using 98.37% CPU
Optimizing NNI: done in 0.117055 secs using 90.25% CPU
Optimizing NNI: done in 0.135024 secs using 98.36% CPU
Optimizing NNI: done in 0.0882877 secs using 87.24% CPU
Optimizing NNI: done in 0.125358 secs using 98.24% CPU
Optimizing NNI: done in 0.0781139 secs using 98.37% CPU
Optimizing NNI: done in 0.0804923 secs using 98.37% CPU
Iteration 180 / LogL: -366.385 / Time: 0h:0m:40s (0h:0m:8s left)
Optimizing NNI: done in 0.0570462 secs using 81.35% CPU
Optimizing NNI: done in 0.0801369 secs using 86.05% CPU
Estimate model parameters (epsilon = 0.100)
BETTER TREE FOUND at iteration 182: -363.771
Optimizing NNI: done in 0.0812114 secs using 98.15% CPU
BETTER TREE FOUND at iteration 183: -363.771
Optimizing NNI: done in 0.0998831 secs using 98.24% CPU
Optimizing NNI: done in 0.080654 secs using 98.34% CPU
Optimizing NNI: done in 0.0951434 secs using 93.38% CPU
Optimizing NNI: done in 0.0700346 secs using 98.37% CPU
Optimizing NNI: done in 0.108512 secs using 98.37% CPU
Optimizing NNI: done in 0.125758 secs using 98.37% CPU
Optimizing NNI: done in 0.122974 secs using 98.37% CPU
Iteration 190 / LogL: -363.771 / Time: 0h:0m:41s (0h:0m:8s left)
Optimizing NNI: done in 0.060234 secs using 98.36% CPU
Optimizing NNI: done in 0.0828998 secs using 98.36% CPU
Optimizing NNI: done in 0.0810895 secs using 86.42% CPU
Optimizing NNI: done in 0.0953404 secs using 98.37% CPU
Optimizing NNI: done in 0.0745009 secs using 98.37% CPU
Optimizing NNI: done in 0.0761493 secs using 98.37% CPU
Optimizing NNI: done in 0.109163 secs using 89.42% CPU
Optimizing NNI: done in 0.0932439 secs using 98.37% CPU
Optimizing NNI: done in 0.0352491 secs using 70.86% CPU
BETTER TREE FOUND at iteration 199: -363.771
Optimizing NNI: done in 0.0788297 secs using 98.37% CPU
Iteration 200 / LogL: -366.372 / Time: 0h:0m:42s (0h:0m:9s left)
Optimizing NNI: done in 0.0680971 secs using 98.37% CPU
Optimizing NNI: done in 0.0636502 secs using 98.37% CPU
Optimizing NNI: done in 0.0658455 secs using 98.37% CPU
Optimizing NNI: done in 0.0363902 secs using 98.36% CPU
Optimizing NNI: done in 0.0641462 secs using 98.37% CPU
Optimizing NNI: done in 0.0609547 secs using 98.35% CPU
Estimate model parameters (epsilon = 0.100)
BETTER TREE FOUND at iteration 206: -363.721
Optimizing NNI: done in 0.0829675 secs using 98.37% CPU
Optimizing NNI: done in 0.079467 secs using 98.36% CPU
Optimizing NNI: done in 0.10267 secs using 98.37% CPU
Optimizing NNI: done in 0.0746113 secs using 98.37% CPU
Iteration 210 / LogL: -374.029 / Time: 0h:0m:43s (0h:0m:8s left)
Optimizing NNI: done in 0.0783573 secs using 98.37% CPU
Optimizing NNI: done in 0.0512341 secs using 98.37% CPU
Optimizing NNI: done in 0.0994131 secs using 98.37% CPU
Optimizing NNI: done in 0.0780592 secs using 98.37% CPU
Optimizing NNI: done in 0.0826792 secs using 98.36% CPU
Optimizing NNI: done in 0.0875317 secs using 98.37% CPU
Optimizing NNI: done in 0.060908 secs using 98.26% CPU
Optimizing NNI: done in 0.0646823 secs using 98.22% CPU
Optimizing NNI: done in 0.0947234 secs using 88.03% CPU
Optimizing NNI: done in 0.0907098 secs using 87.44% CPU
Iteration 220 / LogL: -367.556 / Time: 0h:0m:44s (0h:0m:7s left)
Optimizing NNI: done in 0.151988 secs using 91.93% CPU
Optimizing NNI: done in 0.0421295 secs using 98.34% CPU
Optimizing NNI: done in 0.0542373 secs using 98.31% CPU
Optimizing NNI: done in 0.0683385 secs using 98.35% CPU
Optimizing NNI: done in 0.0861539 secs using 87.14% CPU
Optimizing NNI: done in 0.0643631 secs using 98.34% CPU
Optimizing NNI: done in 0.139048 secs using 91.3% CPU
Optimizing NNI: done in 0.186234 secs using 93.01% CPU
Optimizing NNI: done in 0.0760775 secs using 98.34% CPU
Optimizing NNI: done in 0.074277 secs using 98.35% CPU
Iteration 230 / LogL: -367.696 / Time: 0h:0m:45s (0h:0m:7s left)
Optimizing NNI: done in 0.0924542 secs using 98.35% CPU
Optimizing NNI: done in 0.075456 secs using 98.35% CPU
Optimizing NNI: done in 0.0580939 secs using 98.34% CPU
Optimizing NNI: done in 0.0642677 secs using 98.34% CPU
Optimizing NNI: done in 0.0613322 secs using 98.34% CPU
Optimizing NNI: done in 0.0741801 secs using 85.54% CPU
Optimizing NNI: done in 0.0726917 secs using 98.2% CPU
Optimizing NNI: done in 0.10315 secs using 98.32% CPU
Optimizing NNI: done in 0.0670347 secs using 98.34% CPU
Optimizing NNI: done in 0.123953 secs using 98.35% CPU
Iteration 240 / LogL: -363.892 / Time: 0h:0m:46s (0h:0m:6s left)
Optimizing NNI: done in 0.115714 secs using 89.94% CPU
Optimizing NNI: done in 0.0709856 secs using 98.35% CPU
Optimizing NNI: done in 0.122916 secs using 98.35% CPU
Optimizing NNI: done in 0.0858455 secs using 98.35% CPU
Optimizing NNI: done in 0.0916032 secs using 98.35% CPU
Optimizing NNI: done in 0.0511003 secs using 98.35% CPU
Optimizing NNI: done in 0.0964465 secs using 88.25% CPU
Optimizing NNI: done in 0.0711414 secs using 98.35% CPU
Optimizing NNI: done in 0.0632001 secs using 82.98% CPU
Optimizing NNI: done in 0.112161 secs using 89.49% CPU
Iteration 250 / LogL: -363.796 / Time: 0h:0m:47s (0h:0m:5s left)
Optimizing NNI: done in 0.0748522 secs using 98.34% CPU
Optimizing NNI: done in 0.105557 secs using 98.35% CPU
Optimizing NNI: done in 0.0753342 secs using 98.34% CPU
Optimizing NNI: done in 0.0799764 secs using 98.35% CPU
Optimizing NNI: done in 0.0791379 secs using 98.34% CPU
Optimizing NNI: done in 0.0900243 secs using 98.35% CPU
Optimizing NNI: done in 0.090548 secs using 98.35% CPU
Optimizing NNI: done in 0.114539 secs using 90.17% CPU
Optimizing NNI: done in 0.0742647 secs using 98.2% CPU
Optimizing NNI: done in 0.0784217 secs using 98.35% CPU
Iteration 260 / LogL: -371.502 / Time: 0h:0m:48s (0h:0m:4s left)
Optimizing NNI: done in 0.107454 secs using 98.35% CPU
Optimizing NNI: done in 0.0667034 secs using 98.35% CPU
Optimizing NNI: done in 0.0787247 secs using 98.35% CPU
BETTER TREE FOUND at iteration 263: -363.721
Optimizing NNI: done in 0.102623 secs using 98.35% CPU
Optimizing NNI: done in 0.0981063 secs using 98.35% CPU
Optimizing NNI: done in 0.0639961 secs using 98.35% CPU
Optimizing NNI: done in 0.0696751 secs using 98.35% CPU
Optimizing NNI: done in 0.0550426 secs using 98.34% CPU
Optimizing NNI: done in 0.101707 secs using 79.63% CPU
Optimizing NNI: done in 0.0760983 secs using 85.39% CPU
Iteration 270 / LogL: -363.771 / Time: 0h:0m:48s (0h:0m:8s left)
Optimizing NNI: done in 0.0948885 secs using 88.19% CPU
BETTER TREE FOUND at iteration 271: -363.721
Optimizing NNI: done in 0.0934707 secs using 98.35% CPU
Optimizing NNI: done in 0.0722408 secs using 92.03% CPU
Optimizing NNI: done in 0.0347738 secs using 98.34% CPU
Optimizing NNI: done in 0.0678877 secs using 98.35% CPU
Optimizing NNI: done in 0.110734 secs using 89.51% CPU
Optimizing NNI: done in 0.109836 secs using 98.34% CPU
Optimizing NNI: done in 0.124581 secs using 98.35% CPU
Optimizing NNI: done in 0.0930739 secs using 98.35% CPU
Optimizing NNI: done in 0.0609885 secs using 98.34% CPU
Iteration 280 / LogL: -371.491 / Time: 0h:0m:49s (0h:0m:8s left)
Optimizing NNI: done in 0.071662 secs using 98.35% CPU
Optimizing NNI: done in 0.0605214 secs using 98.35% CPU
Optimizing NNI: done in 0.0629895 secs using 98.35% CPU
Optimizing NNI: done in 0.130507 secs using 98.35% CPU
Optimizing NNI: done in 0.0915631 secs using 87.75% CPU
Optimizing NNI: done in 0.0547312 secs using 98.34% CPU
Optimizing NNI: done in 0.0483044 secs using 78.2% CPU
Optimizing NNI: done in 0.0856388 secs using 98.3% CPU
BETTER TREE FOUND at iteration 288: -363.721
Optimizing NNI: done in 0.0788319 secs using 98.14% CPU
Optimizing NNI: done in 0.0992941 secs using 88.47% CPU
Iteration 290 / LogL: -364.829 / Time: 0h:0m:50s (0h:0m:9s left)
Optimizing NNI: done in 0.138127 secs using 98.27% CPU
Optimizing NNI: done in 0.104033 secs using 98.35% CPU
Optimizing NNI: done in 0.0770346 secs using 85.63% CPU
Optimizing NNI: done in 0.116702 secs using 98.35% CPU
Optimizing NNI: done in 0.0621832 secs using 98.34% CPU
Optimizing NNI: done in 0.0902888 secs using 98.35% CPU
Optimizing NNI: done in 0.0618523 secs using 82.58% CPU
Optimizing NNI: done in 0.0497368 secs using 78.95% CPU
Optimizing NNI: done in 0.0887233 secs using 98.16% CPU
Optimizing NNI: done in 0.0820936 secs using 98.35% CPU
Iteration 300 / LogL: -363.761 / Time: 0h:0m:51s (0h:0m:8s left)
Optimizing NNI: done in 0.077062 secs using 98.34% CPU
Optimizing NNI: done in 0.0668092 secs using 98.34% CPU
Optimizing NNI: done in 0.0799689 secs using 86.12% CPU
Optimizing NNI: done in 0.0884687 secs using 98.35% CPU
Optimizing NNI: done in 0.0490339 secs using 98.37% CPU
Optimizing NNI: done in 0.0494653 secs using 98.37% CPU
Optimizing NNI: done in 0.0813441 secs using 98.17% CPU
Optimizing NNI: done in 0.0542706 secs using 98.36% CPU
Optimizing NNI: done in 0.0719243 secs using 98.37% CPU
Optimizing NNI: done in 0.0897895 secs using 98.37% CPU
Iteration 310 / LogL: -363.721 / Time: 0h:0m:52s (0h:0m:7s left)
Optimizing NNI: done in 0.0852423 secs using 98.37% CPU
Optimizing NNI: done in 0.061978 secs using 98.37% CPU
Optimizing NNI: done in 0.0696669 secs using 98.37% CPU
Optimizing NNI: done in 0.0649728 secs using 83.16% CPU
Optimizing NNI: done in 0.113035 secs using 98.27% CPU
Optimizing NNI: done in 0.0643192 secs using 98.37% CPU
Optimizing NNI: done in 0.121986 secs using 98.37% CPU
Optimizing NNI: done in 0.0510004 secs using 98.36% CPU
Optimizing NNI: done in 0.0513524 secs using 98.36% CPU
Optimizing NNI: done in 0.079962 secs using 86.14% CPU
Iteration 320 / LogL: -363.721 / Time: 0h:0m:53s (0h:0m:6s left)
Optimizing NNI: done in 0.105171 secs using 98.37% CPU
Optimizing NNI: done in 0.0453572 secs using 98.36% CPU
Optimizing NNI: done in 0.0755615 secs using 85.39% CPU
Optimizing NNI: done in 0.0610664 secs using 98.37% CPU
Optimizing NNI: done in 0.0757638 secs using 98.36% CPU
Optimizing NNI: done in 0.13282 secs using 98.37% CPU
Optimizing NNI: done in 0.0869898 secs using 98.21% CPU
Optimizing NNI: done in 0.0519707 secs using 98.36% CPU
Optimizing NNI: done in 0.101472 secs using 98.37% CPU
Optimizing NNI: done in 0.0965674 secs using 98.37% CPU
Iteration 330 / LogL: -363.761 / Time: 0h:0m:54s (0h:0m:5s left)
Optimizing NNI: done in 0.078077 secs using 85.92% CPU
Optimizing NNI: done in 0.0926154 secs using 98.33% CPU
Optimizing NNI: done in 0.0610533 secs using 98.36% CPU
Optimizing NNI: done in 0.0783662 secs using 85.91% CPU
Optimizing NNI: done in 0.0943067 secs using 98.37% CPU
Optimizing NNI: done in 0.0961118 secs using 98.37% CPU
Optimizing NNI: done in 0.0563426 secs using 98.37% CPU
Optimizing NNI: done in 0.0506494 secs using 98.36% CPU
Optimizing NNI: done in 0.0357107 secs using 98.35% CPU
Optimizing NNI: done in 0.093529 secs using 98.37% CPU
Iteration 340 / LogL: -365.116 / Time: 0h:0m:55s (0h:0m:4s left)
Optimizing NNI: done in 0.0754308 secs using 98.36% CPU
Optimizing NNI: done in 0.0704497 secs using 98.36% CPU
Optimizing NNI: done in 0.175114 secs using 92.69% CPU
Optimizing NNI: done in 0.064458 secs using 98.36% CPU
Optimizing NNI: done in 0.0885918 secs using 98.36% CPU
Optimizing NNI: done in 0.0756489 secs using 98.37% CPU
Optimizing NNI: done in 0.103764 secs using 89.01% CPU
Optimizing NNI: done in 0.0611274 secs using 98.37% CPU
Optimizing NNI: done in 0.101335 secs using 98.34% CPU
Optimizing NNI: done in 0.0637596 secs using 98.36% CPU
Iteration 350 / LogL: -367.698 / Time: 0h:0m:55s (0h:0m:3s left)
Optimizing NNI: done in 0.0613604 secs using 98.36% CPU
Optimizing NNI: done in 0.07801 secs using 85.88% CPU
Optimizing NNI: done in 0.0562526 secs using 98.29% CPU
Optimizing NNI: done in 0.112621 secs using 98.37% CPU
Optimizing NNI: done in 0.0787957 secs using 98.37% CPU
Optimizing NNI: done in 0.0728609 secs using 84.94% CPU
Optimizing NNI: done in 0.103591 secs using 98.24% CPU
Optimizing NNI: done in 0.0943745 secs using 98.34% CPU
Optimizing NNI: done in 0.0881039 secs using 93.15% CPU
Optimizing NNI: done in 0.0476621 secs using 98.36% CPU
Iteration 360 / LogL: -364.873 / Time: 0h:0m:56s (0h:0m:2s left)
Optimizing NNI: done in 0.0329611 secs using 98.36% CPU
Optimizing NNI: done in 0.0546946 secs using 98.36% CPU
Optimizing NNI: done in 0.0918695 secs using 87.7% CPU
Optimizing NNI: done in 0.091576 secs using 98.37% CPU
Optimizing NNI: done in 0.0832284 secs using 98.37% CPU
Optimizing NNI: done in 0.0428199 secs using 98.36% CPU
Optimizing NNI: done in 0.0918851 secs using 87.58% CPU
Optimizing NNI: done in 0.127917 secs using 90.62% CPU
Optimizing NNI: done in 0.116728 secs using 89.97% CPU
Optimizing NNI: done in 0.0651037 secs using 83.39% CPU
Iteration 370 / LogL: -363.771 / Time: 0h:0m:57s (0h:0m:1s left)
Optimizing NNI: done in 0.103024 secs using 98.33% CPU
Optimizing NNI: done in 0.0938385 secs using 98.37% CPU
Optimizing NNI: done in 0.0918812 secs using 98.37% CPU
Optimizing NNI: done in 0.0641458 secs using 98.36% CPU
Optimizing NNI: done in 0.0645683 secs using 98.37% CPU
Optimizing NNI: done in 0.0833877 secs using 98.37% CPU
Optimizing NNI: done in 0.0623365 secs using 82.87% CPU
Optimizing NNI: done in 0.0776373 secs using 98.28% CPU
Optimizing NNI: done in 0.131002 secs using 91.06% CPU
Optimizing NNI: done in 0.140268 secs using 91.35% CPU
Iteration 380 / LogL: -363.811 / Time: 0h:0m:58s (0h:0m:0s left)
Optimizing NNI: done in 0.0958343 secs using 98.14% CPU
Optimizing NNI: done in 0.165453 secs using 98.3% CPU
Optimizing NNI: done in 0.0907539 secs using 98.36% CPU
Optimizing NNI: done in 0.0906976 secs using 87.57% CPU
Optimizing NNI: done in 0.143316 secs using 98.37% CPU
Optimizing NNI: done in 0.0912486 secs using 87.81% CPU
Optimizing NNI: done in 0.0521629 secs using 97.99% CPU
Optimizing NNI: done in 0.109489 secs using 98.37% CPU
Optimizing NNI: done in 0.113216 secs using 96.34% CPU
Refining ufboot trees with NNI 1 branch...
Optimizing NNI: done in 0.010483 secs using 98.28% CPU
Optimizing NNI: done in 0.0125699 secs using 98.35% CPU
Optimizing NNI: done in 0.0229108 secs using 98.3% CPU
Optimizing NNI: done in 0.00754834 secs using 98.31% CPU
Optimizing NNI: done in 0.0125413 secs using 98.35% CPU
Optimizing NNI: done in 0.0178305 secs using 98.35% CPU
Optimizing NNI: done in 0.00899996 secs using 98.32% CPU
Optimizing NNI: done in 0.0141268 secs using 98.32% CPU
Optimizing NNI: done in 0.01356 secs using 98.31% CPU
Optimizing NNI: done in 0.016714 secs using 97.28% CPU
Optimizing NNI: done in 0.0226291 secs using 98.35% CPU
Optimizing NNI: done in 0.0177963 secs using 98.33% CPU
Optimizing NNI: done in 0.0178083 secs using 98.35% CPU
Optimizing NNI: done in 0.009211 secs using 98.32% CPU
Optimizing NNI: done in 0.0269467 secs using 98.35% CPU
Optimizing NNI: done in 0.0220082 secs using 98.35% CPU
Optimizing NNI: done in 0.0277332 secs using 98.37% CPU
Optimizing NNI: done in 0.00355312 secs using 98.2% CPU
Optimizing NNI: done in 0.0169098 secs using 98.36% CPU
Optimizing NNI: done in 0.00548143 secs using 98.31% CPU
Optimizing NNI: done in 0.0122581 secs using 98.34% CPU
Optimizing NNI: done in 0.0205743 secs using 98.36% CPU
Optimizing NNI: done in 0.00846232 secs using 98.33% CPU
Optimizing NNI: done in 0.0280276 secs using 98.37% CPU
Optimizing NNI: done in 0.00838334 secs using 98.34% CPU
Optimizing NNI: done in 0.0115193 secs using 98.37% CPU
Optimizing NNI: done in 0.00344772 secs using 98.18% CPU
Optimizing NNI: done in 0.0102164 secs using 98.35% CPU
Optimizing NNI: done in 0.00860054 secs using 98.34% CPU
Optimizing NNI: done in 0.0158825 secs using 90.28% CPU
Optimizing NNI: done in 0.00944283 secs using 98.33% CPU
Optimizing NNI: done in 0.0100644 secs using 98.18% CPU
Optimizing NNI: done in 0.0171892 secs using 98.37% CPU
Optimizing NNI: done in 0.0101647 secs using 98.36% CPU
Optimizing NNI: done in 0.00740892 secs using 98.34% CPU
Optimizing NNI: done in 0.0110099 secs using 97.99% CPU
Optimizing NNI: done in 0.0126133 secs using 97.99% CPU
Optimizing NNI: done in 0.018715 secs using 98.36% CPU
Optimizing NNI: done in 0.0100112 secs using 98.33% CPU
Optimizing NNI: done in 0.0174648 secs using 98.35% CPU
Optimizing NNI: done in 0.0103121 secs using 55.09% CPU
Optimizing NNI: done in 0.00674643 secs using 94.66% CPU
Optimizing NNI: done in 0.0120716 secs using 98.29% CPU
Optimizing NNI: done in 0.00767014 secs using 98.28% CPU
Optimizing NNI: done in 0.00774748 secs using 98.24% CPU
Optimizing NNI: done in 0.0116384 secs using 98.36% CPU
Optimizing NNI: done in 0.00865116 secs using 98.35% CPU
Optimizing NNI: done in 0.0083934 secs using 98.35% CPU
Optimizing NNI: done in 0.0103198 secs using 98.33% CPU
Optimizing NNI: done in 0.0330138 secs using 68.78% CPU
Optimizing NNI: done in 0.0185027 secs using 98.36% CPU
Optimizing NNI: done in 0.0127309 secs using 98.31% CPU
Optimizing NNI: done in 0.0114796 secs using 98.34% CPU
Optimizing NNI: done in 0.00787219 secs using 98.32% CPU
Optimizing NNI: done in 0.0161842 secs using 98.35% CPU
Optimizing NNI: done in 0.0201091 secs using 98.37% CPU
Optimizing NNI: done in 0.0110505 secs using 98.31% CPU
Optimizing NNI: done in 0.00648664 secs using 98.26% CPU
Optimizing NNI: done in 0.0185587 secs using 98.36% CPU
Optimizing NNI: done in 0.0104246 secs using 98.33% CPU
Optimizing NNI: done in 0.0102239 secs using 98.34% CPU
Optimizing NNI: done in 0.00775561 secs using 98.34% CPU
Optimizing NNI: done in 0.0102297 secs using 91.79% CPU
Optimizing NNI: done in 0.00557626 secs using 78.83% CPU
Optimizing NNI: done in 0.00792362 secs using 96.99% CPU
Optimizing NNI: done in 0.0136002 secs using 42.91% CPU
Optimizing NNI: done in 0.00625003 secs using 96.29% CPU
Optimizing NNI: done in 0.0131382 secs using 98.37% CPU
Optimizing NNI: done in 0.0208082 secs using 98.37% CPU
Optimizing NNI: done in 0.00507873 secs using 98.27% CPU
Optimizing NNI: done in 0.00498055 secs using 98.28% CPU
Optimizing NNI: done in 0.00965394 secs using 98.34% CPU
Optimizing NNI: done in 0.00697441 secs using 98.23% CPU
Optimizing NNI: done in 0.0199857 secs using 98.23% CPU
Optimizing NNI: done in 0.00798756 secs using 98.25% CPU
Optimizing NNI: done in 0.0173512 secs using 98.35% CPU
Optimizing NNI: done in 0.00918772 secs using 98.33% CPU
Optimizing NNI: done in 0.00842176 secs using 98.33% CPU
Optimizing NNI: done in 0.0161062 secs using 98.36% CPU
Optimizing NNI: done in 0.00720117 secs using 98.32% CPU
Optimizing NNI: done in 0.0342735 secs using 98.36% CPU
Optimizing NNI: done in 0.00768264 secs using 98.34% CPU
Optimizing NNI: done in 0.00897986 secs using 98.34% CPU
Optimizing NNI: done in 0.0146579 secs using 98.37% CPU
Optimizing NNI: done in 0.0118747 secs using 98.34% CPU
Optimizing NNI: done in 0.00825385 secs using 96.08% CPU
Optimizing NNI: done in 0.0165334 secs using 98.36% CPU
Optimizing NNI: done in 0.0109704 secs using 98.36% CPU
Optimizing NNI: done in 0.0112091 secs using 98.37% CPU
Optimizing NNI: done in 0.00901066 secs using 98.33% CPU
Optimizing NNI: done in 0.0124804 secs using 98.33% CPU
Optimizing NNI: done in 0.00938032 secs using 98.33% CPU
Optimizing NNI: done in 0.00766515 secs using 98.32% CPU
Optimizing NNI: done in 0.0085171 secs using 98.3% CPU
Optimizing NNI: done in 0.00605996 secs using 98.3% CPU
Optimizing NNI: done in 0.0079283 secs using 98.33% CPU
Optimizing NNI: done in 0.0085543 secs using 98.34% CPU
Optimizing NNI: done in 0.00767024 secs using 98.35% CPU
Optimizing NNI: done in 0.0191599 secs using 98.36% CPU
Optimizing NNI: done in 0.013687 secs using 98.34% CPU
100 samples done
Optimizing NNI: done in 0.0242843 secs using 98.37% CPU
Optimizing NNI: done in 0.0145836 secs using 98.36% CPU
Optimizing NNI: done in 0.0120762 secs using 47.97% CPU
Optimizing NNI: done in 0.00702503 secs using 98.29% CPU
Optimizing NNI: done in 0.00784719 secs using 97.83% CPU
Optimizing NNI: done in 0.00745507 secs using 98.32% CPU
Optimizing NNI: done in 0.00818911 secs using 98.35% CPU
Optimizing NNI: done in 0.0198395 secs using 98.37% CPU
Optimizing NNI: done in 0.00683893 secs using 98.35% CPU
Optimizing NNI: done in 0.00724813 secs using 98.33% CPU
Optimizing NNI: done in 0.0201373 secs using 98.36% CPU
Optimizing NNI: done in 0.0094222 secs using 98.36% CPU
Optimizing NNI: done in 0.00904379 secs using 98.34% CPU
Optimizing NNI: done in 0.0165532 secs using 98.37% CPU
Optimizing NNI: done in 0.0125862 secs using 98.36% CPU
Optimizing NNI: done in 0.0185819 secs using 98.37% CPU
Optimizing NNI: done in 0.0114138 secs using 98.35% CPU
Optimizing NNI: done in 0.00799803 secs using 98.32% CPU
Optimizing NNI: done in 0.0175155 secs using 98.36% CPU
Optimizing NNI: done in 0.00657954 secs using 98.34% CPU
Optimizing NNI: done in 0.00766393 secs using 98.3% CPU
Optimizing NNI: done in 0.0067383 secs using 98.17% CPU
Optimizing NNI: done in 0.00759777 secs using 98.32% CPU
Optimizing NNI: done in 0.00556752 secs using 98.28% CPU
Optimizing NNI: done in 0.0124679 secs using 98.34% CPU
Optimizing NNI: done in 0.0108629 secs using 98.34% CPU
Optimizing NNI: done in 0.0104122 secs using 98.32% CPU
Optimizing NNI: done in 0.00780511 secs using 98.28% CPU
Optimizing NNI: done in 0.0247614 secs using 98.37% CPU
Optimizing NNI: done in 0.0183542 secs using 98.36% CPU
Optimizing NNI: done in 0.0067503 secs using 98.32% CPU
Optimizing NNI: done in 0.00813016 secs using 98.35% CPU
Optimizing NNI: done in 0.00286055 secs using 98.16% CPU
Optimizing NNI: done in 0.00964306 secs using 98.35% CPU
Optimizing NNI: done in 0.00575921 secs using 98.33% CPU
Optimizing NNI: done in 0.0130313 secs using 98.34% CPU
Optimizing NNI: done in 0.0114073 secs using 98.36% CPU
Optimizing NNI: done in 0.0060314 secs using 98.3% CPU
Optimizing NNI: done in 0.00696964 secs using 98.34% CPU
Optimizing NNI: done in 0.0126193 secs using 76.74% CPU
Optimizing NNI: done in 0.0110985 secs using 95.38% CPU
Optimizing NNI: done in 0.0142989 secs using 98.36% CPU
Optimizing NNI: done in 0.00662813 secs using 98.32% CPU
Optimizing NNI: done in 0.00656033 secs using 98.32% CPU
Optimizing NNI: done in 0.00826595 secs using 98.32% CPU
Optimizing NNI: done in 0.00881124 secs using 98.34% CPU
Optimizing NNI: done in 0.01066 secs
Optimizing NNI: done in 0.00806196 secs using 97.14% CPU
Optimizing NNI: done in 0.00923264 secs using 97.87% CPU
Optimizing NNI: done in 0.0137008 secs using 98.33% CPU
Optimizing NNI: done in 0.00856924 secs using 98.34% CPU
Optimizing NNI: done in 0.0119419 secs using 98.35% CPU
Optimizing NNI: done in 0.00885993 secs using 98.33% CPU
Optimizing NNI: done in 0.00680884 secs using 98.3% CPU
Optimizing NNI: done in 0.0103307 secs using 98.34% CPU
Optimizing NNI: done in 0.00665536 secs using 98.34% CPU
Optimizing NNI: done in 0.00590913 secs using 98.32% CPU
Optimizing NNI: done in 0.00975599 secs using 98.37% CPU
Optimizing NNI: done in 0.00502313 secs using 98.31% CPU
Optimizing NNI: done in 0.00889276 secs using 98.3% CPU
Optimizing NNI: done in 0.00519308 secs using 98.28% CPU
Optimizing NNI: done in 0.00735058 secs using 98.32% CPU
Optimizing NNI: done in 0.0233277 secs using 98.36% CPU
Optimizing NNI: done in 0.00676087 secs using 98.27% CPU
Optimizing NNI: done in 0.0101523 secs using 98.33% CPU
Optimizing NNI: done in 0.0125198 secs using 98.36% CPU
Optimizing NNI: done in 0.0184109 secs using 46.43% CPU
Optimizing NNI: done in 0.00938398 secs using 98.35% CPU
Optimizing NNI: done in 0.00960759 secs using 98.31% CPU
Optimizing NNI: done in 0.00294481 secs using 98.24% CPU
Optimizing NNI: done in 0.00280017 secs using 97.14% CPU
Optimizing NNI: done in 0.0023926 secs using 98.26% CPU
Optimizing NNI: done in 0.00853397 secs using 98.34% CPU
Optimizing NNI: done in 0.00716641 secs using 98.33% CPU
Optimizing NNI: done in 0.0126831 secs using 98.35% CPU
Optimizing NNI: done in 0.00905355 secs using 98.31% CPU
Optimizing NNI: done in 0.00895791 secs using 98.33% CPU
Optimizing NNI: done in 0.0118523 secs using 98.34% CPU
Optimizing NNI: done in 0.0044263 secs using 98.23% CPU
Optimizing NNI: done in 0.0194156 secs using 98.36% CPU
Optimizing NNI: done in 0.0031117 secs using 96.73% CPU
Optimizing NNI: done in 0.00452093 secs using 98.14% CPU
Optimizing NNI: done in 0.00957273 secs using 98.3% CPU
Optimizing NNI: done in 0.0283025 secs using 98.36% CPU
Optimizing NNI: done in 0.020647 secs using 98.34% CPU
Optimizing NNI: done in 0.00788307 secs using 98.32% CPU
Optimizing NNI: done in 0.0130968 secs using 98.36% CPU
Optimizing NNI: done in 0.00958564 secs using 98.35% CPU
Optimizing NNI: done in 0.00689737 secs using 98.33% CPU
Optimizing NNI: done in 0.00746137 secs using 98.35% CPU
Optimizing NNI: done in 0.0180553 secs using 98.36% CPU
Optimizing NNI: done in 0.0139607 secs using 98.35% CPU
Optimizing NNI: done in 0.015121 secs using 98.33% CPU
Optimizing NNI: done in 0.00622695 secs using 97.16% CPU
Optimizing NNI: done in 0.0209436 secs using 53.59% CPU
Optimizing NNI: done in 0.0116964 secs using 98.34% CPU
Optimizing NNI: done in 0.0114171 secs using 98.34% CPU
Optimizing NNI: done in 0.0129877 secs using 97.39% CPU
Optimizing NNI: done in 0.00797932 secs using 98.33% CPU
Optimizing NNI: done in 0.0199966 secs using 98.37% CPU
200 samples done
Optimizing NNI: done in 0.0152267 secs using 98.35% CPU
Optimizing NNI: done in 0.00448383 secs using 98.22% CPU
Optimizing NNI: done in 0.0228053 secs using 98.37% CPU
Optimizing NNI: done in 0.00792007 secs using 98.29% CPU
Optimizing NNI: done in 0.0414393 secs using 75.01% CPU
Optimizing NNI: done in 0.0210548 secs using 98.31% CPU
Optimizing NNI: done in 0.0120688 secs using 19.81% CPU
Optimizing NNI: done in 0.0119708 secs using 98.33% CPU
Optimizing NNI: done in 0.0174557 secs using 98.34% CPU
Optimizing NNI: done in 0.0167763 secs using 98.32% CPU
Optimizing NNI: done in 0.0138458 secs using 98.33% CPU
Optimizing NNI: done in 0.007451 secs using 98.31% CPU
Optimizing NNI: done in 0.0169573 secs using 98.35% CPU
Optimizing NNI: done in 0.00942515 secs using 98.32% CPU
Optimizing NNI: done in 0.0176478 secs using 98.36% CPU
Optimizing NNI: done in 0.0172933 secs using 98.35% CPU
Optimizing NNI: done in 0.0112727 secs using 98.34% CPU
Optimizing NNI: done in 0.00941193 secs using 98.31% CPU
Optimizing NNI: done in 0.0264757 secs using 98.37% CPU
Optimizing NNI: done in 0.0107502 secs using 98.35% CPU
Optimizing NNI: done in 0.0130265 secs using 98.34% CPU
Optimizing NNI: done in 0.0154864 secs using 98.36% CPU
Optimizing NNI: done in 0.00721926 secs using 98.35% CPU
Optimizing NNI: done in 0.0169301 secs using 98.36% CPU
Optimizing NNI: done in 0.0141701 secs using 98.36% CPU
Optimizing NNI: done in 0.0124956 secs using 98.35% CPU
Optimizing NNI: done in 0.0178751 secs using 98.35% CPU
Optimizing NNI: done in 0.00785471 secs using 98.32% CPU
Optimizing NNI: done in 0.00884641 secs using 98.33% CPU
Optimizing NNI: done in 0.0110298 secs using 98.34% CPU
Optimizing NNI: done in 0.00278615 secs using 98.24% CPU
Optimizing NNI: done in 0.0075503 secs using 98.31% CPU
Optimizing NNI: done in 0.0158617 secs using 98.36% CPU
Optimizing NNI: done in 0.00732253 secs using 98.33% CPU
Optimizing NNI: done in 0.00780918 secs using 98.33% CPU
Optimizing NNI: done in 0.0131122 secs using 98.36% CPU
Optimizing NNI: done in 0.0163049 secs using 98.37% CPU
Optimizing NNI: done in 0.0144608 secs using 98.36% CPU
Optimizing NNI: done in 0.0115964 secs using 98.35% CPU
Optimizing NNI: done in 0.00984187 secs using 98.31% CPU
Optimizing NNI: done in 0.015444 secs using 98.36% CPU
Optimizing NNI: done in 0.0056965 secs using 98.22% CPU
Optimizing NNI: done in 0.0108867 secs using 98.36% CPU
Optimizing NNI: done in 0.0103542 secs using 98.34% CPU
Optimizing NNI: done in 0.00670059 secs using 98.32% CPU
Optimizing NNI: done in 0.0107349 secs using 98.34% CPU
Optimizing NNI: done in 0.0048291 secs using 98.13% CPU
Optimizing NNI: done in 0.00937656 secs using 98.34% CPU
Optimizing NNI: done in 0.0110271 secs using 98.32% CPU
Optimizing NNI: done in 0.00496794 secs using 98.29% CPU
Optimizing NNI: done in 0.0113579 secs using 98.34% CPU
Optimizing NNI: done in 0.00506816 secs using 98.28% CPU
Optimizing NNI: done in 0.00580861 secs using 98.3% CPU
Optimizing NNI: done in 0.0118567 secs using 98.34% CPU
Optimizing NNI: done in 0.00486773 secs using 98.32% CPU
Optimizing NNI: done in 0.0132499 secs using 27.37% CPU
Optimizing NNI: done in 0.0302406 secs using 98.26% CPU
Optimizing NNI: done in 0.0126808 secs using 98.34% CPU
Optimizing NNI: done in 0.00920672 secs using 98.31% CPU
Optimizing NNI: done in 0.0197812 secs using 98.36% CPU
Optimizing NNI: done in 0.0200013 secs using 98.36% CPU
Optimizing NNI: done in 0.0101725 secs using 98.34% CPU
Optimizing NNI: done in 0.0149661 secs using 98.34% CPU
Optimizing NNI: done in 0.017379 secs using 98.34% CPU
Optimizing NNI: done in 0.0152267 secs using 98.35% CPU
Optimizing NNI: done in 0.0175567 secs using 98.34% CPU
Optimizing NNI: done in 0.0343909 secs using 70.18% CPU
Optimizing NNI: done in 0.00926374 secs using 98.32% CPU
Optimizing NNI: done in 0.00966918 secs using 98.3% CPU
Optimizing NNI: done in 0.0118095 secs using 98.35% CPU
Optimizing NNI: done in 0.0126772 secs using 98.34% CPU
Optimizing NNI: done in 0.00883919 secs using 98.32% CPU
Optimizing NNI: done in 0.0229609 secs using 98.37% CPU
Optimizing NNI: done in 0.0123897 secs using 98.35% CPU
Optimizing NNI: done in 0.00976828 secs using 98.35% CPU
Optimizing NNI: done in 0.010949 secs using 98.34% CPU
Optimizing NNI: done in 0.0107378 secs using 98.32% CPU
Optimizing NNI: done in 0.0117564 secs using 98.35% CPU
Optimizing NNI: done in 0.0228046 secs using 98.37% CPU
Optimizing NNI: done in 0.0103932 secs using 98.36% CPU
Optimizing NNI: done in 0.0132063 secs using 98.36% CPU
Optimizing NNI: done in 0.00748251 secs using 98.32% CPU
Optimizing NNI: done in 0.016154 secs using 98.37% CPU
Optimizing NNI: done in 0.0106825 secs using 98.25% CPU
Optimizing NNI: done in 0.0164649 secs using 98.36% CPU
Optimizing NNI: done in 0.00949762 secs using 98.36% CPU
Optimizing NNI: done in 0.0130505 secs using 98.36% CPU
Optimizing NNI: done in 0.00896746 secs using 98.33% CPU
Optimizing NNI: done in 0.00807588 secs using 98.34% CPU
Optimizing NNI: done in 0.00945178 secs using 98.33% CPU
Optimizing NNI: done in 0.00858835 secs using 98.33% CPU
Optimizing NNI: done in 0.00745832 secs using 98.33% CPU
Optimizing NNI: done in 0.0118195 secs using 98.36% CPU
Optimizing NNI: done in 0.0101454 secs using 98.35% CPU
Optimizing NNI: done in 0.00879559 secs using 98.34% CPU
Optimizing NNI: done in 0.0107238 secs using 98.37% CPU
Optimizing NNI: done in 0.0129377 secs using 98.36% CPU
Optimizing NNI: done in 0.010182 secs using 98.23% CPU
Optimizing NNI: done in 0.00760326 secs using 98.31% CPU
Optimizing NNI: done in 0.00746706 secs using 98.34% CPU
300 samples done
Optimizing NNI: done in 0.00969337 secs using 98.35% CPU
Optimizing NNI: done in 0.00216472 secs using 98.17% CPU
Optimizing NNI: done in 0.00946682 secs using 98.35% CPU
Optimizing NNI: done in 0.00761738 secs using 98.33% CPU
Optimizing NNI: done in 0.00682307 secs using 98.27% CPU
Optimizing NNI: done in 0.0101702 secs using 98.35% CPU
Optimizing NNI: done in 0.00930186 secs using 98.36% CPU
Optimizing NNI: done in 0.0124226 secs using 98.36% CPU
Optimizing NNI: done in 0.00917034 secs using 98.34% CPU
Optimizing NNI: done in 0.0115821 secs using 98.33% CPU
Optimizing NNI: done in 0.00990946 secs using 98.34% CPU
Optimizing NNI: done in 0.00585638 secs using 98.32% CPU
Optimizing NNI: done in 0.00916983 secs using 98.34% CPU
Optimizing NNI: done in 0.00683049 secs using 98.31% CPU
Optimizing NNI: done in 0.0224226 secs using 98.35% CPU
Optimizing NNI: done in 0.0127838 secs using 98.34% CPU
Optimizing NNI: done in 0.0166776 secs using 66.56% CPU
Optimizing NNI: done in 0.010149 secs using 98.18% CPU
Optimizing NNI: done in 0.00757917 secs using 98.27% CPU
Optimizing NNI: done in 0.0105136 secs using 98.07% CPU
Optimizing NNI: done in 0.0183704 secs using 98.28% CPU
Optimizing NNI: done in 0.00955718 secs using 98.32% CPU
Optimizing NNI: done in 0.00741614 secs using 98.29% CPU
Optimizing NNI: done in 0.00790259 secs using 79% CPU
Optimizing NNI: done in 0.0122992 secs using 98.11% CPU
Optimizing NNI: done in 0.011936 secs using 98.37% CPU
Optimizing NNI: done in 0.00776242 secs using 98.18% CPU
Optimizing NNI: done in 0.0105431 secs using 98.34% CPU
Optimizing NNI: done in 0.00745954 secs using 98.33% CPU
Optimizing NNI: done in 0.0107407 secs using 98.34% CPU
Optimizing NNI: done in 0.00780054 secs using 98.35% CPU
Optimizing NNI: done in 0.00987185 secs using 98.34% CPU
Optimizing NNI: done in 0.00670314 secs using 98.24% CPU
Optimizing NNI: done in 0.012181 secs using 98.37% CPU
Optimizing NNI: done in 0.00921709 secs using 98.34% CPU
Optimizing NNI: done in 0.00943003 secs using 98.35% CPU
Optimizing NNI: done in 0.0118471 secs using 98.36% CPU
Optimizing NNI: done in 0.0124247 secs using 18.58% CPU
Optimizing NNI: done in 0.0228826 secs using 98.37% CPU
Optimizing NNI: done in 0.0155866 secs using 98.34% CPU
Optimizing NNI: done in 0.00258856 secs using 98.2% CPU
Optimizing NNI: done in 0.00676849 secs using 98.29% CPU
Optimizing NNI: done in 0.0124594 secs using 88.13% CPU
Optimizing NNI: done in 0.00543742 secs using 80.99% CPU
Optimizing NNI: done in 0.0118369 secs using 97.26% CPU
Optimizing NNI: done in 0.01073 secs using 98.37% CPU
Optimizing NNI: done in 0.0124553 secs using 98.35% CPU
Optimizing NNI: done in 0.00754552 secs
Optimizing NNI: done in 0.00832693 secs using 97.08% CPU
Optimizing NNI: done in 0.010399 secs using 98.23% CPU
Optimizing NNI: done in 0.00631823 secs using 97.75% CPU
Optimizing NNI: done in 0.00985661 secs using 98.33% CPU
Optimizing NNI: done in 0.0073764 secs using 98.29% CPU
Optimizing NNI: done in 0.0198596 secs using 98.37% CPU
Optimizing NNI: done in 0.00576307 secs using 98.28% CPU
Optimizing NNI: done in 0.0070541 secs using 98.33% CPU
Optimizing NNI: done in 0.00519094 secs using 98.31% CPU
Optimizing NNI: done in 0.00913558 secs using 98.35% CPU
Optimizing NNI: done in 0.00895984 secs using 98.36% CPU
Optimizing NNI: done in 0.0116548 secs using 98.35% CPU
Optimizing NNI: done in 0.00989777 secs using 98.35% CPU
Optimizing NNI: done in 0.0056223 secs using 98.25% CPU
Optimizing NNI: done in 0.00841688 secs using 98.25% CPU
Optimizing NNI: done in 0.00974714 secs using 98.33% CPU
Optimizing NNI: done in 0.0108402 secs using 98.07% CPU
Optimizing NNI: done in 0.0144459 secs using 98.31% CPU
Optimizing NNI: done in 0.00698082 secs using 98.27% CPU
Optimizing NNI: done in 0.010913 secs using 98.34% CPU
Optimizing NNI: done in 0.008703 secs using 98.33% CPU
Optimizing NNI: done in 0.0167102 secs using 98.35% CPU
Optimizing NNI: done in 0.00399495 secs using 98.07% CPU
Optimizing NNI: done in 0.0105174 secs using 72% CPU
Optimizing NNI: done in 0.0117161 secs using 97.81% CPU
Optimizing NNI: done in 0.0128682 secs using 98.25% CPU
Optimizing NNI: done in 0.00381687 secs using 98.25% CPU
Optimizing NNI: done in 0.0143182 secs using 98.33% CPU
Optimizing NNI: done in 0.0188714 secs using 98.36% CPU
Optimizing NNI: done in 0.0116841 secs using 98.3% CPU
Optimizing NNI: done in 0.0116162 secs using 98.35% CPU
Optimizing NNI: done in 0.0139268 secs using 98.36% CPU
Optimizing NNI: done in 0.0265972 secs using 62.58% CPU
Optimizing NNI: done in 0.012823 secs using 97.38% CPU
Optimizing NNI: done in 0.0136334 secs using 98.27% CPU
Optimizing NNI: done in 0.0145096 secs using 98.35% CPU
Optimizing NNI: done in 0.00831026 secs using 98.24% CPU
Optimizing NNI: done in 0.012491 secs using 98.35% CPU
Optimizing NNI: done in 0.0106252 secs
Optimizing NNI: done in 0.0179101 secs using 96.68% CPU
Optimizing NNI: done in 0.0112874 secs using 98.29% CPU
Optimizing NNI: done in 0.00335136 secs using 98.29% CPU
Optimizing NNI: done in 0.00730576 secs using 98.31% CPU
Optimizing NNI: done in 0.0122527 secs using 98.3% CPU
Optimizing NNI: done in 0.00318864 secs using 98.26% CPU
Optimizing NNI: done in 0.0100354 secs using 98.34% CPU
Optimizing NNI: done in 0.0117086 secs using 98.36% CPU
Optimizing NNI: done in 0.013675 secs using 98.36% CPU
Optimizing NNI: done in 0.0112118 secs using 98.31% CPU
Optimizing NNI: done in 0.0082752 secs using 98.31% CPU
Optimizing NNI: done in 0.0170005 secs using 98.36% CPU
Optimizing NNI: done in 0.0118853 secs
400 samples done
Optimizing NNI: done in 0.0106665 secs using 98.12% CPU
Optimizing NNI: done in 0.00996811 secs using 98.28% CPU
Optimizing NNI: done in 0.0119388 secs using 98.23% CPU
Optimizing NNI: done in 0.0184458 secs using 98.37% CPU
Optimizing NNI: done in 0.0108213 secs using 98.31% CPU
Optimizing NNI: done in 0.00960058 secs using 98.25% CPU
Optimizing NNI: done in 0.0202538 secs using 98.37% CPU
Optimizing NNI: done in 0.0177797 secs using 98.31% CPU
Optimizing NNI: done in 0.0107129 secs using 98.26% CPU
Optimizing NNI: done in 0.00827052 secs using 95.6% CPU
Optimizing NNI: done in 0.00976815 secs using 95.88% CPU
Optimizing NNI: done in 0.0175867 secs using 98.33% CPU
Optimizing NNI: done in 0.0118452 secs using 98.01% CPU
Optimizing NNI: done in 0.0123962 secs using 73.22% CPU
Optimizing NNI: done in 0.00962412 secs using 95.78% CPU
Optimizing NNI: done in 0.0110753 secs using 98.32% CPU
Optimizing NNI: done in 0.007128 secs using 98.16% CPU
Optimizing NNI: done in 0.0164002 secs using 98.35% CPU
Optimizing NNI: done in 0.0100911 secs using 98.3% CPU
Optimizing NNI: done in 0.0065444 secs
Optimizing NNI: done in 0.00823227 secs using 96.92% CPU
Optimizing NNI: done in 0.014428 secs using 98.34% CPU
Optimizing NNI: done in 0.0145559 secs using 98.33% CPU
Optimizing NNI: done in 0.00992084 secs using 95.55% CPU
Optimizing NNI: done in 0.0139214 secs using 98.28% CPU
Optimizing NNI: done in 0.0130638 secs using 98.34% CPU
Optimizing NNI: done in 0.0205351 secs using 98.34% CPU
Optimizing NNI: done in 0.0117852 secs using 98.33% CPU
Optimizing NNI: done in 0.00776669 secs using 94.69% CPU
Optimizing NNI: done in 0.0108269 secs using 98.33% CPU
Optimizing NNI: done in 0.00874704 secs using 98.34% CPU
Optimizing NNI: done in 0.013923 secs using 98.35% CPU
Optimizing NNI: done in 0.00987459 secs using 98.31% CPU
Optimizing NNI: done in 0.0145784 secs using 98.34% CPU
Optimizing NNI: done in 0.0162934 secs using 98.36% CPU
Optimizing NNI: done in 0.00959728 secs using 98.33% CPU
Optimizing NNI: done in 0.0119793 secs using 98.34% CPU
Optimizing NNI: done in 0.0138677 secs using 98.35% CPU
Optimizing NNI: done in 0.00332237 secs using 98.18% CPU
Optimizing NNI: done in 0.00747911 secs using 98.26% CPU
Optimizing NNI: done in 0.0163668 secs using 98.35% CPU
Optimizing NNI: done in 0.0149157 secs using 98.35% CPU
Optimizing NNI: done in 0.00607445 secs using 98.3% CPU
Optimizing NNI: done in 0.0101515 secs using 98.34% CPU
Optimizing NNI: done in 0.0159104 secs using 98.35% CPU
Optimizing NNI: done in 0.0085726 secs using 98.35% CPU
Optimizing NNI: done in 0.0168019 secs using 98.35% CPU
Optimizing NNI: done in 0.0142513 secs using 98.35% CPU
Optimizing NNI: done in 0.0050267 secs using 98.28% CPU
Optimizing NNI: done in 0.0132359 secs using 98.33% CPU
Optimizing NNI: done in 0.0140565 secs using 98.35% CPU
Optimizing NNI: done in 0.00752994 secs using 98.31% CPU
Optimizing NNI: done in 0.0134688 secs using 98.35% CPU
Optimizing NNI: done in 0.0101238 secs using 98.32% CPU
Optimizing NNI: done in 0.00924027 secs using 98.32% CPU
Optimizing NNI: done in 0.0103764 secs using 98.32% CPU
Optimizing NNI: done in 0.00660143 secs using 98.3% CPU
Optimizing NNI: done in 0.018509 secs using 98.35% CPU
Optimizing NNI: done in 0.00307036 secs using 98.2% CPU
Optimizing NNI: done in 0.00858358 secs using 98.29% CPU
Optimizing NNI: done in 0.00912509 secs using 98.32% CPU
Optimizing NNI: done in 0.00880072 secs using 98.34% CPU
Optimizing NNI: done in 0.0119093 secs using 98.33% CPU
Optimizing NNI: done in 0.00818988 secs using 98.3% CPU
Optimizing NNI: done in 0.00221383 secs using 98.25% CPU
Optimizing NNI: done in 0.00509166 secs using 98.26% CPU
Optimizing NNI: done in 0.0130846 secs using 98.35% CPU
Optimizing NNI: done in 0.00731351 secs using 98.32% CPU
Optimizing NNI: done in 0.00417403 secs
Optimizing NNI: done in 0.0112162 secs using 96.24% CPU
Optimizing NNI: done in 0.0041787 secs using 98.31% CPU
Optimizing NNI: done in 0.00798179 secs using 98.26% CPU
Optimizing NNI: done in 0.0106409 secs using 98.34% CPU
Optimizing NNI: done in 0.010251 secs using 98.33% CPU
Optimizing NNI: done in 0.00849535 secs using 98.32% CPU
Optimizing NNI: done in 0.00637362 secs using 98.33% CPU
Optimizing NNI: done in 0.00721338 secs using 98.23% CPU
Optimizing NNI: done in 0.00982885 secs using 98.32% CPU
Optimizing NNI: done in 0.0128272 secs using 75.08% CPU
Optimizing NNI: done in 0.00846017 secs using 98.32% CPU
Optimizing NNI: done in 0.00587348 secs using 98.31% CPU
Optimizing NNI: done in 0.0028512 secs using 97.82% CPU
Optimizing NNI: done in 0.00784344 secs using 80.18% CPU
Optimizing NNI: done in 0.01167 secs using 97.77% CPU
Optimizing NNI: done in 0.00965329 secs using 98.33% CPU
Optimizing NNI: done in 0.00917409 secs using 98.34% CPU
Optimizing NNI: done in 0.0113023 secs using 62.6% CPU
Optimizing NNI: done in 0.012015 secs using 97.16% CPU
Optimizing NNI: done in 0.011343 secs using 98.34% CPU
Optimizing NNI: done in 0.00572893 secs using 98.31% CPU
Optimizing NNI: done in 0.00467538 secs using 98.3% CPU
Optimizing NNI: done in 0.00432254 secs using 98.28% CPU
Optimizing NNI: done in 0.00658455 secs using 98.34% CPU
Optimizing NNI: done in 0.0080313 secs using 98.32% CPU
Optimizing NNI: done in 0.00996639 secs using 98.32% CPU
Optimizing NNI: done in 0.00658953 secs using 98.29% CPU
Optimizing NNI: done in 0.0142925 secs using 98.36% CPU
Optimizing NNI: done in 0.00537253 secs using 98.28% CPU
Optimizing NNI: done in 0.00608197 secs using 98.32% CPU
Optimizing NNI: done in 0.00612385 secs using 98.29% CPU
500 samples done
Optimizing NNI: done in 0.00742645 secs using 98.34% CPU
Optimizing NNI: done in 0.00835791 secs using 98.34% CPU
Optimizing NNI: done in 0.00762803 secs using 98.35% CPU
Optimizing NNI: done in 0.0120747 secs using 98.34% CPU
Optimizing NNI: done in 0.011711 secs using 98.35% CPU
Optimizing NNI: done in 0.00850805 secs using 98.32% CPU
Optimizing NNI: done in 0.00465648 secs using 98.29% CPU
Optimizing NNI: done in 0.00616513 secs using 98.33% CPU
Optimizing NNI: done in 0.015672 secs using 98.34% CPU
Optimizing NNI: done in 0.00873922 secs using 97.72% CPU
Optimizing NNI: done in 0.0113442 secs using 98.35% CPU
Optimizing NNI: done in 0.009838 secs using 98.34% CPU
Optimizing NNI: done in 0.00842287 secs
Optimizing NNI: done in 0.0126695 secs using 96.93% CPU
Optimizing NNI: done in 0.00962767 secs using 98.34% CPU
Optimizing NNI: done in 0.00911849 secs using 98.34% CPU
Optimizing NNI: done in 0.00503707 secs using 98.31% CPU
Optimizing NNI: done in 0.0114382 secs using 98.35% CPU
Optimizing NNI: done in 0.0142597 secs using 98.35% CPU
Optimizing NNI: done in 0.00809676 secs using 98.31% CPU
Optimizing NNI: done in 0.00633133 secs using 98.35% CPU
Optimizing NNI: done in 0.0136154 secs using 98.31% CPU
Optimizing NNI: done in 0.00463909 secs using 98.27% CPU
Optimizing NNI: done in 0.0052476 secs using 98.27% CPU
Optimizing NNI: done in 0.00823674 secs using 98.33% CPU
Optimizing NNI: done in 0.00865627 secs using 98.33% CPU
Optimizing NNI: done in 0.00610383 secs using 98.32% CPU
Optimizing NNI: done in 0.00246095 secs using 98.17% CPU
Optimizing NNI: done in 0.00868564 secs using 98.32% CPU
Optimizing NNI: done in 0.00622053 secs using 98.3% CPU
Optimizing NNI: done in 0.00949003 secs using 98.35% CPU
Optimizing NNI: done in 0.00769116 secs
Optimizing NNI: done in 0.00866277 secs using 94.7% CPU
Optimizing NNI: done in 0.00251462 secs using 98.27% CPU
Optimizing NNI: done in 0.0139365 secs using 98.34% CPU
Optimizing NNI: done in 0.00772196 secs using 98.33% CPU
Optimizing NNI: done in 0.0132375 secs using 98.35% CPU
Optimizing NNI: done in 0.00930777 secs using 98.33% CPU
Optimizing NNI: done in 0.0117848 secs using 98.34% CPU
Optimizing NNI: done in 0.0112776 secs using 95.85% CPU
Optimizing NNI: done in 0.00484433 secs using 98.28% CPU
Optimizing NNI: done in 0.00912316 secs using 98.34% CPU
Optimizing NNI: done in 0.00659939 secs using 98.33% CPU
Optimizing NNI: done in 0.00791012 secs using 98.32% CPU
Optimizing NNI: done in 0.00253322 secs using 98.21% CPU
Optimizing NNI: done in 0.0120653 secs using 98.35% CPU
Optimizing NNI: done in 0.00926914 secs using 98.33% CPU
Optimizing NNI: done in 0.00687732 secs using 98.22% CPU
Optimizing NNI: done in 0.00916067 secs using 98.32% CPU
Optimizing NNI: done in 0.0209966 secs using 98.34% CPU
Optimizing NNI: done in 0.0109512 secs using 98.32% CPU
Optimizing NNI: done in 0.00723219 secs using 98.31% CPU
Optimizing NNI: done in 0.0160292 secs using 98.35% CPU
Optimizing NNI: done in 0.00481038 secs
Optimizing NNI: done in 0.00880387 secs using 96.13% CPU
Optimizing NNI: done in 0.00655975 secs using 98.31% CPU
Optimizing NNI: done in 0.00629636 secs using 97.95% CPU
Optimizing NNI: done in 0.010746 secs using 98.35% CPU
Optimizing NNI: done in 0.00513435 secs using 69.49% CPU
Optimizing NNI: done in 0.0129416 secs using 97.45% CPU
Optimizing NNI: done in 0.00524556 secs using 98.25% CPU
Optimizing NNI: done in 0.00788502 secs using 98.33% CPU
Optimizing NNI: done in 0.00934192 secs using 98.31% CPU
Optimizing NNI: done in 0.00847929 secs using 98.19% CPU
Optimizing NNI: done in 0.00737522 secs using 98.3% CPU
Optimizing NNI: done in 0.00764308 secs using 98.31% CPU
Optimizing NNI: done in 0.0115273 secs using 98.31% CPU
Optimizing NNI: done in 0.0106689 secs using 98.34% CPU
Optimizing NNI: done in 0.0151712 secs using 98.36% CPU
Optimizing NNI: done in 0.00458257 secs using 98.15% CPU
Optimizing NNI: done in 0.00297593 secs using 98.19% CPU
Optimizing NNI: done in 0.00494985 secs using 98.33% CPU
Optimizing NNI: done in 0.00597249 secs using 98.3% CPU
Optimizing NNI: done in 0.0115567 secs using 98.35% CPU
Optimizing NNI: done in 0.00872885 secs using 98.33% CPU
Optimizing NNI: done in 0.00815196 secs using 98.31% CPU
Optimizing NNI: done in 0.00753563 secs using 98.29% CPU
Optimizing NNI: done in 0.00487117 secs using 98.29% CPU
Optimizing NNI: done in 0.0255359 secs using 98.35% CPU
Optimizing NNI: done in 0.00812329 secs using 98.32% CPU
Optimizing NNI: done in 0.00730132 secs using 98.31% CPU
Optimizing NNI: done in 0.00870394 secs using 98.32% CPU
Optimizing NNI: done in 0.00680138 secs using 98.32% CPU
Optimizing NNI: done in 0.0248072 secs using 98.36% CPU
Optimizing NNI: done in 0.00619054 secs using 98.3% CPU
Optimizing NNI: done in 0.019665 secs using 98.36% CPU
Optimizing NNI: done in 0.0110443 secs using 98.33% CPU
Optimizing NNI: done in 0.00337421 secs using 98.25% CPU
Optimizing NNI: done in 0.0155818 secs using 98.35% CPU
Optimizing NNI: done in 0.0127617 secs using 98.34% CPU
Optimizing NNI: done in 0.0099798 secs using 98.32% CPU
Optimizing NNI: done in 0.0157878 secs using 98.34% CPU
Optimizing NNI: done in 0.017169 secs using 98.36% CPU
Optimizing NNI: done in 0.00776567 secs using 98.33% CPU
Optimizing NNI: done in 0.00976867 secs using 98.32% CPU
Optimizing NNI: done in 0.00979235 secs using 98.29% CPU
Optimizing NNI: done in 0.00826063 secs using 98.3% CPU
Optimizing NNI: done in 0.0114993 secs using 98.34% CPU
Optimizing NNI: done in 0.00821478 secs using 98.3% CPU
Optimizing NNI: done in 0.0148908 secs using 98.35% CPU
600 samples done
Optimizing NNI: done in 0.00719255 secs using 98.34% CPU
Optimizing NNI: done in 0.00842571 secs using 98.33% CPU
Optimizing NNI: done in 0.0124632 secs using 98.34% CPU
Optimizing NNI: done in 0.0106566 secs using 98.32% CPU
Optimizing NNI: done in 0.00875243 secs using 98.29% CPU
Optimizing NNI: done in 0.0174352 secs using 98.32% CPU
Optimizing NNI: done in 0.0076078 secs using 98.28% CPU
Optimizing NNI: done in 0.0111277 secs using 98.34% CPU
Optimizing NNI: done in 0.0139427 secs using 98.34% CPU
Optimizing NNI: done in 0.00976338 secs using 98.32% CPU
Optimizing NNI: done in 0.0142831 secs using 36.24% CPU
Optimizing NNI: done in 0.0104417 secs using 98.33% CPU
Optimizing NNI: done in 0.0133745 secs using 98.34% CPU
Optimizing NNI: done in 0.0103583 secs using 95.12% CPU
Optimizing NNI: done in 0.00972587 secs using 98.34% CPU
Optimizing NNI: done in 0.0090453 secs using 94.71% CPU
Optimizing NNI: done in 0.0216666 secs using 97.55% CPU
Optimizing NNI: done in 0.00997076 secs using 97.94% CPU
Optimizing NNI: done in 0.0114336 secs using 98.35% CPU
Optimizing NNI: done in 0.0125517 secs using 98.35% CPU
Optimizing NNI: done in 0.0093896 secs using 98.27% CPU
Optimizing NNI: done in 0.00848538 secs using 98.32% CPU
Optimizing NNI: done in 0.00793574 secs using 98.34% CPU
Optimizing NNI: done in 0.00902537 secs using 98.32% CPU
Optimizing NNI: done in 0.0108416 secs using 92.77% CPU
Optimizing NNI: done in 0.0143731 secs using 98.34% CPU
Optimizing NNI: done in 0.00761665 secs using 98.32% CPU
Optimizing NNI: done in 0.0146886 secs using 98.35% CPU
Optimizing NNI: done in 0.00557543 secs using 98.31% CPU
Optimizing NNI: done in 0.00943534 secs using 98.33% CPU
Optimizing NNI: done in 0.00617011 secs using 98.3% CPU
Optimizing NNI: done in 0.0117792 secs using 98.33% CPU
Optimizing NNI: done in 0.00653606 secs using 77.19% CPU
Optimizing NNI: done in 0.00834703 secs using 97.65% CPU
Optimizing NNI: done in 0.00974285 secs using 98.07% CPU
Optimizing NNI: done in 0.0093035 secs using 98.33% CPU
Optimizing NNI: done in 0.00767601 secs using 98.33% CPU
Optimizing NNI: done in 0.00534945 secs using 98.29% CPU
Optimizing NNI: done in 0.00573869 secs using 98.25% CPU
Optimizing NNI: done in 0.0121742 secs using 98.35% CPU
Optimizing NNI: done in 0.00721847 secs using 98.32% CPU
Optimizing NNI: done in 0.00786021 secs using 98.32% CPU
Optimizing NNI: done in 0.0166036 secs using 98.35% CPU
Optimizing NNI: done in 0.00947285 secs using 98.32% CPU
Optimizing NNI: done in 0.00486182 secs using 98.26% CPU
Optimizing NNI: done in 0.00856224 secs using 98.32% CPU
Optimizing NNI: done in 0.00741547 secs using 98.32% CPU
Optimizing NNI: done in 0.0146643 secs using 98.35% CPU
Optimizing NNI: done in 0.00834592 secs using 98.32% CPU
Optimizing NNI: done in 0.0134417 secs using 85.41% CPU
Optimizing NNI: done in 0.00741629 secs using 98.31% CPU
Optimizing NNI: done in 0.00576329 secs using 98.31% CPU
Optimizing NNI: done in 0.0084861 secs using 98.31% CPU
Optimizing NNI: done in 0.00700632 secs using 98.3% CPU
Optimizing NNI: done in 0.00775327 secs using 98.32% CPU
Optimizing NNI: done in 0.0236237 secs using 98.36% CPU
Optimizing NNI: done in 0.0214281 secs using 98.36% CPU
Optimizing NNI: done in 0.00304302 secs using 98.16% CPU
Optimizing NNI: done in 0.0170092 secs using 62.97% CPU
Optimizing NNI: done in 0.00614124 secs using 96.07% CPU
Optimizing NNI: done in 0.0192445 secs using 98.34% CPU
Optimizing NNI: done in 0.0108902 secs using 98.32% CPU
Optimizing NNI: done in 0.01881 secs using 98.33% CPU
Optimizing NNI: done in 0.00909257 secs using 85.86% CPU
Optimizing NNI: done in 0.0149148 secs using 96.41% CPU
Optimizing NNI: done in 0.00836289 secs using 98.3% CPU
Optimizing NNI: done in 0.0140821 secs using 98.32% CPU
Optimizing NNI: done in 0.00860778 secs using 98.31% CPU
Optimizing NNI: done in 0.00970056 secs using 98.32% CPU
Optimizing NNI: done in 0.00491163 secs using 98.28% CPU
Optimizing NNI: done in 0.0272864 secs using 98.36% CPU
Optimizing NNI: done in 0.0116928 secs using 98.33% CPU
Optimizing NNI: done in 0.0158276 secs using 37.01% CPU
Optimizing NNI: done in 0.0115518 secs using 98.21% CPU
Optimizing NNI: done in 0.0166671 secs using 98.35% CPU
Optimizing NNI: done in 0.00859954 secs using 98.31% CPU
Optimizing NNI: done in 0.0112276 secs using 98.35% CPU
Optimizing NNI: done in 0.0174527 secs using 98.34% CPU
Optimizing NNI: done in 0.0111001 secs using 98.31% CPU
Optimizing NNI: done in 0.0169119 secs using 98.36% CPU
Optimizing NNI: done in 0.0124269 secs using 98.33% CPU
Optimizing NNI: done in 0.0105784 secs using 98.34% CPU
Optimizing NNI: done in 0.0124865 secs using 98.34% CPU
Optimizing NNI: done in 0.0108283 secs using 98.33% CPU
Optimizing NNI: done in 0.00762153 secs using 98.33% CPU
Optimizing NNI: done in 0.00508495 secs using 98.27% CPU
Optimizing NNI: done in 0.00916708 secs using 98.33% CPU
Optimizing NNI: done in 0.0204117 secs using 59.88% CPU
Optimizing NNI: done in 0.00758229 secs using 97.06% CPU
Optimizing NNI: done in 0.00471493 secs using 98.26% CPU
Optimizing NNI: done in 0.00250212 secs using 98.28% CPU
Optimizing NNI: done in 0.0114895 secs using 98.34% CPU
Optimizing NNI: done in 0.00804827 secs using 98.33% CPU
Optimizing NNI: done in 0.00677383 secs using 98.35% CPU
Optimizing NNI: done in 0.00762407 secs using 98.32% CPU
Optimizing NNI: done in 0.00576176 secs using 98.32% CPU
Optimizing NNI: done in 0.011942 secs using 98.34% CPU
Optimizing NNI: done in 0.0148584 secs using 98.34% CPU
Optimizing NNI: done in 0.00912845 secs using 62.18% CPU
Optimizing NNI: done in 0.00841555 secs using 98.34% CPU
700 samples done
Optimizing NNI: done in 0.0134231 secs using 98.35% CPU
Optimizing NNI: done in 0.0068824 secs using 96.62% CPU
Optimizing NNI: done in 0.0079518 secs using 98.34% CPU
Optimizing NNI: done in 0.0119005 secs using 98.32% CPU
Optimizing NNI: done in 0.00589005 secs using 98.27% CPU
Optimizing NNI: done in 0.0140976 secs using 98.35% CPU
Optimizing NNI: done in 0.0174316 secs using 98.34% CPU
Optimizing NNI: done in 0.00660783 secs using 98.32% CPU
Optimizing NNI: done in 0.015263 secs using 98.36% CPU
Optimizing NNI: done in 0.00984725 secs using 98.33% CPU
Optimizing NNI: done in 0.0132275 secs using 98.29% CPU
Optimizing NNI: done in 0.0062922 secs using 96.95% CPU
Optimizing NNI: done in 0.0106781 secs using 98.3% CPU
Optimizing NNI: done in 0.00844157 secs using 98.35% CPU
Optimizing NNI: done in 0.0101334 secs using 95.34% CPU
Optimizing NNI: done in 0.00620711 secs using 98.32% CPU
Optimizing NNI: done in 0.00771281 secs using 98.33% CPU
Optimizing NNI: done in 0.0145346 secs using 98.36% CPU
Optimizing NNI: done in 0.0065199 secs using 98.31% CPU
Optimizing NNI: done in 0.0086031 secs using 98.3% CPU
Optimizing NNI: done in 0.00231253 secs using 98.25% CPU
Optimizing NNI: done in 0.00875477 secs using 98.31% CPU
Optimizing NNI: done in 0.0072576 secs using 98.2% CPU
Optimizing NNI: done in 0.00798575 secs using 98.26% CPU
Optimizing NNI: done in 0.00351429 secs using 98.2% CPU
Optimizing NNI: done in 0.0177859 secs using 98.34% CPU
Optimizing NNI: done in 0.013507 secs using 98.31% CPU
Optimizing NNI: done in 0.0126167 secs using 98.35% CPU
Optimizing NNI: done in 0.0115967 secs using 98.35% CPU
Optimizing NNI: done in 0.0089409 secs using 98.28% CPU
Optimizing NNI: done in 0.0145335 secs using 98.34% CPU
Optimizing NNI: done in 0.00664087 secs using 98.3% CPU
Optimizing NNI: done in 0.00611298 secs using 98.32% CPU
Optimizing NNI: done in 0.0112934 secs using 43.47% CPU
Optimizing NNI: done in 0.014464 secs using 97.92% CPU
Optimizing NNI: done in 0.0136209 secs using 98.34% CPU
Optimizing NNI: done in 0.0121517 secs using 98.2% CPU
Optimizing NNI: done in 0.0192364 secs using 98.34% CPU
Optimizing NNI: done in 0.00825849 secs using 98.21% CPU
Optimizing NNI: done in 0.00277425 secs using 98.19% CPU
Optimizing NNI: done in 0.00716642 secs using 94.64% CPU
Optimizing NNI: done in 0.0125384 secs using 98.3% CPU
Optimizing NNI: done in 0.0117971 secs using 98.15% CPU
Optimizing NNI: done in 0.00956007 secs using 98.32% CPU
Optimizing NNI: done in 0.00932576 secs using 98.31% CPU
Optimizing NNI: done in 0.0106594 secs using 98.29% CPU
Optimizing NNI: done in 0.0116922 secs using 98.35% CPU
Optimizing NNI: done in 0.00838485 secs using 98.31% CPU
Optimizing NNI: done in 0.00944856 secs using 98.33% CPU
Optimizing NNI: done in 0.0119866 secs using 98.28% CPU
Optimizing NNI: done in 0.00702207 secs using 98.33% CPU
Optimizing NNI: done in 0.00728769 secs using 98.3% CPU
Optimizing NNI: done in 0.00992745 secs using 98.33% CPU
Optimizing NNI: done in 0.00766981 secs using 98.33% CPU
Optimizing NNI: done in 0.0140962 secs using 92.9% CPU
Optimizing NNI: done in 0.0083327 secs
Optimizing NNI: done in 0.0149627 secs using 96.83% CPU
Optimizing NNI: done in 0.00839898 secs using 98.31% CPU
Optimizing NNI: done in 0.0122819 secs using 98.33% CPU
Optimizing NNI: done in 0.0151968 secs using 98.35% CPU
Optimizing NNI: done in 0.0194496 secs using 98.33% CPU
Optimizing NNI: done in 0.0213209 secs using 98.35% CPU
Optimizing NNI: done in 0.00954666 secs using 98.26% CPU
Optimizing NNI: done in 0.0107782 secs using 98.3% CPU
Optimizing NNI: done in 0.0083144 secs using 98.3% CPU
Optimizing NNI: done in 0.00868148 secs using 68.03% CPU
Optimizing NNI: done in 0.0139815 secs using 98.26% CPU
Optimizing NNI: done in 0.0115314 secs using 98.35% CPU
Optimizing NNI: done in 0.00772135 secs using 98.32% CPU
Optimizing NNI: done in 0.0218821 secs using 86.11% CPU
Optimizing NNI: done in 0.00246318 secs using 94.51% CPU
Optimizing NNI: done in 0.00461053 secs using 96.58% CPU
Optimizing NNI: done in 0.0259762 secs using 98.36% CPU
Optimizing NNI: done in 0.0220206 secs using 98.12% CPU
Optimizing NNI: done in 0.0170587 secs using 98.35% CPU
Optimizing NNI: done in 0.00972994 secs using 98.32% CPU
Optimizing NNI: done in 0.0179533 secs using 98.33% CPU
Optimizing NNI: done in 0.0074234 secs using 98.3% CPU
Optimizing NNI: done in 0.0186418 secs using 98.35% CPU
Optimizing NNI: done in 0.0171821 secs using 98.35% CPU
Optimizing NNI: done in 0.0136917 secs using 97.37% CPU
Optimizing NNI: done in 0.016193 secs using 98.34% CPU
Optimizing NNI: done in 0.0174204 secs using 98.35% CPU
Optimizing NNI: done in 0.0164689 secs using 98.35% CPU
Optimizing NNI: done in 0.0172519 secs using 98.35% CPU
Optimizing NNI: done in 0.0118994 secs using 98.32% CPU
Optimizing NNI: done in 0.020958 secs using 98.35% CPU
Optimizing NNI: done in 0.0139131 secs using 98.33% CPU
Optimizing NNI: done in 0.0112798 secs using 98.33% CPU
Optimizing NNI: done in 0.00393117 secs using 98.24% CPU
Optimizing NNI: done in 0.00735702 secs using 98.29% CPU
Optimizing NNI: done in 0.0154465 secs using 98.35% CPU
Optimizing NNI: done in 0.00894496 secs using 96.33% CPU
Optimizing NNI: done in 0.00916393 secs using 98.32% CPU
Optimizing NNI: done in 0.0113558 secs using 98.28% CPU
Optimizing NNI: done in 0.00894649 secs using 98.34% CPU
Optimizing NNI: done in 0.0107344 secs using 98.32% CPU
Optimizing NNI: done in 0.0120893 secs using 97.11% CPU
Optimizing NNI: done in 0.0153295 secs using 98.19% CPU
Optimizing NNI: done in 0.0110671 secs using 98.35% CPU
800 samples done
Optimizing NNI: done in 0.00562534 secs using 98.31% CPU
Optimizing NNI: done in 0.0135843 secs using 98.33% CPU
Optimizing NNI: done in 0.0112102 secs using 98.34% CPU
Optimizing NNI: done in 0.0126771 secs using 98.34% CPU
Optimizing NNI: done in 0.0133513 secs using 25.86% CPU
Optimizing NNI: done in 0.00751733 secs using 98.12% CPU
Optimizing NNI: done in 0.0180961 secs using 98.19% CPU
Optimizing NNI: done in 0.00946777 secs using 98.33% CPU
Optimizing NNI: done in 0.0082222 secs using 98.32% CPU
Optimizing NNI: done in 0.00662908 secs using 98.32% CPU
Optimizing NNI: done in 0.0122559 secs using 98.34% CPU
Optimizing NNI: done in 0.0199791 secs using 98.36% CPU
Optimizing NNI: done in 0.00734635 secs using 98.31% CPU
Optimizing NNI: done in 0.0101784 secs using 98.34% CPU
Optimizing NNI: done in 0.0126534 secs using 98.34% CPU
Optimizing NNI: done in 0.0068194 secs using 98.28% CPU
Optimizing NNI: done in 0.00486016 secs using 98.23% CPU
Optimizing NNI: done in 0.00859287 secs using 98.31% CPU
Optimizing NNI: done in 0.0149635 secs using 98.33% CPU
Optimizing NNI: done in 0.00971026 secs using 98.25% CPU
Optimizing NNI: done in 0.00774137 secs using 98.3% CPU
Optimizing NNI: done in 0.0069838 secs using 98.3% CPU
Optimizing NNI: done in 0.0097191 secs using 98.28% CPU
Optimizing NNI: done in 0.00814521 secs using 98.19% CPU
Optimizing NNI: done in 0.00765413 secs using 98.23% CPU
Optimizing NNI: done in 0.014917 secs using 98.33% CPU
Optimizing NNI: done in 0.00674934 secs using 98.32% CPU
Optimizing NNI: done in 0.00521307 secs using 98.27% CPU
Optimizing NNI: done in 0.0143108 secs using 98.32% CPU
Optimizing NNI: done in 0.0143345 secs using 98.32% CPU
Optimizing NNI: done in 0.00866323 secs using 98.29% CPU
Optimizing NNI: done in 0.00825227 secs using 98.22% CPU
Optimizing NNI: done in 0.011995 secs using 98.32% CPU
Optimizing NNI: done in 0.0126389 secs using 98.32% CPU
Optimizing NNI: done in 0.00768372 secs using 98.31% CPU
Optimizing NNI: done in 0.00933336 secs using 98.32% CPU
Optimizing NNI: done in 0.00279163 secs using 98.19% CPU
Optimizing NNI: done in 0.0126882 secs using 98.33% CPU
Optimizing NNI: done in 0.00521988 secs using 98.3% CPU
Optimizing NNI: done in 0.0054338 secs using 98.29% CPU
Optimizing NNI: done in 0.0064795 secs using 98.31% CPU
Optimizing NNI: done in 0.00750172 secs using 98.32% CPU
Optimizing NNI: done in 0.00535785 secs using 98.3% CPU
Optimizing NNI: done in 0.00691507 secs using 98.29% CPU
Optimizing NNI: done in 0.00848439 secs using 98.32% CPU
Optimizing NNI: done in 0.00284399 secs using 98.21% CPU
Optimizing NNI: done in 0.00954473 secs using 98.33% CPU
Optimizing NNI: done in 0.00867452 secs using 98.32% CPU
Optimizing NNI: done in 0.00770263 secs using 98.3% CPU
Optimizing NNI: done in 0.0104825 secs using 98.33% CPU
Optimizing NNI: done in 0.0103955 secs using 98.19% CPU
Optimizing NNI: done in 0.00621038 secs using 97.68% CPU
Optimizing NNI: done in 0.00337726 secs using 98.04% CPU
Optimizing NNI: done in 0.00498959 secs using 98.3% CPU
Optimizing NNI: done in 0.00528871 secs using 98.27% CPU
Optimizing NNI: done in 0.00962099 secs using 98.32% CPU
Optimizing NNI: done in 0.00561915 secs using 98.29% CPU
Optimizing NNI: done in 0.0111141 secs using 54.46% CPU
Optimizing NNI: done in 0.00789377 secs using 88.84% CPU
Optimizing NNI: done in 0.0110536 secs using 84.11% CPU
Optimizing NNI: done in 0.0105958 secs using 98.11% CPU
Optimizing NNI: done in 0.00556079 secs using 98.28% CPU
Optimizing NNI: done in 0.00676042 secs using 98.31% CPU
Optimizing NNI: done in 0.0111464 secs using 98.32% CPU
Optimizing NNI: done in 0.0176731 secs using 98.34% CPU
Optimizing NNI: done in 0.00647228 secs using 98.3% CPU
Optimizing NNI: done in 0.00617479 secs using 98.29% CPU
Optimizing NNI: done in 0.00858057 secs using 98.3% CPU
Optimizing NNI: done in 0.00319608 secs using 98.15% CPU
Optimizing NNI: done in 0.00529095 secs using 98.28% CPU
Optimizing NNI: done in 0.00513915 secs using 98.28% CPU
Optimizing NNI: done in 0.00256754 secs using 98.27% CPU
Optimizing NNI: done in 0.00925212 secs using 97.89% CPU
Optimizing NNI: done in 0.0126168 secs using 98.33% CPU
Optimizing NNI: done in 0.00519172 secs using 98.18% CPU
Optimizing NNI: done in 0.0114396 secs using 98.33% CPU
Optimizing NNI: done in 0.00915563 secs using 98.28% CPU
Optimizing NNI: done in 0.00322069 secs using 98.12% CPU
Optimizing NNI: done in 0.0143964 secs using 98.34% CPU
Optimizing NNI: done in 0.00804028 secs using 98.23% CPU
Optimizing NNI: done in 0.0142619 secs using 98.31% CPU
Optimizing NNI: done in 0.00804679 secs using 98.24% CPU
Optimizing NNI: done in 0.0135504 secs using 98.34% CPU
Optimizing NNI: done in 0.0103955 secs using 98.33% CPU
Optimizing NNI: done in 0.00812528 secs using 98.32% CPU
Optimizing NNI: done in 0.00636858 secs using 98.26% CPU
Optimizing NNI: done in 0.00560654 secs using 98.31% CPU
Optimizing NNI: done in 0.0103813 secs using 98.25% CPU
Optimizing NNI: done in 0.00238585 secs using 98.25% CPU
Optimizing NNI: done in 0.0110157 secs using 98.33% CPU
Optimizing NNI: done in 0.00701939 secs using 98.31% CPU
Optimizing NNI: done in 0.00546796 secs using 98.28% CPU
Optimizing NNI: done in 0.00418109 secs using 98.3% CPU
Optimizing NNI: done in 0.00896042 secs using 98.32% CPU
Optimizing NNI: done in 0.00679133 secs using 98.3% CPU
Optimizing NNI: done in 0.00748972 secs using 98.32% CPU
Optimizing NNI: done in 0.0166171 secs using 98.33% CPU
Optimizing NNI: done in 0.0105834 secs using 98.31% CPU
Optimizing NNI: done in 0.0163761 secs using 98.34% CPU
Optimizing NNI: done in 0.0126691 secs using 98.31% CPU
900 samples done
Optimizing NNI: done in 0.0140004 secs using 98.33% CPU
Optimizing NNI: done in 0.0102185 secs using 98.26% CPU
Optimizing NNI: done in 0.00926086 secs using 98.1% CPU
Optimizing NNI: done in 0.00844555 secs using 98.34% CPU
Optimizing NNI: done in 0.00725649 secs using 98.31% CPU
Optimizing NNI: done in 0.00723087 secs using 98.3% CPU
Optimizing NNI: done in 0.00629334 secs using 98.29% CPU
Optimizing NNI: done in 0.0068376 secs using 98.28% CPU
Optimizing NNI: done in 0.00602472 secs using 98.33% CPU
Optimizing NNI: done in 0.00687989 secs using 98.3% CPU
Optimizing NNI: done in 0.00574522 secs using 98.29% CPU
Optimizing NNI: done in 0.00870095 secs using 98.32% CPU
Optimizing NNI: done in 0.0129646 secs using 78.5% CPU
Optimizing NNI: done in 0.00983206 secs using 94.74% CPU
Optimizing NNI: done in 0.00759018 secs using 98.31% CPU
Optimizing NNI: done in 0.00756039 secs using 98.32% CPU
Optimizing NNI: done in 0.00226181 secs using 98.24% CPU
Optimizing NNI: done in 0.00948932 secs using 98.32% CPU
Optimizing NNI: done in 0.00465692 secs using 51.99% CPU
Optimizing NNI: done in 0.00926473 secs using 97.11% CPU
Optimizing NNI: done in 0.00769022 secs using 98.31% CPU
Optimizing NNI: done in 0.00642287 secs using 98.29% CPU
Optimizing NNI: done in 0.00634479 secs using 97.01% CPU
Optimizing NNI: done in 0.00711262 secs using 98.33% CPU
Optimizing NNI: done in 0.00602564 secs using 70.76% CPU
Optimizing NNI: done in 0.00503148 secs using 62.84% CPU
Optimizing NNI: done in 0.0101205 secs using 1.097% CPU
Optimizing NNI: done in 0.0145549 secs using 98.27% CPU
Optimizing NNI: done in 0.0103801 secs using 98.32% CPU
Optimizing NNI: done in 0.005932 secs using 98.31% CPU
Optimizing NNI: done in 0.00678757 secs using 98.06% CPU
Optimizing NNI: done in 0.00417743 secs using 98.27% CPU
Optimizing NNI: done in 0.00667583 secs using 98.29% CPU
Optimizing NNI: done in 0.00586337 secs using 98.27% CPU
Optimizing NNI: done in 0.00735491 secs using 98.29% CPU
Optimizing NNI: done in 0.00602584 secs using 98.31% CPU
Optimizing NNI: done in 0.00634814 secs using 98.28% CPU
Optimizing NNI: done in 0.00639471 secs using 98.32% CPU
Optimizing NNI: done in 0.00932553 secs using 98.31% CPU
Optimizing NNI: done in 0.00659978 secs using 98.29% CPU
Optimizing NNI: done in 0.00278522 secs using 98.12% CPU
Optimizing NNI: done in 0.0107496 secs using 98.32% CPU
Optimizing NNI: done in 0.0113131 secs using 97.6% CPU
Optimizing NNI: done in 0.00571665 secs using 98.29% CPU
Optimizing NNI: done in 0.00777136 secs using 98.32% CPU
Optimizing NNI: done in 0.00683597 secs using 98.3% CPU
Optimizing NNI: done in 0.00762393 secs using 98.3% CPU
Optimizing NNI: done in 0.0079075 secs using 98.31% CPU
Optimizing NNI: done in 0.00775204 secs using 98.31% CPU
Optimizing NNI: done in 0.0111576 secs using 98.31% CPU
Optimizing NNI: done in 0.00679601 secs using 98.28% CPU
Optimizing NNI: done in 0.00811267 secs using 98.33% CPU
Optimizing NNI: done in 0.00800632 secs using 98.3% CPU
Optimizing NNI: done in 0.00721714 secs using 98.29% CPU
Optimizing NNI: done in 0.00712899 secs using 98.32% CPU
Optimizing NNI: done in 0.0074337 secs using 98.28% CPU
Optimizing NNI: done in 0.00732573 secs using 98.28% CPU
Optimizing NNI: done in 0.0101472 secs using 98.34% CPU
Optimizing NNI: done in 0.00773791 secs using 98.32% CPU
Optimizing NNI: done in 0.00807282 secs using 98.32% CPU
Optimizing NNI: done in 0.00812162 secs using 98.33% CPU
Optimizing NNI: done in 0.00619329 secs using 98.28% CPU
Optimizing NNI: done in 0.00423721 secs using 98.27% CPU
Optimizing NNI: done in 0.00681706 secs using 98.31% CPU
Optimizing NNI: done in 0.00527855 secs using 98.27% CPU
Optimizing NNI: done in 0.00689402 secs using 98.29% CPU
Optimizing NNI: done in 0.00826986 secs using 98.3% CPU
Optimizing NNI: done in 0.00869973 secs using 98.28% CPU
Optimizing NNI: done in 0.0147275 secs using 98.33% CPU
Optimizing NNI: done in 0.00835435 secs using 98.31% CPU
Optimizing NNI: done in 0.00810027 secs using 98.22% CPU
Optimizing NNI: done in 0.00942293 secs using 98.3% CPU
Optimizing NNI: done in 0.00277567 secs using 98.21% CPU
Optimizing NNI: done in 0.00888996 secs using 98.32% CPU
Optimizing NNI: done in 0.00397378 secs using 98.09% CPU
Optimizing NNI: done in 0.0178638 secs using 98.34% CPU
Optimizing NNI: done in 0.011927 secs using 98.31% CPU
Optimizing NNI: done in 0.011611 secs using 98.32% CPU
Optimizing NNI: done in 0.0150215 secs using 98.33% CPU
Optimizing NNI: done in 0.0167848 secs using 98.33% CPU
Optimizing NNI: done in 0.00845948 secs using 98.27% CPU
Optimizing NNI: done in 0.00839563 secs using 98.3% CPU
Optimizing NNI: done in 0.00701501 secs using 98.3% CPU
Optimizing NNI: done in 0.00597165 secs using 98.3% CPU
Optimizing NNI: done in 0.00515267 secs using 98.3% CPU
Optimizing NNI: done in 0.0136809 secs using 98.32% CPU
Optimizing NNI: done in 0.0154288 secs using 78.17% CPU
Optimizing NNI: done in 0.00837997 secs using 94.74% CPU
Optimizing NNI: done in 0.00444208 secs using 98.2% CPU
Optimizing NNI: done in 0.0106068 secs using 98.32% CPU
Optimizing NNI: done in 0.00898309 secs using 98.28% CPU
Optimizing NNI: done in 0.00239541 secs using 98.23% CPU
Optimizing NNI: done in 0.0072513 secs using 97.83% CPU
Optimizing NNI: done in 0.00872332 secs using 98.32% CPU
Optimizing NNI: done in 0.0132418 secs using 98.3% CPU
Optimizing NNI: done in 0.0149688 secs using 98.34% CPU
Optimizing NNI: done in 0.0109453 secs using 98.33% CPU
Optimizing NNI: done in 0.00516782 secs using 98.3% CPU
Optimizing NNI: done in 0.014801 secs using 98.33% CPU
Optimizing NNI: done in 0.0066313 secs using 98.19% CPU
1000 samples done
Total 1000 ufboot trees refined
TREE SEARCH COMPLETED AFTER 389 ITERATIONS / Time: 0h:1m:19s

--------------------------------------------------------------------
|                    FINALIZING TREE SEARCH                        |
--------------------------------------------------------------------
Performs final model parameters optimization
Estimate model parameters (epsilon = 0.010)
1. Initial log-likelihood: -363.721
Optimal log-likelihood: -363.721
Rate parameters:  A-C: 50.99741  A-G: 100.00000  A-T: 50.99741  C-G: 1.00000  C-T: 100.00000  G-T: 1.00000
Warning! Some parameters hit the boundaries
Base frequencies:  A: 0.250  C: 0.250  G: 0.250  T: 0.250
Rate parameters:  A-C: 1.00000  A-G: 1.00000  A-T: 1.00000  C-G: 1.00000  C-T: 1.00000  G-T: 1.00000
Base frequencies:  A: 0.250  C: 0.250  G: 0.250  T: 0.250
Mixture weights: 0.849 0.151
Gamma shape alpha: 0.405
Parameters optimization took 1 rounds (0.008 sec)
BEST SCORE FOUND : -363.721

Testing tree branches by SH-like aLRT with 1000 replicates...
0.061 sec.
Creating bootstrap support values...
Split supports printed to NEXUS file Yamasaki2015.18S28S.Subsampled.fas.splits.nex
Total tree length: 1.661

Total number of iterations: 389
CPU time used for tree search: 52.347 sec (0h:0m:52s)
Wall-clock time used for tree search: 55.699 sec (0h:0m:55s)
Total CPU time used: 85.045 sec (0h:1m:25s)
Total wall-clock time used: 81.067 sec (0h:1m:21s)
UFBoot trees printed to Yamasaki2015.18S28S.Subsampled.fas.ufboot

Computing bootstrap consensus tree...
Reading input file Yamasaki2015.18S28S.Subsampled.fas.splits.nex...
45 taxa and 3371 splits.
Consensus tree written to Yamasaki2015.18S28S.Subsampled.fas.contree
Reading input trees file Yamasaki2015.18S28S.Subsampled.fas.contree
Log-likelihood of consensus tree: -364.792

Analysis results written to: 
  IQ-TREE report:                Yamasaki2015.18S28S.Subsampled.fas.iqtree
  Maximum-likelihood tree:       Yamasaki2015.18S28S.Subsampled.fas.treefile
  Likelihood distances:          Yamasaki2015.18S28S.Subsampled.fas.mldist

Ultrafast bootstrap approximation results written to:
  Split support values:          Yamasaki2015.18S28S.Subsampled.fas.splits.nex
  Consensus tree:                Yamasaki2015.18S28S.Subsampled.fas.contree
  UFBoot trees:                  Yamasaki2015.18S28S.Subsampled.fas.ufboot
  Screen log file:               Yamasaki2015.18S28S.Subsampled.fas.log

Date and Time: Thu May 22 03:10:39 2025
